[1755163003.338][INFO]: Starting ChromeDriver 139.0.7258.68 (40ff94600b6ed9fa7778a3a2566f254ad85f2147-refs/branch-heads/7258@{#2228}) on port 53175
[1755163003.338][INFO]: Please see https://chromedriver.chromium.org/security-considerations for suggestions on keeping ChromeDriver safe.
[1755163003.346][SEVERE]: CreatePlatformSocket() failed: Address family not supported by protocol (97)
[1755163003.347][INFO]: listen on IPv6 failed with error ERR_ADDRESS_UNREACHABLE
[1755163003.347][INFO]: ChromeDriver was started successfully on port 53175
[1755163003.408][INFO]: [9525ab14013b9f10aa0f81426611405e] COMMAND InitSession {
   "capabilities": {
      "alwaysMatch": {
         "browserName": "chrome",
         "goog:chromeOptions": {
            "args": [ "--headless", "--no-sandbox", "--disable-dev-shm-usage", "--remote-debugging-pipe", "--disable-gpu", "--user-data-dir=/tmp/tmp04yqt95n" ],
            "extensions": [  ]
         },
         "pageLoadStrategy": "eager"
      },
      "firstMatch": [ {
      } ]
   }
}
[1755163003.408][INFO]: Browser search. Trying... /home/jules/.wdm/drivers/chromedriver/linux64/139.0.7258.68/chromedriver-linux64/chrome
[1755163003.408][INFO]: Browser search. Trying... /home/jules/.wdm/drivers/chromedriver/linux64/139.0.7258.68/chromedriver-linux64/chrome
[1755163003.408][INFO]: Browser search. Trying... /home/jules/.wdm/drivers/chromedriver/linux64/139.0.7258.68/chromedriver-linux64/google-chrome
[1755163003.408][INFO]: Browser search. Trying... /home/jules/.wdm/drivers/chromedriver/linux64/139.0.7258.68/chromedriver-linux64/chromium
[1755163003.408][INFO]: Browser search. Trying... /home/jules/.wdm/drivers/chromedriver/linux64/139.0.7258.68/chromedriver-linux64/chromium-browser
[1755163003.408][INFO]: Browser search. Trying... /usr/local/sbin/chrome
[1755163003.408][INFO]: Browser search. Trying... /usr/local/bin/chrome
[1755163003.408][INFO]: Browser search. Trying... /usr/sbin/chrome
[1755163003.408][INFO]: Browser search. Trying... /usr/bin/chrome
[1755163003.408][INFO]: Browser search. Trying... /sbin/chrome
[1755163003.408][INFO]: Browser search. Trying... /bin/chrome
[1755163003.408][INFO]: Browser search. Trying... /opt/google/chrome/chrome
[1755163003.408][INFO]: Browser search. Found at  /opt/google/chrome/chrome
[1755163003.408][INFO]: Populating Preferences file: {
   "alternate_error_pages": {
      "enabled": false
   },
   "autofill": {
      "enabled": false
   },
   "browser": {
      "check_default_browser": false
   },
   "distribution": {
      "import_bookmarks": false,
      "import_history": false,
      "import_search_engine": false,
      "make_chrome_default_for_user": false,
      "skip_first_run_ui": true
   },
   "dns_prefetching": {
      "enabled": false
   },
   "profile": {
      "content_settings": {
         "pattern_pairs": {
            "https://*,*": {
               "media-stream": {
                  "audio": "Default",
                  "video": "Default"
               }
            }
         }
      },
      "default_content_setting_values": {
         "geolocation": 1
      },
      "default_content_settings": {
         "geolocation": 1,
         "mouselock": 1,
         "notifications": 1,
         "popups": 1,
         "ppapi-broker": 1
      },
      "password_manager_enabled": false
   },
   "safebrowsing": {
      "enabled": false
   },
   "search": {
      "suggest_enabled": false
   },
   "translate": {
      "enabled": false
   }
}
[1755163003.409][INFO]: Populating Local State file: {
   "background_mode": {
      "enabled": false
   },
   "ssl": {
      "rev_checking": {
         "enabled": false
      }
   }
}
[1755163003.409][INFO]: Launching chrome: /opt/google/chrome/chrome --allow-pre-commit-input --disable-background-networking --disable-client-side-phishing-detection --disable-default-apps --disable-dev-shm-usage --disable-gpu --disable-hang-monitor --disable-popup-blocking --disable-prompt-on-repost --disable-sync --enable-automation --enable-logging --headless --log-level=0 --no-first-run --no-sandbox --no-service-autorun --password-store=basic --remote-debugging-pipe --test-type=webdriver --use-mock-keychain --user-data-dir=/tmp/tmp04yqt95n
[1755163003.914][INFO]: [9525ab14013b9f10aa0f81426611405e] RESPONSE InitSession {
   "capabilities": {
      "acceptInsecureCerts": false,
      "browserName": "chrome",
      "browserVersion": "139.0.7258.127",
      "chrome": {
         "chromedriverVersion": "139.0.7258.68 (40ff94600b6ed9fa7778a3a2566f254ad85f2147-refs/branch-heads/7258@{#2228})",
         "userDataDir": "/tmp/tmp04yqt95n"
      },
      "fedcm:accounts": true,
      "networkConnectionEnabled": false,
      "pageLoadStrategy": "eager",
      "platformName": "linux",
      "proxy": {
      },
      "setWindowRect": true,
      "strictFileInteractability": false,
      "timeouts": {
         "implicit": 0,
         "pageLoad": 300000,
         "script": 30000
      },
      "unhandledPromptBehavior": "dismiss and notify",
      "webauthn:extension:credBlob": true,
      "webauthn:extension:largeBlob": true,
      "webauthn:extension:minPinLength": true,
      "webauthn:extension:prf": true,
      "webauthn:virtualAuthenticators": true
   },
   "sessionId": "9525ab14013b9f10aa0f81426611405e"
}
[1755163003.915][INFO]: [9525ab14013b9f10aa0f81426611405e] COMMAND Navigate {
   "url": "https://caigou.chinatelecom.com.cn/search"
}
[1755163003.915][INFO]: Waiting for pending navigations...
[1755163003.949][INFO]: Done waiting for pending navigations. Status: ok
[1755163004.643][INFO]: Waiting for pending navigations...
[1755163007.649][INFO]: Done waiting for pending navigations. Status: ok
[1755163007.649][INFO]: [9525ab14013b9f10aa0f81426611405e] RESPONSE Navigate
[1755163007.650][INFO]: [9525ab14013b9f10aa0f81426611405e] COMMAND FindElement {
   "using": "xpath",
   "value": "//input[@placeholder='请输入省份']/ancestor::div[contains(@class, 'el-input-group')]//button"
}
[1755163007.650][INFO]: Waiting for pending navigations...
[1755163007.651][INFO]: Done waiting for pending navigations. Status: ok
[1755163007.679][INFO]: Waiting for pending navigations...
[1755163007.680][INFO]: Done waiting for pending navigations. Status: ok
[1755163007.681][INFO]: [9525ab14013b9f10aa0f81426611405e] RESPONSE FindElement ERROR no such element: Unable to locate element: {"method":"xpath","selector":"//input[@placeholder='请输入省份']/ancestor::div[contains(@class, 'el-input-group')]//button"}
  (Session info: chrome=139.0.7258.127)
[1755163008.183][INFO]: [9525ab14013b9f10aa0f81426611405e] COMMAND FindElement {
   "using": "xpath",
   "value": "//input[@placeholder='请输入省份']/ancestor::div[contains(@class, 'el-input-group')]//button"
}
[1755163008.184][INFO]: Waiting for pending navigations...
[1755163008.263][INFO]: Done waiting for pending navigations. Status: ok
[1755163008.279][INFO]: Waiting for pending navigations...
[1755163008.280][INFO]: Done waiting for pending navigations. Status: ok
[1755163008.280][INFO]: [9525ab14013b9f10aa0f81426611405e] RESPONSE FindElement {
   "element-6066-11e4-a52e-4f735466cecf": "f.495C356B0656AF67333FEFF3EE6D4D65.d.F9059DA95EF9E2AB62B058F1065C4DED.e.7"
}
[1755163008.283][INFO]: [9525ab14013b9f10aa0f81426611405e] COMMAND ExecuteScript {
   "args": [ {
      "element-6066-11e4-a52e-4f735466cecf": "f.495C356B0656AF67333FEFF3EE6D4D65.d.F9059DA95EF9E2AB62B058F1065C4DED.e.7"
   } ],
   "script": "/* isDisplayed */return (function(){return (function(){var g=this||self;\nfunction aa(a){var b=typeof a;if(\"object\"==b)if(a){if(a instanceof Array)return\"array\";if(a instanceof Object)return b;var c=Object.prototype.toString.call(a);if(\"[object Window]\"==c)return\"object\";if(\"[object Array]\"==c||\"number\"==typeof a.length&&\"undefined\"!=typeof a.splice&&\"undefined\"!=typeof a.propertyIsEnumerable&&!a.propertyIsEnumerable(\"splice\"))return\"array\";if(\"[object Function]\"==c||\"undefined\"!=typeof a.call&&\"undefined\"!=typeof a.propertyIsEnumerable&&!a.propertyIsEnumerable(\"call\"))return\"function\"}else return\"null\";else if(\"function\"==\nb&&\"undefined\"==typeof a.call)return\"object\";return b}function ca(a,b){function c(){}c.prototype=b.prototype;a.prototype=new c;a.prototype.constructor=a};var da=Array.prototype.indexOf?function(a,b){return Array.prototype.indexOf.call(a,b,void 0)}:function(a,b){if(\"string\"===typeof a)return\"string\"!==typeof b||1!=b.length?-1:a.indexOf(b,0);for(var c=0;c\u003Ca.length;c++)if(c in a&&a[c]===b)return c;return-1},ea=Array.prototype.some?function(a,b){return Array.prototype.some.call(a,b,void 0)}:function(a,b){for(var c=a.length,e=\"string\"===typeof a?a.split(\"\"):a,d=0;d\u003Cc;d++)if(d in e&&b.call(void 0,e[d],d,a))return!0;return!1},fa=Array.prototype.every?function(a,\nb){return Array.prototype.every.call(a,b,void 0)}:function(a,b){for(var c=a.length,e=\"string\"===typeof a?a.split(\"\"):a,d=0;d\u003Cc;d++)if(d in e&&!b.call(void 0,e[d],d,a))return!1;return!0};var ha={aliceblue:\"#f0f8ff\",antiquewhite:\"#faebd7\",aqua:\"#00ffff\",aquamarine:\"#7fffd4\",azure:\"#f0ffff\",beige:\"#f5f5dc\",bisque:\"#ffe4c4\",black:\"#000000\",blanchedalmond:\"#ffebcd\",blue:\"#0000ff\",blueviolet:\"#8a2be2\",brown:\"#a52a2a\",burlywood:\"#deb887\",cadetblue:\"#5f9ea0\",chartreuse:\"#7fff00\",chocolate:\"#d2691e\",coral:\"#ff7f50\",cornflowerblue:\"#6495ed\",cornsilk:\"#fff8dc\",crimson:\"#dc143c\",cyan:\"#00ffff\",darkblue:\"#00008b\",darkcyan:\"#008b8b\",darkgoldenrod:\"#b8860b\",darkgray:\"#a9a9a9\",darkgreen:\"#006400\",\ndarkgrey:\"#a9a9a9\",darkkhaki:\"#bdb76b\",darkmagenta:\"#8b008b\",darkolivegreen:\"#556b2f\",darkorange:\"#ff8c00\",darkorchid:\"#9932cc\",darkred:\"#8b0000\",darksalmon:\"#e9967a\",darkseagreen:\"#8fbc8f\",darkslateblue:\"#483d8b\",darkslategray:\"#2f4f4f\",darkslategrey:\"#2f4f4f\",darkturquoise:\"#00ced1\",darkviolet:\"#9400d3\",deeppink:\"#ff1493\",deepskyblue:\"#00bfff\",dimgray:\"#696969\",dimgrey:\"#696969\",dodgerblue:\"#1e90ff\",firebrick:\"#b22222\",floralwhite:\"#fffaf0\",forestgreen:\"#228b22\",fuchsia:\"#ff00ff\",gainsboro:\"#dcdcdc\",\nghostwhite:\"#f8f8ff\",gold:\"#ffd700\",goldenrod:\"#daa520\",gray:\"#808080\",green:\"#008000\",greenyellow:\"#adff2f\",grey:\"#808080\",honeydew:\"#f0fff0\",hotpink:\"#ff69b4\",indianred:\"#cd5c5c\",indigo:\"#4b0082\",ivory:\"#fffff0\",khaki:\"#f0e68c\",lavender:\"#e6e6fa\",lavenderblush:\"#fff0f5\",lawngreen:\"#7cfc00\",lemonchiffon:\"#fffacd\",lightblue:\"#add8e6\",lightcoral:\"#f08080\",lightcyan:\"#e0ffff\",lightgoldenrodyellow:\"#fafad2\",lightgray:\"#d3d3d3\",lightgreen:\"#90ee90\",lightgrey:\"#d3d3d3\",lightpink:\"#ffb6c1\",lightsalmon:\"#ffa07a\",\nlightseagreen:\"#20b2aa\",lightskyblue:\"#87cefa\",lightslategray:\"#778899\",lightslategrey:\"#778899\",lightsteelblue:\"#b0c4de\",lightyellow:\"#ffffe0\",lime:\"#00ff00\",limegreen:\"#32cd32\",linen:\"#faf0e6\",magenta:\"#ff00ff\",maroon:\"#800000\",mediumaquamarine:\"#66cdaa\",mediumblue:\"#0000cd\",mediumorchid:\"#ba55d3\",mediumpurple:\"#9370db\",mediumseagreen:\"#3cb371\",mediumslateblue:\"#7b68ee\",mediumspringgreen:\"#00fa9a\",mediumturquoise:\"#48d1cc\",mediumvioletred:\"#c71585\",midnightblue:\"#191970\",mintcream:\"#f5fffa\",mistyrose:\"#ffe4e1\",\nmoccasin:\"#ffe4b5\",navajowhite:\"#ffdead\",navy:\"#000080\",oldlace:\"#fdf5e6\",olive:\"#808000\",olivedrab:\"#6b8e23\",orange:\"#ffa500\",orangered:\"#ff4500\",orchid:\"#da70d6\",palegoldenrod:\"#eee8aa\",palegreen:\"#98fb98\",paleturquoise:\"#afeeee\",palevioletred:\"#db7093\",papayawhip:\"#ffefd5\",peachpuff:\"#ffdab9\",peru:\"#cd853f\",pink:\"#ffc0cb\",plum:\"#dda0dd\",powderblue:\"#b0e0e6\",purple:\"#800080\",red:\"#ff0000\",rosybrown:\"#bc8f8f\",royalblue:\"#4169e1\",saddlebrown:\"#8b4513\",salmon:\"#fa8072\",sandybrown:\"#f4a460\",seagreen:\"#2e8b57\",\nseashell:\"#fff5ee\",sienna:\"#a0522d\",silver:\"#c0c0c0\",skyblue:\"#87ceeb\",slateblue:\"#6a5acd\",slategray:\"#708090\",slategrey:\"#708090\",snow:\"#fffafa\",springgreen:\"#00ff7f\",steelblue:\"#4682b4\",tan:\"#d2b48c\",teal:\"#008080\",thistle:\"#d8bfd8\",tomato:\"#ff6347\",turquoise:\"#40e0d0\",violet:\"#ee82ee\",wheat:\"#f5deb3\",white:\"#ffffff\",whitesmoke:\"#f5f5f5\",yellow:\"#ffff00\",yellowgreen:\"#9acd32\"};var ia=\"backgroundColor borderTopColor borderRightColor borderBottomColor borderLeftColor color outlineColor\".split(\" \"),ja=/#([0-9a-fA-F])([0-9a-fA-F])([0-9a-fA-F])/,ka=/^#(?:[0-9a-f]{3}){1,2}$/i,la=/^(?:rgba)?\\((\\d{1,3}),\\s?(\\d{1,3}),\\s?(\\d{1,3}),\\s?(0|1|0\\.\\d*)\\)$/i,ma=/^(?:rgb)?\\((0|[1-9]\\d{0,2}),\\s?(0|[1-9]\\d{0,2}),\\s?(0|[1-9]\\d{0,2})\\)$/i;function m(a,b){this.code=a;this.a=p[a]||r;this.message=b||\"\";a=this.a.replace(/((?:^|\\s+)[a-z])/g,function(c){return c.toUpperCase().replace(/^[\\s\\xa0]+/g,\"\")});b=a.length-5;if(0>b||a.indexOf(\"Error\",b)!=b)a+=\"Error\";this.name=a;a=Error(this.message);a.name=this.name;this.stack=a.stack||\"\"}ca(m,Error);var r=\"unknown error\",p={15:\"element not selectable\",11:\"element not visible\"};p[31]=r;p[30]=r;p[24]=\"invalid cookie domain\";p[29]=\"invalid element coordinates\";p[12]=\"invalid element state\";\np[32]=\"invalid selector\";p[51]=\"invalid selector\";p[52]=\"invalid selector\";p[17]=\"javascript error\";p[405]=\"unsupported operation\";p[34]=\"move target out of bounds\";p[27]=\"no such alert\";p[7]=\"no such element\";p[8]=\"no such frame\";p[23]=\"no such window\";p[28]=\"script timeout\";p[33]=\"session not created\";p[10]=\"stale element reference\";p[21]=\"timeout\";p[25]=\"unable to set cookie\";p[26]=\"unexpected alert open\";p[13]=r;p[9]=\"unknown command\";var u=String.prototype.trim?function(a){return a.trim()}:function(a){return/^[\\s\\xa0]*([\\s\\S]*?)[\\s\\xa0]*$/.exec(a)[1]};\nfunction na(a,b){var c=0;a=u(String(a)).split(\".\");b=u(String(b)).split(\".\");for(var e=Math.max(a.length,b.length),d=0;0==c&&d\u003Ce;d++){var f=a[d]||\"\",h=b[d]||\"\";do{f=/(\\d*)(\\D*)(.*)/.exec(f)||[\"\",\"\",\"\",\"\"];h=/(\\d*)(\\D*)(.*)/.exec(h)||[\"\",\"\",\"\",\"\"];if(0==f[0].length&&0==h[0].length)break;c=v(0==f[1].length?0:parseInt(f[1],10),0==h[1].length?0:parseInt(h[1],10))||v(0==f[2].length,0==h[2].length)||v(f[2],h[2]);f=f[3];h=h[3]}while(0==c)}return c}function v(a,b){return a\u003Cb?-1:a>b?1:0};var w;a:{var oa=g.navigator;if(oa){var sa=oa.userAgent;if(sa){w=sa;break a}}w=\"\"}function x(a){return-1!=w.indexOf(a)};function y(){return x(\"Firefox\")||x(\"FxiOS\")}function A(){return(x(\"Chrome\")||x(\"CriOS\"))&&!x(\"Edge\")};function ta(a){return String(a).replace(/\\-([a-z])/g,function(b,c){return c.toUpperCase()})};function B(){return x(\"iPhone\")&&!x(\"iPod\")&&!x(\"iPad\")};function ua(a,b){var c=va;return Object.prototype.hasOwnProperty.call(c,a)?c[a]:c[a]=b(a)};var wa=x(\"Opera\"),C=x(\"Trident\")||x(\"MSIE\"),xa=x(\"Edge\"),ya=x(\"Gecko\")&&!(-1!=w.toLowerCase().indexOf(\"webkit\")&&!x(\"Edge\"))&&!(x(\"Trident\")||x(\"MSIE\"))&&!x(\"Edge\"),za=-1!=w.toLowerCase().indexOf(\"webkit\")&&!x(\"Edge\");function Aa(){var a=g.document;return a?a.documentMode:void 0}var E;\na:{var F=\"\",G=function(){var a=w;if(ya)return/rv:([^\\);]+)(\\)|;)/.exec(a);if(xa)return/Edge\\/([\\d\\.]+)/.exec(a);if(C)return/\\b(?:MSIE|rv)[: ]([^\\);]+)(\\)|;)/.exec(a);if(za)return/WebKit\\/(\\S+)/.exec(a);if(wa)return/(?:Version)[ \\/]?(\\S+)/.exec(a)}();G&&(F=G?G[1]:\"\");if(C){var H=Aa();if(null!=H&&H>parseFloat(F)){E=String(H);break a}}E=F}var va={};function Ba(a){return ua(a,function(){return 0\u003C=na(E,a)})}var I;I=g.document&&C?Aa():void 0;var Ca=y(),Da=B()||x(\"iPod\"),Ea=x(\"iPad\"),Fa=x(\"Android\")&&!(A()||y()||x(\"Opera\")||x(\"Silk\")),Ga=A(),Ha=x(\"Safari\")&&!(A()||x(\"Coast\")||x(\"Opera\")||x(\"Edge\")||x(\"Edg/\")||x(\"OPR\")||y()||x(\"Silk\")||x(\"Android\"))&&!(B()||x(\"iPad\")||x(\"iPod\"));function J(a){return(a=a.exec(w))?a[1]:\"\"}(function(){if(Ca)return J(/Firefox\\/([0-9.]+)/);if(C||xa||wa)return E;if(Ga)return B()||x(\"iPad\")||x(\"iPod\")?J(/CriOS\\/([0-9.]+)/):J(/Chrome\\/([0-9.]+)/);if(Ha&&!(B()||x(\"iPad\")||x(\"iPod\")))return J(/Version\\/([0-9.]+)/);if(Da||Ea){var a=/Version\\/(\\S+).*Mobile\\/(\\S+)/.exec(w);if(a)return a[1]+\".\"+a[2]}else if(Fa)return(a=J(/Android\\s+([0-9.]+)/))?a:J(/Version\\/([0-9.]+)/);return\"\"})();var K;if(K=C)K=!(9\u003C=Number(I));var Ia=K;function L(a,b){this.x=void 0!==a?a:0;this.y=void 0!==b?b:0}L.prototype.ceil=function(){this.x=Math.ceil(this.x);this.y=Math.ceil(this.y);return this};L.prototype.floor=function(){this.x=Math.floor(this.x);this.y=Math.floor(this.y);return this};L.prototype.round=function(){this.x=Math.round(this.x);this.y=Math.round(this.y);return this};function M(a,b){this.width=a;this.height=b}M.prototype.aspectRatio=function(){return this.width/this.height};M.prototype.ceil=function(){this.width=Math.ceil(this.width);this.height=Math.ceil(this.height);return this};M.prototype.floor=function(){this.width=Math.floor(this.width);this.height=Math.floor(this.height);return this};M.prototype.round=function(){this.width=Math.round(this.width);this.height=Math.round(this.height);return this};function N(a){return 9==a.nodeType?a:a.ownerDocument||a.document}function Ja(a,b){a&&(a=a.parentNode);for(var c=0;a;){if(b(a))return a;a=a.parentNode;c++}return null}function Ka(a){this.a=a||g.document||document};function P(a,b){b&&\"string\"!==typeof b&&(b=b.toString());return a instanceof HTMLFormElement?!!a&&1==a.nodeType&&(!b||\"FORM\"==b):!!a&&1==a.nodeType&&(!b||a.tagName.toUpperCase()==b)};function Q(a,b,c,e){this.f=a;this.a=b;this.b=c;this.c=e}Q.prototype.ceil=function(){this.f=Math.ceil(this.f);this.a=Math.ceil(this.a);this.b=Math.ceil(this.b);this.c=Math.ceil(this.c);return this};Q.prototype.floor=function(){this.f=Math.floor(this.f);this.a=Math.floor(this.a);this.b=Math.floor(this.b);this.c=Math.floor(this.c);return this};Q.prototype.round=function(){this.f=Math.round(this.f);this.a=Math.round(this.a);this.b=Math.round(this.b);this.c=Math.round(this.c);return this};function R(a,b,c,e){this.a=a;this.b=b;this.width=c;this.height=e}R.prototype.ceil=function(){this.a=Math.ceil(this.a);this.b=Math.ceil(this.b);this.width=Math.ceil(this.width);this.height=Math.ceil(this.height);return this};R.prototype.floor=function(){this.a=Math.floor(this.a);this.b=Math.floor(this.b);this.width=Math.floor(this.width);this.height=Math.floor(this.height);return this};\nR.prototype.round=function(){this.a=Math.round(this.a);this.b=Math.round(this.b);this.width=Math.round(this.width);this.height=Math.round(this.height);return this};var La=\"function\"===typeof ShadowRoot;function S(a){for(a=a.parentNode;a&&1!=a.nodeType&&9!=a.nodeType&&11!=a.nodeType;)a=a.parentNode;return P(a)?a:null}\nfunction T(a,b){b=ta(b);if(\"float\"==b||\"cssFloat\"==b||\"styleFloat\"==b)b=Ia?\"styleFloat\":\"cssFloat\";a:{var c=b;var e=N(a);if(e.defaultView&&e.defaultView.getComputedStyle&&(e=e.defaultView.getComputedStyle(a,null))){c=e[c]||e.getPropertyValue(c)||\"\";break a}c=\"\"}a=c||Ma(a,b);if(null===a)a=null;else if(0\u003C=da(ia,b)){b:{var d=a.match(la);if(d&&(b=Number(d[1]),c=Number(d[2]),e=Number(d[3]),d=Number(d[4]),0\u003C=b&&255>=b&&0\u003C=c&&255>=c&&0\u003C=e&&255>=e&&0\u003C=d&&1>=d)){b=[b,c,e,d];break b}b=null}if(!b)b:{if(e=a.match(ma))if(b=\nNumber(e[1]),c=Number(e[2]),e=Number(e[3]),0\u003C=b&&255>=b&&0\u003C=c&&255>=c&&0\u003C=e&&255>=e){b=[b,c,e,1];break b}b=null}if(!b)b:{b=a.toLowerCase();c=ha[b.toLowerCase()];if(!c&&(c=\"#\"==b.charAt(0)?b:\"#\"+b,4==c.length&&(c=c.replace(ja,\"#$1$1$2$2$3$3\")),!ka.test(c))){b=null;break b}b=[parseInt(c.substr(1,2),16),parseInt(c.substr(3,2),16),parseInt(c.substr(5,2),16),1]}a=b?\"rgba(\"+b.join(\", \")+\")\":a}return a}\nfunction Ma(a,b){var c=a.currentStyle||a.style,e=c[b];void 0===e&&\"function\"==aa(c.getPropertyValue)&&(e=c.getPropertyValue(b));return\"inherit\"!=e?void 0!==e?e:null:(a=S(a))?Ma(a,b):null}\nfunction U(a,b,c){function e(h){var n=V(h);return 0\u003Cn.height&&0\u003Cn.width?!0:P(h,\"PATH\")&&(0\u003Cn.height||0\u003Cn.width)?(h=T(h,\"stroke-width\"),!!h&&0\u003CparseInt(h,10)):\"hidden\"!=T(h,\"overflow\")&&ea(h.childNodes,function(D){return 3==D.nodeType||P(D)&&e(D)})}function d(h){return Na(h)==W&&fa(h.childNodes,function(n){return!P(n)||d(n)||!e(n)})}if(!P(a))throw Error(\"Argument to isShown must be of type Element\");if(P(a,\"BODY\"))return!0;if(P(a,\"OPTION\")||P(a,\"OPTGROUP\"))return a=Ja(a,function(h){return P(h,\"SELECT\")}),\n!!a&&U(a,!0,c);var f=Oa(a);if(f)return!!f.image&&0\u003Cf.rect.width&&0\u003Cf.rect.height&&U(f.image,b,c);if(P(a,\"INPUT\")&&\"hidden\"==a.type.toLowerCase()||P(a,\"NOSCRIPT\"))return!1;f=T(a,\"visibility\");return\"collapse\"!=f&&\"hidden\"!=f&&c(a)&&(b||0!=Pa(a))&&e(a)?!d(a):!1}var W=\"hidden\";\nfunction Na(a){function b(k){function l(ba){if(ba==h)return!0;var pa=T(ba,\"display\");return 0==pa.lastIndexOf(\"inline\",0)||\"contents\"==pa||\"absolute\"==qa&&\"static\"==T(ba,\"position\")?!1:!0}var qa=T(k,\"position\");if(\"fixed\"==qa)return ra=!0,k==h?null:h;for(k=S(k);k&&!l(k);)k=S(k);return k}function c(k){var l=k;if(\"visible\"==D)if(k==h&&n)l=n;else if(k==n)return{x:\"visible\",y:\"visible\"};l={x:T(l,\"overflow-x\"),y:T(l,\"overflow-y\")};k==h&&(l.x=\"visible\"==l.x?\"auto\":l.x,l.y=\"visible\"==l.y?\"auto\":l.y);return l}\nfunction e(k){if(k==h){var l=(new Ka(f)).a;k=l.scrollingElement?l.scrollingElement:za||\"CSS1Compat\"!=l.compatMode?l.body||l.documentElement:l.documentElement;l=l.parentWindow||l.defaultView;k=C&&Ba(\"10\")&&l.pageYOffset!=k.scrollTop?new L(k.scrollLeft,k.scrollTop):new L(l.pageXOffset||k.scrollLeft,l.pageYOffset||k.scrollTop)}else k=new L(k.scrollLeft,k.scrollTop);return k}var d=Qa(a),f=N(a),h=f.documentElement,n=f.body,D=T(h,\"overflow\"),ra;for(a=b(a);a;a=b(a)){var q=c(a);if(\"visible\"!=q.x||\"visible\"!=\nq.y){var t=V(a);if(0==t.width||0==t.height)return W;var z=d.a\u003Ct.a,O=d.b\u003Ct.b;if(z&&\"hidden\"==q.x||O&&\"hidden\"==q.y)return W;if(z&&\"visible\"!=q.x||O&&\"visible\"!=q.y){z=e(a);O=d.b\u003Ct.b-z.y;if(d.a\u003Ct.a-z.x&&\"visible\"!=q.x||O&&\"visible\"!=q.x)return W;d=Na(a);return d==W?W:\"scroll\"}z=d.c>=t.a+t.width;t=d.f>=t.b+t.height;if(z&&\"hidden\"==q.x||t&&\"hidden\"==q.y)return W;if(z&&\"visible\"!=q.x||t&&\"visible\"!=q.y){if(ra&&(q=e(a),d.c>=h.scrollWidth-q.x||d.a>=h.scrollHeight-q.y))return W;d=Na(a);return d==W?W:\"scroll\"}}}return\"none\"}\nfunction V(a){var b=Oa(a);if(b)return b.rect;if(P(a,\"HTML\"))return a=N(a),a=((a?a.parentWindow||a.defaultView:window)||window).document,a=\"CSS1Compat\"==a.compatMode?a.documentElement:a.body,a=new M(a.clientWidth,a.clientHeight),new R(0,0,a.width,a.height);try{var c=a.getBoundingClientRect()}catch(e){return new R(0,0,0,0)}b=new R(c.left,c.top,c.right-c.left,c.bottom-c.top);C&&a.ownerDocument.body&&(a=N(a),b.a-=a.documentElement.clientLeft+a.body.clientLeft,b.b-=a.documentElement.clientTop+a.body.clientTop);\nreturn b}\nfunction Oa(a){var b=P(a,\"MAP\");if(!b&&!P(a,\"AREA\"))return null;var c=b?a:P(a.parentNode,\"MAP\")?a.parentNode:null,e=null,d=null;if(c&&c.name){e='*[usemap=\"#'+c.name+'\"]';c=N(c);var f;if(f=\"function\"!=aa(c.querySelector)&&C&&(C?0\u003C=na(I,8):Ba(8))){f=c.querySelector;var h=typeof f;f=!(\"object\"==h&&null!=f||\"function\"==h)}if(f)throw Error(\"CSS selection is not supported\");if(!e)throw new m(32,\"No selector specified\");e=u(e);try{var n=c.querySelector(e)}catch(D){throw new m(32,\"An invalid or illegal selector was specified\");}if(e=\nn&&1==n.nodeType?n:null)d=V(e),b||\"default\"==a.shape.toLowerCase()||(a=Ra(a),b=Math.min(Math.max(a.a,0),d.width),n=Math.min(Math.max(a.b,0),d.height),d=new R(b+d.a,n+d.b,Math.min(a.width,d.width-b),Math.min(a.height,d.height-n)))}return{image:e,rect:d||new R(0,0,0,0)}}\nfunction Ra(a){var b=a.shape.toLowerCase();a=a.coords.split(\",\");if(\"rect\"==b&&4==a.length){b=a[0];var c=a[1];return new R(b,c,a[2]-b,a[3]-c)}if(\"circle\"==b&&3==a.length)return b=a[2],new R(a[0]-b,a[1]-b,2*b,2*b);if(\"poly\"==b&&2\u003Ca.length){b=a[0];c=a[1];for(var e=b,d=c,f=2;f+1\u003Ca.length;f+=2)b=Math.min(b,a[f]),e=Math.max(e,a[f]),c=Math.min(c,a[f+1]),d=Math.max(d,a[f+1]);return new R(b,c,e-b,d-c)}return new R(0,0,0,0)}function Qa(a){a=V(a);return new Q(a.b,a.a+a.width,a.b+a.height,a.a)}\nfunction Pa(a){if(Ia){if(\"relative\"==T(a,\"position\"))return 1;a=T(a,\"filter\");return(a=a.match(/^alpha\\(opacity=(\\d*)\\)/)||a.match(/^progid:DXImageTransform.Microsoft.Alpha\\(Opacity=(\\d*)\\)/))?Number(a[1])/100:1}return Sa(a)}function Sa(a){var b=1,c=T(a,\"opacity\");c&&(b=Number(c));(a=S(a))&&(b*=Sa(a));return b};function Ta(a,b){function c(e){if(P(e)&&(\"none\"==T(e,\"display\")||\"hidden\"==T(e,\"content-visibility\")))return!1;var d;if((d=e.parentNode)&&d.shadowRoot&&void 0!==e.assignedSlot)d=e.assignedSlot?e.assignedSlot.parentNode:null;else if(e.getDestinationInsertionPoints){var f=e.getDestinationInsertionPoints();0\u003Cf.length&&(d=f[f.length-1])}if(La&&d instanceof ShadowRoot){if(d.host.shadowRoot&&d.host.shadowRoot!==d)return!1;d=d.host}return!d||9!=d.nodeType&&11!=d.nodeType?d&&P(d,\"DETAILS\")&&!d.open&&!P(e,\n\"SUMMARY\")?!1:!!d&&c(d):!0}return U(a,!!b,c)}var X=[\"se_exportedFunctionSymbol\"],Y=g;X[0]in Y||\"undefined\"==typeof Y.execScript||Y.execScript(\"var \"+X[0]);for(var Z;X.length&&(Z=X.shift());)X.length||void 0===Ta?Y[Z]&&Y[Z]!==Object.prototype[Z]?Y=Y[Z]:Y=Y[Z]={}:Y[Z]=Ta;; return this.se_exportedFunctionSymbol.apply(null,arguments);}).apply(window, arguments);}\n).apply(null, arguments);"
}
[1755163008.283][INFO]: Waiting for pending navigations...
[1755163008.284][INFO]: Done waiting for pending navigations. Status: ok
[1755163008.296][INFO]: Waiting for pending navigations...
[1755163008.297][INFO]: Done waiting for pending navigations. Status: ok
[1755163008.297][INFO]: [9525ab14013b9f10aa0f81426611405e] RESPONSE ExecuteScript true
[1755163008.299][INFO]: [9525ab14013b9f10aa0f81426611405e] COMMAND IsElementEnabled {
   "id": "f.495C356B0656AF67333FEFF3EE6D4D65.d.F9059DA95EF9E2AB62B058F1065C4DED.e.7"
}
[1755163008.299][INFO]: Waiting for pending navigations...
[1755163008.299][INFO]: Done waiting for pending navigations. Status: ok
[1755163008.309][INFO]: Waiting for pending navigations...
[1755163008.309][INFO]: Done waiting for pending navigations. Status: ok
[1755163008.309][INFO]: [9525ab14013b9f10aa0f81426611405e] RESPONSE IsElementEnabled true
[1755163008.311][INFO]: [9525ab14013b9f10aa0f81426611405e] COMMAND ExecuteScript {
   "args": [ {
      "element-6066-11e4-a52e-4f735466cecf": "f.495C356B0656AF67333FEFF3EE6D4D65.d.F9059DA95EF9E2AB62B058F1065C4DED.e.7"
   } ],
   "script": "arguments[0].click();"
}
[1755163008.311][INFO]: Waiting for pending navigations...
[1755163008.313][INFO]: Done waiting for pending navigations. Status: ok
[1755163008.351][INFO]: Waiting for pending navigations...
[1755163008.354][INFO]: Done waiting for pending navigations. Status: ok
[1755163008.354][INFO]: [9525ab14013b9f10aa0f81426611405e] RESPONSE ExecuteScript null
[1755163008.356][INFO]: [9525ab14013b9f10aa0f81426611405e] COMMAND FindElement {
   "using": "xpath",
   "value": "//div[@aria-label='选择省份']//span[normalize-space()='天津']"
}
[1755163008.356][INFO]: Waiting for pending navigations...
[1755163008.356][INFO]: Done waiting for pending navigations. Status: ok
[1755163008.378][INFO]: Waiting for pending navigations...
[1755163008.380][INFO]: Done waiting for pending navigations. Status: ok
[1755163008.380][INFO]: [9525ab14013b9f10aa0f81426611405e] RESPONSE FindElement ERROR no such element: Unable to locate element: {"method":"xpath","selector":"//div[@aria-label='选择省份']//span[normalize-space()='天津']"}
  (Session info: chrome=139.0.7258.127)
[1755163008.882][INFO]: [9525ab14013b9f10aa0f81426611405e] COMMAND FindElement {
   "using": "xpath",
   "value": "//div[@aria-label='选择省份']//span[normalize-space()='天津']"
}
[1755163008.882][INFO]: Waiting for pending navigations...
[1755163008.883][INFO]: Done waiting for pending navigations. Status: ok
[1755163008.894][INFO]: Waiting for pending navigations...
[1755163008.895][INFO]: Done waiting for pending navigations. Status: ok
[1755163008.895][INFO]: [9525ab14013b9f10aa0f81426611405e] RESPONSE FindElement {
   "element-6066-11e4-a52e-4f735466cecf": "f.495C356B0656AF67333FEFF3EE6D4D65.d.F9059DA95EF9E2AB62B058F1065C4DED.e.22"
}
[1755163008.898][INFO]: [9525ab14013b9f10aa0f81426611405e] COMMAND ExecuteScript {
   "args": [ {
      "element-6066-11e4-a52e-4f735466cecf": "f.495C356B0656AF67333FEFF3EE6D4D65.d.F9059DA95EF9E2AB62B058F1065C4DED.e.22"
   } ],
   "script": "/* isDisplayed */return (function(){return (function(){var g=this||self;\nfunction aa(a){var b=typeof a;if(\"object\"==b)if(a){if(a instanceof Array)return\"array\";if(a instanceof Object)return b;var c=Object.prototype.toString.call(a);if(\"[object Window]\"==c)return\"object\";if(\"[object Array]\"==c||\"number\"==typeof a.length&&\"undefined\"!=typeof a.splice&&\"undefined\"!=typeof a.propertyIsEnumerable&&!a.propertyIsEnumerable(\"splice\"))return\"array\";if(\"[object Function]\"==c||\"undefined\"!=typeof a.call&&\"undefined\"!=typeof a.propertyIsEnumerable&&!a.propertyIsEnumerable(\"call\"))return\"function\"}else return\"null\";else if(\"function\"==\nb&&\"undefined\"==typeof a.call)return\"object\";return b}function ca(a,b){function c(){}c.prototype=b.prototype;a.prototype=new c;a.prototype.constructor=a};var da=Array.prototype.indexOf?function(a,b){return Array.prototype.indexOf.call(a,b,void 0)}:function(a,b){if(\"string\"===typeof a)return\"string\"!==typeof b||1!=b.length?-1:a.indexOf(b,0);for(var c=0;c\u003Ca.length;c++)if(c in a&&a[c]===b)return c;return-1},ea=Array.prototype.some?function(a,b){return Array.prototype.some.call(a,b,void 0)}:function(a,b){for(var c=a.length,e=\"string\"===typeof a?a.split(\"\"):a,d=0;d\u003Cc;d++)if(d in e&&b.call(void 0,e[d],d,a))return!0;return!1},fa=Array.prototype.every?function(a,\nb){return Array.prototype.every.call(a,b,void 0)}:function(a,b){for(var c=a.length,e=\"string\"===typeof a?a.split(\"\"):a,d=0;d\u003Cc;d++)if(d in e&&!b.call(void 0,e[d],d,a))return!1;return!0};var ha={aliceblue:\"#f0f8ff\",antiquewhite:\"#faebd7\",aqua:\"#00ffff\",aquamarine:\"#7fffd4\",azure:\"#f0ffff\",beige:\"#f5f5dc\",bisque:\"#ffe4c4\",black:\"#000000\",blanchedalmond:\"#ffebcd\",blue:\"#0000ff\",blueviolet:\"#8a2be2\",brown:\"#a52a2a\",burlywood:\"#deb887\",cadetblue:\"#5f9ea0\",chartreuse:\"#7fff00\",chocolate:\"#d2691e\",coral:\"#ff7f50\",cornflowerblue:\"#6495ed\",cornsilk:\"#fff8dc\",crimson:\"#dc143c\",cyan:\"#00ffff\",darkblue:\"#00008b\",darkcyan:\"#008b8b\",darkgoldenrod:\"#b8860b\",darkgray:\"#a9a9a9\",darkgreen:\"#006400\",\ndarkgrey:\"#a9a9a9\",darkkhaki:\"#bdb76b\",darkmagenta:\"#8b008b\",darkolivegreen:\"#556b2f\",darkorange:\"#ff8c00\",darkorchid:\"#9932cc\",darkred:\"#8b0000\",darksalmon:\"#e9967a\",darkseagreen:\"#8fbc8f\",darkslateblue:\"#483d8b\",darkslategray:\"#2f4f4f\",darkslategrey:\"#2f4f4f\",darkturquoise:\"#00ced1\",darkviolet:\"#9400d3\",deeppink:\"#ff1493\",deepskyblue:\"#00bfff\",dimgray:\"#696969\",dimgrey:\"#696969\",dodgerblue:\"#1e90ff\",firebrick:\"#b22222\",floralwhite:\"#fffaf0\",forestgreen:\"#228b22\",fuchsia:\"#ff00ff\",gainsboro:\"#dcdcdc\",\nghostwhite:\"#f8f8ff\",gold:\"#ffd700\",goldenrod:\"#daa520\",gray:\"#808080\",green:\"#008000\",greenyellow:\"#adff2f\",grey:\"#808080\",honeydew:\"#f0fff0\",hotpink:\"#ff69b4\",indianred:\"#cd5c5c\",indigo:\"#4b0082\",ivory:\"#fffff0\",khaki:\"#f0e68c\",lavender:\"#e6e6fa\",lavenderblush:\"#fff0f5\",lawngreen:\"#7cfc00\",lemonchiffon:\"#fffacd\",lightblue:\"#add8e6\",lightcoral:\"#f08080\",lightcyan:\"#e0ffff\",lightgoldenrodyellow:\"#fafad2\",lightgray:\"#d3d3d3\",lightgreen:\"#90ee90\",lightgrey:\"#d3d3d3\",lightpink:\"#ffb6c1\",lightsalmon:\"#ffa07a\",\nlightseagreen:\"#20b2aa\",lightskyblue:\"#87cefa\",lightslategray:\"#778899\",lightslategrey:\"#778899\",lightsteelblue:\"#b0c4de\",lightyellow:\"#ffffe0\",lime:\"#00ff00\",limegreen:\"#32cd32\",linen:\"#faf0e6\",magenta:\"#ff00ff\",maroon:\"#800000\",mediumaquamarine:\"#66cdaa\",mediumblue:\"#0000cd\",mediumorchid:\"#ba55d3\",mediumpurple:\"#9370db\",mediumseagreen:\"#3cb371\",mediumslateblue:\"#7b68ee\",mediumspringgreen:\"#00fa9a\",mediumturquoise:\"#48d1cc\",mediumvioletred:\"#c71585\",midnightblue:\"#191970\",mintcream:\"#f5fffa\",mistyrose:\"#ffe4e1\",\nmoccasin:\"#ffe4b5\",navajowhite:\"#ffdead\",navy:\"#000080\",oldlace:\"#fdf5e6\",olive:\"#808000\",olivedrab:\"#6b8e23\",orange:\"#ffa500\",orangered:\"#ff4500\",orchid:\"#da70d6\",palegoldenrod:\"#eee8aa\",palegreen:\"#98fb98\",paleturquoise:\"#afeeee\",palevioletred:\"#db7093\",papayawhip:\"#ffefd5\",peachpuff:\"#ffdab9\",peru:\"#cd853f\",pink:\"#ffc0cb\",plum:\"#dda0dd\",powderblue:\"#b0e0e6\",purple:\"#800080\",red:\"#ff0000\",rosybrown:\"#bc8f8f\",royalblue:\"#4169e1\",saddlebrown:\"#8b4513\",salmon:\"#fa8072\",sandybrown:\"#f4a460\",seagreen:\"#2e8b57\",\nseashell:\"#fff5ee\",sienna:\"#a0522d\",silver:\"#c0c0c0\",skyblue:\"#87ceeb\",slateblue:\"#6a5acd\",slategray:\"#708090\",slategrey:\"#708090\",snow:\"#fffafa\",springgreen:\"#00ff7f\",steelblue:\"#4682b4\",tan:\"#d2b48c\",teal:\"#008080\",thistle:\"#d8bfd8\",tomato:\"#ff6347\",turquoise:\"#40e0d0\",violet:\"#ee82ee\",wheat:\"#f5deb3\",white:\"#ffffff\",whitesmoke:\"#f5f5f5\",yellow:\"#ffff00\",yellowgreen:\"#9acd32\"};var ia=\"backgroundColor borderTopColor borderRightColor borderBottomColor borderLeftColor color outlineColor\".split(\" \"),ja=/#([0-9a-fA-F])([0-9a-fA-F])([0-9a-fA-F])/,ka=/^#(?:[0-9a-f]{3}){1,2}$/i,la=/^(?:rgba)?\\((\\d{1,3}),\\s?(\\d{1,3}),\\s?(\\d{1,3}),\\s?(0|1|0\\.\\d*)\\)$/i,ma=/^(?:rgb)?\\((0|[1-9]\\d{0,2}),\\s?(0|[1-9]\\d{0,2}),\\s?(0|[1-9]\\d{0,2})\\)$/i;function m(a,b){this.code=a;this.a=p[a]||r;this.message=b||\"\";a=this.a.replace(/((?:^|\\s+)[a-z])/g,function(c){return c.toUpperCase().replace(/^[\\s\\xa0]+/g,\"\")});b=a.length-5;if(0>b||a.indexOf(\"Error\",b)!=b)a+=\"Error\";this.name=a;a=Error(this.message);a.name=this.name;this.stack=a.stack||\"\"}ca(m,Error);var r=\"unknown error\",p={15:\"element not selectable\",11:\"element not visible\"};p[31]=r;p[30]=r;p[24]=\"invalid cookie domain\";p[29]=\"invalid element coordinates\";p[12]=\"invalid element state\";\np[32]=\"invalid selector\";p[51]=\"invalid selector\";p[52]=\"invalid selector\";p[17]=\"javascript error\";p[405]=\"unsupported operation\";p[34]=\"move target out of bounds\";p[27]=\"no such alert\";p[7]=\"no such element\";p[8]=\"no such frame\";p[23]=\"no such window\";p[28]=\"script timeout\";p[33]=\"session not created\";p[10]=\"stale element reference\";p[21]=\"timeout\";p[25]=\"unable to set cookie\";p[26]=\"unexpected alert open\";p[13]=r;p[9]=\"unknown command\";var u=String.prototype.trim?function(a){return a.trim()}:function(a){return/^[\\s\\xa0]*([\\s\\S]*?)[\\s\\xa0]*$/.exec(a)[1]};\nfunction na(a,b){var c=0;a=u(String(a)).split(\".\");b=u(String(b)).split(\".\");for(var e=Math.max(a.length,b.length),d=0;0==c&&d\u003Ce;d++){var f=a[d]||\"\",h=b[d]||\"\";do{f=/(\\d*)(\\D*)(.*)/.exec(f)||[\"\",\"\",\"\",\"\"];h=/(\\d*)(\\D*)(.*)/.exec(h)||[\"\",\"\",\"\",\"\"];if(0==f[0].length&&0==h[0].length)break;c=v(0==f[1].length?0:parseInt(f[1],10),0==h[1].length?0:parseInt(h[1],10))||v(0==f[2].length,0==h[2].length)||v(f[2],h[2]);f=f[3];h=h[3]}while(0==c)}return c}function v(a,b){return a\u003Cb?-1:a>b?1:0};var w;a:{var oa=g.navigator;if(oa){var sa=oa.userAgent;if(sa){w=sa;break a}}w=\"\"}function x(a){return-1!=w.indexOf(a)};function y(){return x(\"Firefox\")||x(\"FxiOS\")}function A(){return(x(\"Chrome\")||x(\"CriOS\"))&&!x(\"Edge\")};function ta(a){return String(a).replace(/\\-([a-z])/g,function(b,c){return c.toUpperCase()})};function B(){return x(\"iPhone\")&&!x(\"iPod\")&&!x(\"iPad\")};function ua(a,b){var c=va;return Object.prototype.hasOwnProperty.call(c,a)?c[a]:c[a]=b(a)};var wa=x(\"Opera\"),C=x(\"Trident\")||x(\"MSIE\"),xa=x(\"Edge\"),ya=x(\"Gecko\")&&!(-1!=w.toLowerCase().indexOf(\"webkit\")&&!x(\"Edge\"))&&!(x(\"Trident\")||x(\"MSIE\"))&&!x(\"Edge\"),za=-1!=w.toLowerCase().indexOf(\"webkit\")&&!x(\"Edge\");function Aa(){var a=g.document;return a?a.documentMode:void 0}var E;\na:{var F=\"\",G=function(){var a=w;if(ya)return/rv:([^\\);]+)(\\)|;)/.exec(a);if(xa)return/Edge\\/([\\d\\.]+)/.exec(a);if(C)return/\\b(?:MSIE|rv)[: ]([^\\);]+)(\\)|;)/.exec(a);if(za)return/WebKit\\/(\\S+)/.exec(a);if(wa)return/(?:Version)[ \\/]?(\\S+)/.exec(a)}();G&&(F=G?G[1]:\"\");if(C){var H=Aa();if(null!=H&&H>parseFloat(F)){E=String(H);break a}}E=F}var va={};function Ba(a){return ua(a,function(){return 0\u003C=na(E,a)})}var I;I=g.document&&C?Aa():void 0;var Ca=y(),Da=B()||x(\"iPod\"),Ea=x(\"iPad\"),Fa=x(\"Android\")&&!(A()||y()||x(\"Opera\")||x(\"Silk\")),Ga=A(),Ha=x(\"Safari\")&&!(A()||x(\"Coast\")||x(\"Opera\")||x(\"Edge\")||x(\"Edg/\")||x(\"OPR\")||y()||x(\"Silk\")||x(\"Android\"))&&!(B()||x(\"iPad\")||x(\"iPod\"));function J(a){return(a=a.exec(w))?a[1]:\"\"}(function(){if(Ca)return J(/Firefox\\/([0-9.]+)/);if(C||xa||wa)return E;if(Ga)return B()||x(\"iPad\")||x(\"iPod\")?J(/CriOS\\/([0-9.]+)/):J(/Chrome\\/([0-9.]+)/);if(Ha&&!(B()||x(\"iPad\")||x(\"iPod\")))return J(/Version\\/([0-9.]+)/);if(Da||Ea){var a=/Version\\/(\\S+).*Mobile\\/(\\S+)/.exec(w);if(a)return a[1]+\".\"+a[2]}else if(Fa)return(a=J(/Android\\s+([0-9.]+)/))?a:J(/Version\\/([0-9.]+)/);return\"\"})();var K;if(K=C)K=!(9\u003C=Number(I));var Ia=K;function L(a,b){this.x=void 0!==a?a:0;this.y=void 0!==b?b:0}L.prototype.ceil=function(){this.x=Math.ceil(this.x);this.y=Math.ceil(this.y);return this};L.prototype.floor=function(){this.x=Math.floor(this.x);this.y=Math.floor(this.y);return this};L.prototype.round=function(){this.x=Math.round(this.x);this.y=Math.round(this.y);return this};function M(a,b){this.width=a;this.height=b}M.prototype.aspectRatio=function(){return this.width/this.height};M.prototype.ceil=function(){this.width=Math.ceil(this.width);this.height=Math.ceil(this.height);return this};M.prototype.floor=function(){this.width=Math.floor(this.width);this.height=Math.floor(this.height);return this};M.prototype.round=function(){this.width=Math.round(this.width);this.height=Math.round(this.height);return this};function N(a){return 9==a.nodeType?a:a.ownerDocument||a.document}function Ja(a,b){a&&(a=a.parentNode);for(var c=0;a;){if(b(a))return a;a=a.parentNode;c++}return null}function Ka(a){this.a=a||g.document||document};function P(a,b){b&&\"string\"!==typeof b&&(b=b.toString());return a instanceof HTMLFormElement?!!a&&1==a.nodeType&&(!b||\"FORM\"==b):!!a&&1==a.nodeType&&(!b||a.tagName.toUpperCase()==b)};function Q(a,b,c,e){this.f=a;this.a=b;this.b=c;this.c=e}Q.prototype.ceil=function(){this.f=Math.ceil(this.f);this.a=Math.ceil(this.a);this.b=Math.ceil(this.b);this.c=Math.ceil(this.c);return this};Q.prototype.floor=function(){this.f=Math.floor(this.f);this.a=Math.floor(this.a);this.b=Math.floor(this.b);this.c=Math.floor(this.c);return this};Q.prototype.round=function(){this.f=Math.round(this.f);this.a=Math.round(this.a);this.b=Math.round(this.b);this.c=Math.round(this.c);return this};function R(a,b,c,e){this.a=a;this.b=b;this.width=c;this.height=e}R.prototype.ceil=function(){this.a=Math.ceil(this.a);this.b=Math.ceil(this.b);this.width=Math.ceil(this.width);this.height=Math.ceil(this.height);return this};R.prototype.floor=function(){this.a=Math.floor(this.a);this.b=Math.floor(this.b);this.width=Math.floor(this.width);this.height=Math.floor(this.height);return this};\nR.prototype.round=function(){this.a=Math.round(this.a);this.b=Math.round(this.b);this.width=Math.round(this.width);this.height=Math.round(this.height);return this};var La=\"function\"===typeof ShadowRoot;function S(a){for(a=a.parentNode;a&&1!=a.nodeType&&9!=a.nodeType&&11!=a.nodeType;)a=a.parentNode;return P(a)?a:null}\nfunction T(a,b){b=ta(b);if(\"float\"==b||\"cssFloat\"==b||\"styleFloat\"==b)b=Ia?\"styleFloat\":\"cssFloat\";a:{var c=b;var e=N(a);if(e.defaultView&&e.defaultView.getComputedStyle&&(e=e.defaultView.getComputedStyle(a,null))){c=e[c]||e.getPropertyValue(c)||\"\";break a}c=\"\"}a=c||Ma(a,b);if(null===a)a=null;else if(0\u003C=da(ia,b)){b:{var d=a.match(la);if(d&&(b=Number(d[1]),c=Number(d[2]),e=Number(d[3]),d=Number(d[4]),0\u003C=b&&255>=b&&0\u003C=c&&255>=c&&0\u003C=e&&255>=e&&0\u003C=d&&1>=d)){b=[b,c,e,d];break b}b=null}if(!b)b:{if(e=a.match(ma))if(b=\nNumber(e[1]),c=Number(e[2]),e=Number(e[3]),0\u003C=b&&255>=b&&0\u003C=c&&255>=c&&0\u003C=e&&255>=e){b=[b,c,e,1];break b}b=null}if(!b)b:{b=a.toLowerCase();c=ha[b.toLowerCase()];if(!c&&(c=\"#\"==b.charAt(0)?b:\"#\"+b,4==c.length&&(c=c.replace(ja,\"#$1$1$2$2$3$3\")),!ka.test(c))){b=null;break b}b=[parseInt(c.substr(1,2),16),parseInt(c.substr(3,2),16),parseInt(c.substr(5,2),16),1]}a=b?\"rgba(\"+b.join(\", \")+\")\":a}return a}\nfunction Ma(a,b){var c=a.currentStyle||a.style,e=c[b];void 0===e&&\"function\"==aa(c.getPropertyValue)&&(e=c.getPropertyValue(b));return\"inherit\"!=e?void 0!==e?e:null:(a=S(a))?Ma(a,b):null}\nfunction U(a,b,c){function e(h){var n=V(h);return 0\u003Cn.height&&0\u003Cn.width?!0:P(h,\"PATH\")&&(0\u003Cn.height||0\u003Cn.width)?(h=T(h,\"stroke-width\"),!!h&&0\u003CparseInt(h,10)):\"hidden\"!=T(h,\"overflow\")&&ea(h.childNodes,function(D){return 3==D.nodeType||P(D)&&e(D)})}function d(h){return Na(h)==W&&fa(h.childNodes,function(n){return!P(n)||d(n)||!e(n)})}if(!P(a))throw Error(\"Argument to isShown must be of type Element\");if(P(a,\"BODY\"))return!0;if(P(a,\"OPTION\")||P(a,\"OPTGROUP\"))return a=Ja(a,function(h){return P(h,\"SELECT\")}),\n!!a&&U(a,!0,c);var f=Oa(a);if(f)return!!f.image&&0\u003Cf.rect.width&&0\u003Cf.rect.height&&U(f.image,b,c);if(P(a,\"INPUT\")&&\"hidden\"==a.type.toLowerCase()||P(a,\"NOSCRIPT\"))return!1;f=T(a,\"visibility\");return\"collapse\"!=f&&\"hidden\"!=f&&c(a)&&(b||0!=Pa(a))&&e(a)?!d(a):!1}var W=\"hidden\";\nfunction Na(a){function b(k){function l(ba){if(ba==h)return!0;var pa=T(ba,\"display\");return 0==pa.lastIndexOf(\"inline\",0)||\"contents\"==pa||\"absolute\"==qa&&\"static\"==T(ba,\"position\")?!1:!0}var qa=T(k,\"position\");if(\"fixed\"==qa)return ra=!0,k==h?null:h;for(k=S(k);k&&!l(k);)k=S(k);return k}function c(k){var l=k;if(\"visible\"==D)if(k==h&&n)l=n;else if(k==n)return{x:\"visible\",y:\"visible\"};l={x:T(l,\"overflow-x\"),y:T(l,\"overflow-y\")};k==h&&(l.x=\"visible\"==l.x?\"auto\":l.x,l.y=\"visible\"==l.y?\"auto\":l.y);return l}\nfunction e(k){if(k==h){var l=(new Ka(f)).a;k=l.scrollingElement?l.scrollingElement:za||\"CSS1Compat\"!=l.compatMode?l.body||l.documentElement:l.documentElement;l=l.parentWindow||l.defaultView;k=C&&Ba(\"10\")&&l.pageYOffset!=k.scrollTop?new L(k.scrollLeft,k.scrollTop):new L(l.pageXOffset||k.scrollLeft,l.pageYOffset||k.scrollTop)}else k=new L(k.scrollLeft,k.scrollTop);return k}var d=Qa(a),f=N(a),h=f.documentElement,n=f.body,D=T(h,\"overflow\"),ra;for(a=b(a);a;a=b(a)){var q=c(a);if(\"visible\"!=q.x||\"visible\"!=\nq.y){var t=V(a);if(0==t.width||0==t.height)return W;var z=d.a\u003Ct.a,O=d.b\u003Ct.b;if(z&&\"hidden\"==q.x||O&&\"hidden\"==q.y)return W;if(z&&\"visible\"!=q.x||O&&\"visible\"!=q.y){z=e(a);O=d.b\u003Ct.b-z.y;if(d.a\u003Ct.a-z.x&&\"visible\"!=q.x||O&&\"visible\"!=q.x)return W;d=Na(a);return d==W?W:\"scroll\"}z=d.c>=t.a+t.width;t=d.f>=t.b+t.height;if(z&&\"hidden\"==q.x||t&&\"hidden\"==q.y)return W;if(z&&\"visible\"!=q.x||t&&\"visible\"!=q.y){if(ra&&(q=e(a),d.c>=h.scrollWidth-q.x||d.a>=h.scrollHeight-q.y))return W;d=Na(a);return d==W?W:\"scroll\"}}}return\"none\"}\nfunction V(a){var b=Oa(a);if(b)return b.rect;if(P(a,\"HTML\"))return a=N(a),a=((a?a.parentWindow||a.defaultView:window)||window).document,a=\"CSS1Compat\"==a.compatMode?a.documentElement:a.body,a=new M(a.clientWidth,a.clientHeight),new R(0,0,a.width,a.height);try{var c=a.getBoundingClientRect()}catch(e){return new R(0,0,0,0)}b=new R(c.left,c.top,c.right-c.left,c.bottom-c.top);C&&a.ownerDocument.body&&(a=N(a),b.a-=a.documentElement.clientLeft+a.body.clientLeft,b.b-=a.documentElement.clientTop+a.body.clientTop);\nreturn b}\nfunction Oa(a){var b=P(a,\"MAP\");if(!b&&!P(a,\"AREA\"))return null;var c=b?a:P(a.parentNode,\"MAP\")?a.parentNode:null,e=null,d=null;if(c&&c.name){e='*[usemap=\"#'+c.name+'\"]';c=N(c);var f;if(f=\"function\"!=aa(c.querySelector)&&C&&(C?0\u003C=na(I,8):Ba(8))){f=c.querySelector;var h=typeof f;f=!(\"object\"==h&&null!=f||\"function\"==h)}if(f)throw Error(\"CSS selection is not supported\");if(!e)throw new m(32,\"No selector specified\");e=u(e);try{var n=c.querySelector(e)}catch(D){throw new m(32,\"An invalid or illegal selector was specified\");}if(e=\nn&&1==n.nodeType?n:null)d=V(e),b||\"default\"==a.shape.toLowerCase()||(a=Ra(a),b=Math.min(Math.max(a.a,0),d.width),n=Math.min(Math.max(a.b,0),d.height),d=new R(b+d.a,n+d.b,Math.min(a.width,d.width-b),Math.min(a.height,d.height-n)))}return{image:e,rect:d||new R(0,0,0,0)}}\nfunction Ra(a){var b=a.shape.toLowerCase();a=a.coords.split(\",\");if(\"rect\"==b&&4==a.length){b=a[0];var c=a[1];return new R(b,c,a[2]-b,a[3]-c)}if(\"circle\"==b&&3==a.length)return b=a[2],new R(a[0]-b,a[1]-b,2*b,2*b);if(\"poly\"==b&&2\u003Ca.length){b=a[0];c=a[1];for(var e=b,d=c,f=2;f+1\u003Ca.length;f+=2)b=Math.min(b,a[f]),e=Math.max(e,a[f]),c=Math.min(c,a[f+1]),d=Math.max(d,a[f+1]);return new R(b,c,e-b,d-c)}return new R(0,0,0,0)}function Qa(a){a=V(a);return new Q(a.b,a.a+a.width,a.b+a.height,a.a)}\nfunction Pa(a){if(Ia){if(\"relative\"==T(a,\"position\"))return 1;a=T(a,\"filter\");return(a=a.match(/^alpha\\(opacity=(\\d*)\\)/)||a.match(/^progid:DXImageTransform.Microsoft.Alpha\\(Opacity=(\\d*)\\)/))?Number(a[1])/100:1}return Sa(a)}function Sa(a){var b=1,c=T(a,\"opacity\");c&&(b=Number(c));(a=S(a))&&(b*=Sa(a));return b};function Ta(a,b){function c(e){if(P(e)&&(\"none\"==T(e,\"display\")||\"hidden\"==T(e,\"content-visibility\")))return!1;var d;if((d=e.parentNode)&&d.shadowRoot&&void 0!==e.assignedSlot)d=e.assignedSlot?e.assignedSlot.parentNode:null;else if(e.getDestinationInsertionPoints){var f=e.getDestinationInsertionPoints();0\u003Cf.length&&(d=f[f.length-1])}if(La&&d instanceof ShadowRoot){if(d.host.shadowRoot&&d.host.shadowRoot!==d)return!1;d=d.host}return!d||9!=d.nodeType&&11!=d.nodeType?d&&P(d,\"DETAILS\")&&!d.open&&!P(e,\n\"SUMMARY\")?!1:!!d&&c(d):!0}return U(a,!!b,c)}var X=[\"se_exportedFunctionSymbol\"],Y=g;X[0]in Y||\"undefined\"==typeof Y.execScript||Y.execScript(\"var \"+X[0]);for(var Z;X.length&&(Z=X.shift());)X.length||void 0===Ta?Y[Z]&&Y[Z]!==Object.prototype[Z]?Y=Y[Z]:Y=Y[Z]={}:Y[Z]=Ta;; return this.se_exportedFunctionSymbol.apply(null,arguments);}).apply(window, arguments);}\n).apply(null, arguments);"
}
[1755163008.898][INFO]: Waiting for pending navigations...
[1755163008.899][INFO]: Done waiting for pending navigations. Status: ok
[1755163008.906][INFO]: Waiting for pending navigations...
[1755163008.907][INFO]: Done waiting for pending navigations. Status: ok
[1755163008.907][INFO]: [9525ab14013b9f10aa0f81426611405e] RESPONSE ExecuteScript true
[1755163008.909][INFO]: [9525ab14013b9f10aa0f81426611405e] COMMAND IsElementEnabled {
   "id": "f.495C356B0656AF67333FEFF3EE6D4D65.d.F9059DA95EF9E2AB62B058F1065C4DED.e.22"
}
[1755163008.909][INFO]: Waiting for pending navigations...
[1755163008.910][INFO]: Done waiting for pending navigations. Status: ok
[1755163008.919][INFO]: Waiting for pending navigations...
[1755163008.920][INFO]: Done waiting for pending navigations. Status: ok
[1755163008.920][INFO]: [9525ab14013b9f10aa0f81426611405e] RESPONSE IsElementEnabled true
[1755163008.921][INFO]: [9525ab14013b9f10aa0f81426611405e] COMMAND ExecuteScript {
   "args": [ {
      "element-6066-11e4-a52e-4f735466cecf": "f.495C356B0656AF67333FEFF3EE6D4D65.d.F9059DA95EF9E2AB62B058F1065C4DED.e.22"
   } ],
   "script": "arguments[0].click();"
}
[1755163008.922][INFO]: Waiting for pending navigations...
[1755163008.922][INFO]: Done waiting for pending navigations. Status: ok
[1755163008.940][INFO]: Waiting for pending navigations...
[1755163008.944][INFO]: Done waiting for pending navigations. Status: ok
[1755163008.944][INFO]: [9525ab14013b9f10aa0f81426611405e] RESPONSE ExecuteScript null
[1755163011.946][INFO]: [9525ab14013b9f10aa0f81426611405e] COMMAND FindElement {
   "using": "css selector",
   "value": ".tableList"
}
[1755163011.948][INFO]: Waiting for pending navigations...
[1755163011.949][INFO]: Done waiting for pending navigations. Status: ok
[1755163011.963][INFO]: Waiting for pending navigations...
[1755163011.964][INFO]: Done waiting for pending navigations. Status: ok
[1755163011.964][INFO]: [9525ab14013b9f10aa0f81426611405e] RESPONSE FindElement {
   "element-6066-11e4-a52e-4f735466cecf": "f.495C356B0656AF67333FEFF3EE6D4D65.d.F9059DA95EF9E2AB62B058F1065C4DED.e.24"
}
[1755163011.966][INFO]: [9525ab14013b9f10aa0f81426611405e] COMMAND FindElements {
   "using": "xpath",
   "value": "//div[contains(@class, 'el-table__body-wrapper')]//tr[@class='el-table__row']"
}
[1755163011.966][INFO]: Waiting for pending navigations...
[1755163011.967][INFO]: Done waiting for pending navigations. Status: ok
[1755163011.980][INFO]: Waiting for pending navigations...
[1755163011.981][INFO]: Done waiting for pending navigations. Status: ok
[1755163011.981][INFO]: [9525ab14013b9f10aa0f81426611405e] RESPONSE FindElements [ {
   "element-6066-11e4-a52e-4f735466cecf": "f.495C356B0656AF67333FEFF3EE6D4D65.d.F9059DA95EF9E2AB62B058F1065C4DED.e.25"
}, {
   "element-6066-11e4-a52e-4f735466cecf": "f.495C356B0656AF67333FEFF3EE6D4D65.d.F9059DA95EF9E2AB62B058F1065C4DED.e.26"
}, {
   "element-6066-11e4-a52e-4f735466cecf": "f.495C356B0656AF67333FEFF3EE6D4D65.d.F9059DA95EF9E2AB62B058F1065C4DED.e.27"
}, {
   "element-6066-11e4-a52e-4f735466cecf": "f.495C356B0656AF67333FEFF3EE6D4D65.d.F9059DA95EF9E2AB62B058F1065C4DED.e.28"
}, {
   "element-6066-11e4-a52e-4f735466cecf": "f.495C356B0656AF67333FEFF3EE6D4D65.d.F9059DA95EF9E2AB62B058F1065C4DED.e.29"
} ]
[1755163011.983][INFO]: [9525ab14013b9f10aa0f81426611405e] COMMAND FindChildElements {
   "id": "f.495C356B0656AF67333FEFF3EE6D4D65.d.F9059DA95EF9E2AB62B058F1065C4DED.e.25",
   "using": "tag name",
   "value": "td"
}
[1755163011.983][INFO]: Waiting for pending navigations...
[1755163011.984][INFO]: Done waiting for pending navigations. Status: ok
[1755163011.997][INFO]: Waiting for pending navigations...
[1755163011.998][INFO]: Done waiting for pending navigations. Status: ok
[1755163011.998][INFO]: [9525ab14013b9f10aa0f81426611405e] RESPONSE FindChildElements [ {
   "element-6066-11e4-a52e-4f735466cecf": "f.495C356B0656AF67333FEFF3EE6D4D65.d.F9059DA95EF9E2AB62B058F1065C4DED.e.30"
}, {
   "element-6066-11e4-a52e-4f735466cecf": "f.495C356B0656AF67333FEFF3EE6D4D65.d.F9059DA95EF9E2AB62B058F1065C4DED.e.31"
}, {
   "element-6066-11e4-a52e-4f735466cecf": "f.495C356B0656AF67333FEFF3EE6D4D65.d.F9059DA95EF9E2AB62B058F1065C4DED.e.32"
}, {
   "element-6066-11e4-a52e-4f735466cecf": "f.495C356B0656AF67333FEFF3EE6D4D65.d.F9059DA95EF9E2AB62B058F1065C4DED.e.33"
} ]
[1755163012.000][INFO]: [9525ab14013b9f10aa0f81426611405e] COMMAND GetElementText {
   "id": "f.495C356B0656AF67333FEFF3EE6D4D65.d.F9059DA95EF9E2AB62B058F1065C4DED.e.30"
}
[1755163012.000][INFO]: Waiting for pending navigations...
[1755163012.001][INFO]: Done waiting for pending navigations. Status: ok
[1755163012.019][INFO]: Waiting for pending navigations...
[1755163012.020][INFO]: Done waiting for pending navigations. Status: ok
[1755163012.020][INFO]: [9525ab14013b9f10aa0f81426611405e] RESPONSE GetElementText "【湖南】\n中国电信股份有限公司张家界分公司2025年武陵源区大数据中心标改高项目（包2）直接采购公示"
[1755163012.022][INFO]: [9525ab14013b9f10aa0f81426611405e] COMMAND FindChildElements {
   "id": "f.495C356B0656AF67333FEFF3EE6D4D65.d.F9059DA95EF9E2AB62B058F1065C4DED.e.26",
   "using": "tag name",
   "value": "td"
}
[1755163012.022][INFO]: Waiting for pending navigations...
[1755163012.023][INFO]: Done waiting for pending navigations. Status: ok
[1755163012.031][INFO]: Waiting for pending navigations...
[1755163012.032][INFO]: Done waiting for pending navigations. Status: ok
[1755163012.032][INFO]: [9525ab14013b9f10aa0f81426611405e] RESPONSE FindChildElements [ {
   "element-6066-11e4-a52e-4f735466cecf": "f.495C356B0656AF67333FEFF3EE6D4D65.d.F9059DA95EF9E2AB62B058F1065C4DED.e.34"
}, {
   "element-6066-11e4-a52e-4f735466cecf": "f.495C356B0656AF67333FEFF3EE6D4D65.d.F9059DA95EF9E2AB62B058F1065C4DED.e.35"
}, {
   "element-6066-11e4-a52e-4f735466cecf": "f.495C356B0656AF67333FEFF3EE6D4D65.d.F9059DA95EF9E2AB62B058F1065C4DED.e.36"
}, {
   "element-6066-11e4-a52e-4f735466cecf": "f.495C356B0656AF67333FEFF3EE6D4D65.d.F9059DA95EF9E2AB62B058F1065C4DED.e.37"
} ]
[1755163012.034][INFO]: [9525ab14013b9f10aa0f81426611405e] COMMAND GetElementText {
   "id": "f.495C356B0656AF67333FEFF3EE6D4D65.d.F9059DA95EF9E2AB62B058F1065C4DED.e.34"
}
[1755163012.034][INFO]: Waiting for pending navigations...
[1755163012.035][INFO]: Done waiting for pending navigations. Status: ok
[1755163012.046][INFO]: Waiting for pending navigations...
[1755163012.046][INFO]: Done waiting for pending navigations. Status: ok
[1755163012.046][INFO]: [9525ab14013b9f10aa0f81426611405e] RESPONSE GetElementText "【宁夏】\n2025-2027年宁夏电信全区光通信仪表维修项目成交候选人公示"
[1755163012.048][INFO]: [9525ab14013b9f10aa0f81426611405e] COMMAND FindChildElements {
   "id": "f.495C356B0656AF67333FEFF3EE6D4D65.d.F9059DA95EF9E2AB62B058F1065C4DED.e.27",
   "using": "tag name",
   "value": "td"
}
[1755163012.048][INFO]: Waiting for pending navigations...
[1755163012.049][INFO]: Done waiting for pending navigations. Status: ok
[1755163012.057][INFO]: Waiting for pending navigations...
[1755163012.057][INFO]: Done waiting for pending navigations. Status: ok
[1755163012.057][INFO]: [9525ab14013b9f10aa0f81426611405e] RESPONSE FindChildElements [ {
   "element-6066-11e4-a52e-4f735466cecf": "f.495C356B0656AF67333FEFF3EE6D4D65.d.F9059DA95EF9E2AB62B058F1065C4DED.e.38"
}, {
   "element-6066-11e4-a52e-4f735466cecf": "f.495C356B0656AF67333FEFF3EE6D4D65.d.F9059DA95EF9E2AB62B058F1065C4DED.e.39"
}, {
   "element-6066-11e4-a52e-4f735466cecf": "f.495C356B0656AF67333FEFF3EE6D4D65.d.F9059DA95EF9E2AB62B058F1065C4DED.e.40"
}, {
   "element-6066-11e4-a52e-4f735466cecf": "f.495C356B0656AF67333FEFF3EE6D4D65.d.F9059DA95EF9E2AB62B058F1065C4DED.e.41"
} ]
[1755163012.059][INFO]: [9525ab14013b9f10aa0f81426611405e] COMMAND GetElementText {
   "id": "f.495C356B0656AF67333FEFF3EE6D4D65.d.F9059DA95EF9E2AB62B058F1065C4DED.e.38"
}
[1755163012.059][INFO]: Waiting for pending navigations...
[1755163012.060][INFO]: Done waiting for pending navigations. Status: ok
[1755163012.070][INFO]: Waiting for pending navigations...
[1755163012.071][INFO]: Done waiting for pending navigations. Status: ok
[1755163012.071][INFO]: [9525ab14013b9f10aa0f81426611405e] RESPONSE GetElementText "【湖北】\n中国电信股份有限公司鄂州分公司鄂州中等专业学校标准化考场升级改造设备采购项目直接采购公示"
[1755163012.073][INFO]: [9525ab14013b9f10aa0f81426611405e] COMMAND FindChildElements {
   "id": "f.495C356B0656AF67333FEFF3EE6D4D65.d.F9059DA95EF9E2AB62B058F1065C4DED.e.28",
   "using": "tag name",
   "value": "td"
}
[1755163012.073][INFO]: Waiting for pending navigations...
[1755163012.073][INFO]: Done waiting for pending navigations. Status: ok
[1755163012.083][INFO]: Waiting for pending navigations...
[1755163012.084][INFO]: Done waiting for pending navigations. Status: ok
[1755163012.084][INFO]: [9525ab14013b9f10aa0f81426611405e] RESPONSE FindChildElements [ {
   "element-6066-11e4-a52e-4f735466cecf": "f.495C356B0656AF67333FEFF3EE6D4D65.d.F9059DA95EF9E2AB62B058F1065C4DED.e.42"
}, {
   "element-6066-11e4-a52e-4f735466cecf": "f.495C356B0656AF67333FEFF3EE6D4D65.d.F9059DA95EF9E2AB62B058F1065C4DED.e.43"
}, {
   "element-6066-11e4-a52e-4f735466cecf": "f.495C356B0656AF67333FEFF3EE6D4D65.d.F9059DA95EF9E2AB62B058F1065C4DED.e.44"
}, {
   "element-6066-11e4-a52e-4f735466cecf": "f.495C356B0656AF67333FEFF3EE6D4D65.d.F9059DA95EF9E2AB62B058F1065C4DED.e.45"
} ]
[1755163012.085][INFO]: [9525ab14013b9f10aa0f81426611405e] COMMAND GetElementText {
   "id": "f.495C356B0656AF67333FEFF3EE6D4D65.d.F9059DA95EF9E2AB62B058F1065C4DED.e.42"
}
[1755163012.085][INFO]: Waiting for pending navigations...
[1755163012.086][INFO]: Done waiting for pending navigations. Status: ok
[1755163012.101][INFO]: Waiting for pending navigations...
[1755163012.102][INFO]: Done waiting for pending navigations. Status: ok
[1755163012.102][INFO]: [9525ab14013b9f10aa0f81426611405e] RESPONSE GetElementText "【重庆】\n铜梁分公司2024年艺术学院监控系统建设工程- 直接采购公示"
[1755163012.104][INFO]: [9525ab14013b9f10aa0f81426611405e] COMMAND FindChildElements {
   "id": "f.495C356B0656AF67333FEFF3EE6D4D65.d.F9059DA95EF9E2AB62B058F1065C4DED.e.29",
   "using": "tag name",
   "value": "td"
}
[1755163012.104][INFO]: Waiting for pending navigations...
[1755163012.105][INFO]: Done waiting for pending navigations. Status: ok
[1755163012.113][INFO]: Waiting for pending navigations...
[1755163012.114][INFO]: Done waiting for pending navigations. Status: ok
[1755163012.114][INFO]: [9525ab14013b9f10aa0f81426611405e] RESPONSE FindChildElements [ {
   "element-6066-11e4-a52e-4f735466cecf": "f.495C356B0656AF67333FEFF3EE6D4D65.d.F9059DA95EF9E2AB62B058F1065C4DED.e.46"
}, {
   "element-6066-11e4-a52e-4f735466cecf": "f.495C356B0656AF67333FEFF3EE6D4D65.d.F9059DA95EF9E2AB62B058F1065C4DED.e.47"
}, {
   "element-6066-11e4-a52e-4f735466cecf": "f.495C356B0656AF67333FEFF3EE6D4D65.d.F9059DA95EF9E2AB62B058F1065C4DED.e.48"
}, {
   "element-6066-11e4-a52e-4f735466cecf": "f.495C356B0656AF67333FEFF3EE6D4D65.d.F9059DA95EF9E2AB62B058F1065C4DED.e.49"
} ]
[1755163012.116][INFO]: [9525ab14013b9f10aa0f81426611405e] COMMAND GetElementText {
   "id": "f.495C356B0656AF67333FEFF3EE6D4D65.d.F9059DA95EF9E2AB62B058F1065C4DED.e.46"
}
[1755163012.116][INFO]: Waiting for pending navigations...
[1755163012.117][INFO]: Done waiting for pending navigations. Status: ok
[1755163012.129][INFO]: Waiting for pending navigations...
[1755163012.130][INFO]: Done waiting for pending navigations. Status: ok
[1755163012.130][INFO]: [9525ab14013b9f10aa0f81426611405e] RESPONSE GetElementText "【西藏】\n中国电信西藏分公司2025年固网AAA系统扩容-技术服务项目询比结果公示"
[1755163012.131][INFO]: [9525ab14013b9f10aa0f81426611405e] COMMAND FindElement {
   "using": "xpath",
   "value": "//button[contains(@class, 'btn-next')]"
}
[1755163012.131][INFO]: Waiting for pending navigations...
[1755163012.132][INFO]: Done waiting for pending navigations. Status: ok
[1755163012.145][INFO]: Waiting for pending navigations...
[1755163012.146][INFO]: Done waiting for pending navigations. Status: ok
[1755163012.146][INFO]: [9525ab14013b9f10aa0f81426611405e] RESPONSE FindElement {
   "element-6066-11e4-a52e-4f735466cecf": "f.495C356B0656AF67333FEFF3EE6D4D65.d.F9059DA95EF9E2AB62B058F1065C4DED.e.50"
}
[1755163012.148][INFO]: [9525ab14013b9f10aa0f81426611405e] COMMAND IsElementEnabled {
   "id": "f.495C356B0656AF67333FEFF3EE6D4D65.d.F9059DA95EF9E2AB62B058F1065C4DED.e.50"
}
[1755163012.148][INFO]: Waiting for pending navigations...
[1755163012.148][INFO]: Done waiting for pending navigations. Status: ok
[1755163012.155][INFO]: Waiting for pending navigations...
[1755163012.157][INFO]: Done waiting for pending navigations. Status: ok
[1755163012.157][INFO]: [9525ab14013b9f10aa0f81426611405e] RESPONSE IsElementEnabled true
[1755163012.158][INFO]: [9525ab14013b9f10aa0f81426611405e] COMMAND FindElement {
   "using": "xpath",
   "value": "//div[contains(@class, 'el-table__body-wrapper')]//tr[@class='el-table__row'][1]/td[1]"
}
[1755163012.158][INFO]: Waiting for pending navigations...
[1755163012.159][INFO]: Done waiting for pending navigations. Status: ok
[1755163012.173][INFO]: Waiting for pending navigations...
[1755163012.174][INFO]: Done waiting for pending navigations. Status: ok
[1755163012.174][INFO]: [9525ab14013b9f10aa0f81426611405e] RESPONSE FindElement {
   "element-6066-11e4-a52e-4f735466cecf": "f.495C356B0656AF67333FEFF3EE6D4D65.d.F9059DA95EF9E2AB62B058F1065C4DED.e.30"
}
[1755163012.175][INFO]: [9525ab14013b9f10aa0f81426611405e] COMMAND GetElementText {
   "id": "f.495C356B0656AF67333FEFF3EE6D4D65.d.F9059DA95EF9E2AB62B058F1065C4DED.e.30"
}
[1755163012.175][INFO]: Waiting for pending navigations...
[1755163012.176][INFO]: Done waiting for pending navigations. Status: ok
[1755163012.186][INFO]: Waiting for pending navigations...
[1755163012.187][INFO]: Done waiting for pending navigations. Status: ok
[1755163012.187][INFO]: [9525ab14013b9f10aa0f81426611405e] RESPONSE GetElementText "【湖南】\n中国电信股份有限公司张家界分公司2025年武陵源区大数据中心标改高项目（包2）直接采购公示"
[1755163012.189][INFO]: [9525ab14013b9f10aa0f81426611405e] COMMAND ExecuteScript {
   "args": [ {
      "element-6066-11e4-a52e-4f735466cecf": "f.495C356B0656AF67333FEFF3EE6D4D65.d.F9059DA95EF9E2AB62B058F1065C4DED.e.50"
   } ],
   "script": "arguments[0].click();"
}
[1755163012.189][INFO]: Waiting for pending navigations...
[1755163012.190][INFO]: Done waiting for pending navigations. Status: ok
[1755163012.217][INFO]: Waiting for pending navigations...
[1755163012.224][INFO]: Done waiting for pending navigations. Status: ok
[1755163012.224][INFO]: [9525ab14013b9f10aa0f81426611405e] RESPONSE ExecuteScript null
[1755163012.226][INFO]: [9525ab14013b9f10aa0f81426611405e] COMMAND FindElement {
   "using": "xpath",
   "value": "//div[contains(@class, 'el-table__body-wrapper')]//tr[@class='el-table__row'][1]/td[1]"
}
[1755163012.226][INFO]: Waiting for pending navigations...
[1755163012.227][INFO]: Done waiting for pending navigations. Status: ok
[1755163012.237][INFO]: Waiting for pending navigations...
[1755163012.238][INFO]: Done waiting for pending navigations. Status: ok
[1755163012.238][INFO]: [9525ab14013b9f10aa0f81426611405e] RESPONSE FindElement {
   "element-6066-11e4-a52e-4f735466cecf": "f.495C356B0656AF67333FEFF3EE6D4D65.d.F9059DA95EF9E2AB62B058F1065C4DED.e.30"
}
[1755163012.239][INFO]: [9525ab14013b9f10aa0f81426611405e] COMMAND GetElementText {
   "id": "f.495C356B0656AF67333FEFF3EE6D4D65.d.F9059DA95EF9E2AB62B058F1065C4DED.e.30"
}
[1755163012.239][INFO]: Waiting for pending navigations...
[1755163012.240][INFO]: Done waiting for pending navigations. Status: ok
[1755163012.254][INFO]: Waiting for pending navigations...
[1755163012.255][INFO]: Done waiting for pending navigations. Status: ok
[1755163012.255][INFO]: [9525ab14013b9f10aa0f81426611405e] RESPONSE GetElementText "【湖南】\n中国电信股份有限公司张家界分公司2025年武陵源区大数据中心标改高项目（包2）直接采购公示"
[1755163012.757][INFO]: [9525ab14013b9f10aa0f81426611405e] COMMAND FindElement {
   "using": "xpath",
   "value": "//div[contains(@class, 'el-table__body-wrapper')]//tr[@class='el-table__row'][1]/td[1]"
}
[1755163012.757][INFO]: Waiting for pending navigations...
[1755163012.758][INFO]: Done waiting for pending navigations. Status: ok
[1755163012.766][INFO]: Waiting for pending navigations...
[1755163012.767][INFO]: Done waiting for pending navigations. Status: ok
[1755163012.767][INFO]: [9525ab14013b9f10aa0f81426611405e] RESPONSE FindElement {
   "element-6066-11e4-a52e-4f735466cecf": "f.495C356B0656AF67333FEFF3EE6D4D65.d.F9059DA95EF9E2AB62B058F1065C4DED.e.30"
}
[1755163012.768][INFO]: [9525ab14013b9f10aa0f81426611405e] COMMAND GetElementText {
   "id": "f.495C356B0656AF67333FEFF3EE6D4D65.d.F9059DA95EF9E2AB62B058F1065C4DED.e.30"
}
[1755163012.768][INFO]: Waiting for pending navigations...
[1755163012.769][INFO]: Done waiting for pending navigations. Status: ok
[1755163012.780][INFO]: Waiting for pending navigations...
[1755163012.781][INFO]: Done waiting for pending navigations. Status: ok
[1755163012.781][INFO]: [9525ab14013b9f10aa0f81426611405e] RESPONSE GetElementText "【天津】\n中国电信河东河西分公司天津市某院语音交换机入网许可采购项目询比结果公示"
[1755163012.782][INFO]: [9525ab14013b9f10aa0f81426611405e] COMMAND FindElement {
   "using": "css selector",
   "value": ".tableList"
}
[1755163012.782][INFO]: Waiting for pending navigations...
[1755163012.783][INFO]: Done waiting for pending navigations. Status: ok
[1755163012.789][INFO]: Waiting for pending navigations...
[1755163012.790][INFO]: Done waiting for pending navigations. Status: ok
[1755163012.790][INFO]: [9525ab14013b9f10aa0f81426611405e] RESPONSE FindElement {
   "element-6066-11e4-a52e-4f735466cecf": "f.495C356B0656AF67333FEFF3EE6D4D65.d.F9059DA95EF9E2AB62B058F1065C4DED.e.24"
}
[1755163012.792][INFO]: [9525ab14013b9f10aa0f81426611405e] COMMAND FindElements {
   "using": "xpath",
   "value": "//div[contains(@class, 'el-table__body-wrapper')]//tr[@class='el-table__row']"
}
[1755163012.792][INFO]: Waiting for pending navigations...
[1755163012.793][INFO]: Done waiting for pending navigations. Status: ok
[1755163012.800][INFO]: Waiting for pending navigations...
[1755163012.800][INFO]: Done waiting for pending navigations. Status: ok
[1755163012.800][INFO]: [9525ab14013b9f10aa0f81426611405e] RESPONSE FindElements [ {
   "element-6066-11e4-a52e-4f735466cecf": "f.495C356B0656AF67333FEFF3EE6D4D65.d.F9059DA95EF9E2AB62B058F1065C4DED.e.25"
}, {
   "element-6066-11e4-a52e-4f735466cecf": "f.495C356B0656AF67333FEFF3EE6D4D65.d.F9059DA95EF9E2AB62B058F1065C4DED.e.26"
}, {
   "element-6066-11e4-a52e-4f735466cecf": "f.495C356B0656AF67333FEFF3EE6D4D65.d.F9059DA95EF9E2AB62B058F1065C4DED.e.27"
}, {
   "element-6066-11e4-a52e-4f735466cecf": "f.495C356B0656AF67333FEFF3EE6D4D65.d.F9059DA95EF9E2AB62B058F1065C4DED.e.28"
}, {
   "element-6066-11e4-a52e-4f735466cecf": "f.495C356B0656AF67333FEFF3EE6D4D65.d.F9059DA95EF9E2AB62B058F1065C4DED.e.29"
} ]
[1755163012.802][INFO]: [9525ab14013b9f10aa0f81426611405e] COMMAND FindChildElements {
   "id": "f.495C356B0656AF67333FEFF3EE6D4D65.d.F9059DA95EF9E2AB62B058F1065C4DED.e.25",
   "using": "tag name",
   "value": "td"
}
[1755163012.802][INFO]: Waiting for pending navigations...
[1755163012.803][INFO]: Done waiting for pending navigations. Status: ok
[1755163012.810][INFO]: Waiting for pending navigations...
[1755163012.810][INFO]: Done waiting for pending navigations. Status: ok
[1755163012.810][INFO]: [9525ab14013b9f10aa0f81426611405e] RESPONSE FindChildElements [ {
   "element-6066-11e4-a52e-4f735466cecf": "f.495C356B0656AF67333FEFF3EE6D4D65.d.F9059DA95EF9E2AB62B058F1065C4DED.e.30"
}, {
   "element-6066-11e4-a52e-4f735466cecf": "f.495C356B0656AF67333FEFF3EE6D4D65.d.F9059DA95EF9E2AB62B058F1065C4DED.e.31"
}, {
   "element-6066-11e4-a52e-4f735466cecf": "f.495C356B0656AF67333FEFF3EE6D4D65.d.F9059DA95EF9E2AB62B058F1065C4DED.e.32"
}, {
   "element-6066-11e4-a52e-4f735466cecf": "f.495C356B0656AF67333FEFF3EE6D4D65.d.F9059DA95EF9E2AB62B058F1065C4DED.e.33"
} ]
[1755163012.811][INFO]: [9525ab14013b9f10aa0f81426611405e] COMMAND GetElementText {
   "id": "f.495C356B0656AF67333FEFF3EE6D4D65.d.F9059DA95EF9E2AB62B058F1065C4DED.e.30"
}
[1755163012.811][INFO]: Waiting for pending navigations...
[1755163012.813][INFO]: Done waiting for pending navigations. Status: ok
[1755163012.823][INFO]: Waiting for pending navigations...
[1755163012.823][INFO]: Done waiting for pending navigations. Status: ok
[1755163012.823][INFO]: [9525ab14013b9f10aa0f81426611405e] RESPONSE GetElementText "【天津】\n中国电信河东河西分公司天津市某院语音交换机入网许可采购项目询比结果公示"
[1755163012.824][INFO]: [9525ab14013b9f10aa0f81426611405e] COMMAND GetElementText {
   "id": "f.495C356B0656AF67333FEFF3EE6D4D65.d.F9059DA95EF9E2AB62B058F1065C4DED.e.30"
}
[1755163012.825][INFO]: Waiting for pending navigations...
[1755163012.825][INFO]: Done waiting for pending navigations. Status: ok
[1755163012.834][INFO]: Waiting for pending navigations...
[1755163012.835][INFO]: Done waiting for pending navigations. Status: ok
[1755163012.835][INFO]: [9525ab14013b9f10aa0f81426611405e] RESPONSE GetElementText "【天津】\n中国电信河东河西分公司天津市某院语音交换机入网许可采购项目询比结果公示"
[1755163012.836][INFO]: [9525ab14013b9f10aa0f81426611405e] COMMAND GetElementText {
   "id": "f.495C356B0656AF67333FEFF3EE6D4D65.d.F9059DA95EF9E2AB62B058F1065C4DED.e.31"
}
[1755163012.836][INFO]: Waiting for pending navigations...
[1755163012.837][INFO]: Done waiting for pending navigations. Status: ok
[1755163012.846][INFO]: Waiting for pending navigations...
[1755163012.847][INFO]: Done waiting for pending navigations. Status: ok
[1755163012.847][INFO]: [9525ab14013b9f10aa0f81426611405e] RESPONSE GetElementText ""
[1755163012.848][INFO]: [9525ab14013b9f10aa0f81426611405e] COMMAND GetElementText {
   "id": "f.495C356B0656AF67333FEFF3EE6D4D65.d.F9059DA95EF9E2AB62B058F1065C4DED.e.32"
}
[1755163012.848][INFO]: Waiting for pending navigations...
[1755163012.849][INFO]: Done waiting for pending navigations. Status: ok
[1755163012.857][INFO]: Waiting for pending navigations...
[1755163012.857][INFO]: Done waiting for pending navigations. Status: ok
[1755163012.857][INFO]: [9525ab14013b9f10aa0f81426611405e] RESPONSE GetElementText ""
[1755163012.859][INFO]: [9525ab14013b9f10aa0f81426611405e] COMMAND GetElementText {
   "id": "f.495C356B0656AF67333FEFF3EE6D4D65.d.F9059DA95EF9E2AB62B058F1065C4DED.e.33"
}
[1755163012.859][INFO]: Waiting for pending navigations...
[1755163012.859][INFO]: Done waiting for pending navigations. Status: ok
[1755163012.869][INFO]: Waiting for pending navigations...
[1755163012.870][INFO]: Done waiting for pending navigations. Status: ok
[1755163012.870][INFO]: [9525ab14013b9f10aa0f81426611405e] RESPONSE GetElementText "2025-08-13"
[1755163012.871][INFO]: [9525ab14013b9f10aa0f81426611405e] COMMAND FindChildElements {
   "id": "f.495C356B0656AF67333FEFF3EE6D4D65.d.F9059DA95EF9E2AB62B058F1065C4DED.e.26",
   "using": "tag name",
   "value": "td"
}
[1755163012.871][INFO]: Waiting for pending navigations...
[1755163012.873][INFO]: Done waiting for pending navigations. Status: ok
[1755163012.881][INFO]: Waiting for pending navigations...
[1755163012.882][INFO]: Done waiting for pending navigations. Status: ok
[1755163012.882][INFO]: [9525ab14013b9f10aa0f81426611405e] RESPONSE FindChildElements [ {
   "element-6066-11e4-a52e-4f735466cecf": "f.495C356B0656AF67333FEFF3EE6D4D65.d.F9059DA95EF9E2AB62B058F1065C4DED.e.34"
}, {
   "element-6066-11e4-a52e-4f735466cecf": "f.495C356B0656AF67333FEFF3EE6D4D65.d.F9059DA95EF9E2AB62B058F1065C4DED.e.35"
}, {
   "element-6066-11e4-a52e-4f735466cecf": "f.495C356B0656AF67333FEFF3EE6D4D65.d.F9059DA95EF9E2AB62B058F1065C4DED.e.36"
}, {
   "element-6066-11e4-a52e-4f735466cecf": "f.495C356B0656AF67333FEFF3EE6D4D65.d.F9059DA95EF9E2AB62B058F1065C4DED.e.37"
} ]
[1755163012.884][INFO]: [9525ab14013b9f10aa0f81426611405e] COMMAND GetElementText {
   "id": "f.495C356B0656AF67333FEFF3EE6D4D65.d.F9059DA95EF9E2AB62B058F1065C4DED.e.34"
}
[1755163012.884][INFO]: Waiting for pending navigations...
[1755163012.885][INFO]: Done waiting for pending navigations. Status: ok
[1755163012.899][INFO]: Waiting for pending navigations...
[1755163012.900][INFO]: Done waiting for pending navigations. Status: ok
[1755163012.900][INFO]: [9525ab14013b9f10aa0f81426611405e] RESPONSE GetElementText "【天津】\n2025年滨海分公司天津港光纤租用合同（太平洋码头机房等）"
[1755163012.901][INFO]: [9525ab14013b9f10aa0f81426611405e] COMMAND GetElementText {
   "id": "f.495C356B0656AF67333FEFF3EE6D4D65.d.F9059DA95EF9E2AB62B058F1065C4DED.e.34"
}
[1755163012.901][INFO]: Waiting for pending navigations...
[1755163012.902][INFO]: Done waiting for pending navigations. Status: ok
[1755163012.915][INFO]: Waiting for pending navigations...
[1755163012.916][INFO]: Done waiting for pending navigations. Status: ok
[1755163012.916][INFO]: [9525ab14013b9f10aa0f81426611405e] RESPONSE GetElementText "【天津】\n2025年滨海分公司天津港光纤租用合同（太平洋码头机房等）"
[1755163012.919][INFO]: [9525ab14013b9f10aa0f81426611405e] COMMAND GetElementText {
   "id": "f.495C356B0656AF67333FEFF3EE6D4D65.d.F9059DA95EF9E2AB62B058F1065C4DED.e.35"
}
[1755163012.919][INFO]: Waiting for pending navigations...
[1755163012.920][INFO]: Done waiting for pending navigations. Status: ok
[1755163012.930][INFO]: Waiting for pending navigations...
[1755163012.931][INFO]: Done waiting for pending navigations. Status: ok
[1755163012.931][INFO]: [9525ab14013b9f10aa0f81426611405e] RESPONSE GetElementText "2025-08-12"
[1755163012.932][INFO]: [9525ab14013b9f10aa0f81426611405e] COMMAND GetElementText {
   "id": "f.495C356B0656AF67333FEFF3EE6D4D65.d.F9059DA95EF9E2AB62B058F1065C4DED.e.36"
}
[1755163012.932][INFO]: Waiting for pending navigations...
[1755163012.933][INFO]: Done waiting for pending navigations. Status: ok
[1755163012.944][INFO]: Waiting for pending navigations...
[1755163012.944][INFO]: Done waiting for pending navigations. Status: ok
[1755163012.944][INFO]: [9525ab14013b9f10aa0f81426611405e] RESPONSE GetElementText "2025-08-14"
[1755163012.946][INFO]: [9525ab14013b9f10aa0f81426611405e] COMMAND GetElementText {
   "id": "f.495C356B0656AF67333FEFF3EE6D4D65.d.F9059DA95EF9E2AB62B058F1065C4DED.e.37"
}
[1755163012.946][INFO]: Waiting for pending navigations...
[1755163012.946][INFO]: Done waiting for pending navigations. Status: ok
[1755163012.959][INFO]: Waiting for pending navigations...
[1755163012.960][INFO]: Done waiting for pending navigations. Status: ok
[1755163012.960][INFO]: [9525ab14013b9f10aa0f81426611405e] RESPONSE GetElementText "2025-08-12"
[1755163012.961][INFO]: [9525ab14013b9f10aa0f81426611405e] COMMAND FindChildElements {
   "id": "f.495C356B0656AF67333FEFF3EE6D4D65.d.F9059DA95EF9E2AB62B058F1065C4DED.e.27",
   "using": "tag name",
   "value": "td"
}
[1755163012.961][INFO]: Waiting for pending navigations...
[1755163012.963][INFO]: Done waiting for pending navigations. Status: ok
[1755163012.972][INFO]: Waiting for pending navigations...
[1755163012.972][INFO]: Done waiting for pending navigations. Status: ok
[1755163012.972][INFO]: [9525ab14013b9f10aa0f81426611405e] RESPONSE FindChildElements [ {
   "element-6066-11e4-a52e-4f735466cecf": "f.495C356B0656AF67333FEFF3EE6D4D65.d.F9059DA95EF9E2AB62B058F1065C4DED.e.38"
}, {
   "element-6066-11e4-a52e-4f735466cecf": "f.495C356B0656AF67333FEFF3EE6D4D65.d.F9059DA95EF9E2AB62B058F1065C4DED.e.39"
}, {
   "element-6066-11e4-a52e-4f735466cecf": "f.495C356B0656AF67333FEFF3EE6D4D65.d.F9059DA95EF9E2AB62B058F1065C4DED.e.40"
}, {
   "element-6066-11e4-a52e-4f735466cecf": "f.495C356B0656AF67333FEFF3EE6D4D65.d.F9059DA95EF9E2AB62B058F1065C4DED.e.41"
} ]
[1755163012.974][INFO]: [9525ab14013b9f10aa0f81426611405e] COMMAND GetElementText {
   "id": "f.495C356B0656AF67333FEFF3EE6D4D65.d.F9059DA95EF9E2AB62B058F1065C4DED.e.38"
}
[1755163012.974][INFO]: Waiting for pending navigations...
[1755163012.975][INFO]: Done waiting for pending navigations. Status: ok
[1755163012.986][INFO]: Waiting for pending navigations...
[1755163012.987][INFO]: Done waiting for pending navigations. Status: ok
[1755163012.987][INFO]: [9525ab14013b9f10aa0f81426611405e] RESPONSE GetElementText "【天津】\n宝坻提香轩室内分布用电协议"
[1755163012.988][INFO]: [9525ab14013b9f10aa0f81426611405e] COMMAND GetElementText {
   "id": "f.495C356B0656AF67333FEFF3EE6D4D65.d.F9059DA95EF9E2AB62B058F1065C4DED.e.38"
}
[1755163012.988][INFO]: Waiting for pending navigations...
[1755163012.989][INFO]: Done waiting for pending navigations. Status: ok
[1755163013.003][INFO]: Waiting for pending navigations...
[1755163013.004][INFO]: Done waiting for pending navigations. Status: ok
[1755163013.004][INFO]: [9525ab14013b9f10aa0f81426611405e] RESPONSE GetElementText "【天津】\n宝坻提香轩室内分布用电协议"
[1755163013.006][INFO]: [9525ab14013b9f10aa0f81426611405e] COMMAND GetElementText {
   "id": "f.495C356B0656AF67333FEFF3EE6D4D65.d.F9059DA95EF9E2AB62B058F1065C4DED.e.39"
}
[1755163013.006][INFO]: Waiting for pending navigations...
[1755163013.007][INFO]: Done waiting for pending navigations. Status: ok
[1755163013.020][INFO]: Waiting for pending navigations...
[1755163013.021][INFO]: Done waiting for pending navigations. Status: ok
[1755163013.021][INFO]: [9525ab14013b9f10aa0f81426611405e] RESPONSE GetElementText "2025-08-12"
[1755163013.023][INFO]: [9525ab14013b9f10aa0f81426611405e] COMMAND GetElementText {
   "id": "f.495C356B0656AF67333FEFF3EE6D4D65.d.F9059DA95EF9E2AB62B058F1065C4DED.e.40"
}
[1755163013.023][INFO]: Waiting for pending navigations...
[1755163013.024][INFO]: Done waiting for pending navigations. Status: ok
[1755163013.033][INFO]: Waiting for pending navigations...
[1755163013.034][INFO]: Done waiting for pending navigations. Status: ok
[1755163013.034][INFO]: [9525ab14013b9f10aa0f81426611405e] RESPONSE GetElementText "2025-08-14"
[1755163013.036][INFO]: [9525ab14013b9f10aa0f81426611405e] COMMAND GetElementText {
   "id": "f.495C356B0656AF67333FEFF3EE6D4D65.d.F9059DA95EF9E2AB62B058F1065C4DED.e.41"
}
[1755163013.037][INFO]: Waiting for pending navigations...
[1755163013.038][INFO]: Done waiting for pending navigations. Status: ok
[1755163013.047][INFO]: Waiting for pending navigations...
[1755163013.048][INFO]: Done waiting for pending navigations. Status: ok
[1755163013.048][INFO]: [9525ab14013b9f10aa0f81426611405e] RESPONSE GetElementText "2025-08-12"
[1755163013.050][INFO]: [9525ab14013b9f10aa0f81426611405e] COMMAND FindChildElements {
   "id": "f.495C356B0656AF67333FEFF3EE6D4D65.d.F9059DA95EF9E2AB62B058F1065C4DED.e.28",
   "using": "tag name",
   "value": "td"
}
[1755163013.050][INFO]: Waiting for pending navigations...
[1755163013.051][INFO]: Done waiting for pending navigations. Status: ok
[1755163013.058][INFO]: Waiting for pending navigations...
[1755163013.059][INFO]: Done waiting for pending navigations. Status: ok
[1755163013.059][INFO]: [9525ab14013b9f10aa0f81426611405e] RESPONSE FindChildElements [ {
   "element-6066-11e4-a52e-4f735466cecf": "f.495C356B0656AF67333FEFF3EE6D4D65.d.F9059DA95EF9E2AB62B058F1065C4DED.e.42"
}, {
   "element-6066-11e4-a52e-4f735466cecf": "f.495C356B0656AF67333FEFF3EE6D4D65.d.F9059DA95EF9E2AB62B058F1065C4DED.e.43"
}, {
   "element-6066-11e4-a52e-4f735466cecf": "f.495C356B0656AF67333FEFF3EE6D4D65.d.F9059DA95EF9E2AB62B058F1065C4DED.e.44"
}, {
   "element-6066-11e4-a52e-4f735466cecf": "f.495C356B0656AF67333FEFF3EE6D4D65.d.F9059DA95EF9E2AB62B058F1065C4DED.e.45"
} ]
[1755163013.060][INFO]: [9525ab14013b9f10aa0f81426611405e] COMMAND GetElementText {
   "id": "f.495C356B0656AF67333FEFF3EE6D4D65.d.F9059DA95EF9E2AB62B058F1065C4DED.e.42"
}
[1755163013.060][INFO]: Waiting for pending navigations...
[1755163013.061][INFO]: Done waiting for pending navigations. Status: ok
[1755163013.072][INFO]: Waiting for pending navigations...
[1755163013.073][INFO]: Done waiting for pending navigations. Status: ok
[1755163013.073][INFO]: [9525ab14013b9f10aa0f81426611405e] RESPONSE GetElementText "【天津】\n中国电信2025年木马与僵尸网络监测系统（天津）扩容工程公开询比公告"
[1755163013.074][INFO]: [9525ab14013b9f10aa0f81426611405e] COMMAND GetElementText {
   "id": "f.495C356B0656AF67333FEFF3EE6D4D65.d.F9059DA95EF9E2AB62B058F1065C4DED.e.42"
}
[1755163013.074][INFO]: Waiting for pending navigations...
[1755163013.075][INFO]: Done waiting for pending navigations. Status: ok
[1755163013.086][INFO]: Waiting for pending navigations...
[1755163013.087][INFO]: Done waiting for pending navigations. Status: ok
[1755163013.087][INFO]: [9525ab14013b9f10aa0f81426611405e] RESPONSE GetElementText "【天津】\n中国电信2025年木马与僵尸网络监测系统（天津）扩容工程公开询比公告"
[1755163013.088][INFO]: [9525ab14013b9f10aa0f81426611405e] COMMAND GetElementText {
   "id": "f.495C356B0656AF67333FEFF3EE6D4D65.d.F9059DA95EF9E2AB62B058F1065C4DED.e.43"
}
[1755163013.088][INFO]: Waiting for pending navigations...
[1755163013.089][INFO]: Done waiting for pending navigations. Status: ok
[1755163013.102][INFO]: Waiting for pending navigations...
[1755163013.103][INFO]: Done waiting for pending navigations. Status: ok
[1755163013.103][INFO]: [9525ab14013b9f10aa0f81426611405e] RESPONSE GetElementText "2025-08-12"
[1755163013.104][INFO]: [9525ab14013b9f10aa0f81426611405e] COMMAND GetElementText {
   "id": "f.495C356B0656AF67333FEFF3EE6D4D65.d.F9059DA95EF9E2AB62B058F1065C4DED.e.44"
}
[1755163013.104][INFO]: Waiting for pending navigations...
[1755163013.106][INFO]: Done waiting for pending navigations. Status: ok
[1755163013.116][INFO]: Waiting for pending navigations...
[1755163013.117][INFO]: Done waiting for pending navigations. Status: ok
[1755163013.117][INFO]: [9525ab14013b9f10aa0f81426611405e] RESPONSE GetElementText "2025-08-15"
[1755163013.118][INFO]: [9525ab14013b9f10aa0f81426611405e] COMMAND GetElementText {
   "id": "f.495C356B0656AF67333FEFF3EE6D4D65.d.F9059DA95EF9E2AB62B058F1065C4DED.e.45"
}
[1755163013.118][INFO]: Waiting for pending navigations...
[1755163013.119][INFO]: Done waiting for pending navigations. Status: ok
[1755163013.131][INFO]: Waiting for pending navigations...
[1755163013.132][INFO]: Done waiting for pending navigations. Status: ok
[1755163013.132][INFO]: [9525ab14013b9f10aa0f81426611405e] RESPONSE GetElementText "2025-08-12"
[1755163013.134][INFO]: [9525ab14013b9f10aa0f81426611405e] COMMAND FindChildElements {
   "id": "f.495C356B0656AF67333FEFF3EE6D4D65.d.F9059DA95EF9E2AB62B058F1065C4DED.e.29",
   "using": "tag name",
   "value": "td"
}
[1755163013.134][INFO]: Waiting for pending navigations...
[1755163013.135][INFO]: Done waiting for pending navigations. Status: ok
[1755163013.145][INFO]: Waiting for pending navigations...
[1755163013.146][INFO]: Done waiting for pending navigations. Status: ok
[1755163013.146][INFO]: [9525ab14013b9f10aa0f81426611405e] RESPONSE FindChildElements [ {
   "element-6066-11e4-a52e-4f735466cecf": "f.495C356B0656AF67333FEFF3EE6D4D65.d.F9059DA95EF9E2AB62B058F1065C4DED.e.46"
}, {
   "element-6066-11e4-a52e-4f735466cecf": "f.495C356B0656AF67333FEFF3EE6D4D65.d.F9059DA95EF9E2AB62B058F1065C4DED.e.47"
}, {
   "element-6066-11e4-a52e-4f735466cecf": "f.495C356B0656AF67333FEFF3EE6D4D65.d.F9059DA95EF9E2AB62B058F1065C4DED.e.48"
}, {
   "element-6066-11e4-a52e-4f735466cecf": "f.495C356B0656AF67333FEFF3EE6D4D65.d.F9059DA95EF9E2AB62B058F1065C4DED.e.49"
} ]
[1755163013.147][INFO]: [9525ab14013b9f10aa0f81426611405e] COMMAND GetElementText {
   "id": "f.495C356B0656AF67333FEFF3EE6D4D65.d.F9059DA95EF9E2AB62B058F1065C4DED.e.46"
}
[1755163013.147][INFO]: Waiting for pending navigations...
[1755163013.149][INFO]: Done waiting for pending navigations. Status: ok
[1755163013.161][INFO]: Waiting for pending navigations...
[1755163013.162][INFO]: Done waiting for pending navigations. Status: ok
[1755163013.162][INFO]: [9525ab14013b9f10aa0f81426611405e] RESPONSE GetElementText "【天津】\n中国电信天津分公司2025年室外光缆集团集采过渡期省采框架采购项目成交候选人公示"
[1755163013.163][INFO]: [9525ab14013b9f10aa0f81426611405e] COMMAND GetElementText {
   "id": "f.495C356B0656AF67333FEFF3EE6D4D65.d.F9059DA95EF9E2AB62B058F1065C4DED.e.46"
}
[1755163013.163][INFO]: Waiting for pending navigations...
[1755163013.164][INFO]: Done waiting for pending navigations. Status: ok
[1755163013.179][INFO]: Waiting for pending navigations...
[1755163013.180][INFO]: Done waiting for pending navigations. Status: ok
[1755163013.180][INFO]: [9525ab14013b9f10aa0f81426611405e] RESPONSE GetElementText "【天津】\n中国电信天津分公司2025年室外光缆集团集采过渡期省采框架采购项目成交候选人公示"
[1755163013.182][INFO]: [9525ab14013b9f10aa0f81426611405e] COMMAND GetElementText {
   "id": "f.495C356B0656AF67333FEFF3EE6D4D65.d.F9059DA95EF9E2AB62B058F1065C4DED.e.47"
}
[1755163013.182][INFO]: Waiting for pending navigations...
[1755163013.183][INFO]: Done waiting for pending navigations. Status: ok
[1755163013.193][INFO]: Waiting for pending navigations...
[1755163013.193][INFO]: Done waiting for pending navigations. Status: ok
[1755163013.193][INFO]: [9525ab14013b9f10aa0f81426611405e] RESPONSE GetElementText "2025-08-12"
[1755163013.195][INFO]: [9525ab14013b9f10aa0f81426611405e] COMMAND GetElementText {
   "id": "f.495C356B0656AF67333FEFF3EE6D4D65.d.F9059DA95EF9E2AB62B058F1065C4DED.e.48"
}
[1755163013.195][INFO]: Waiting for pending navigations...
[1755163013.196][INFO]: Done waiting for pending navigations. Status: ok
[1755163013.206][INFO]: Waiting for pending navigations...
[1755163013.207][INFO]: Done waiting for pending navigations. Status: ok
[1755163013.207][INFO]: [9525ab14013b9f10aa0f81426611405e] RESPONSE GetElementText "2025-08-14"
[1755163013.209][INFO]: [9525ab14013b9f10aa0f81426611405e] COMMAND GetElementText {
   "id": "f.495C356B0656AF67333FEFF3EE6D4D65.d.F9059DA95EF9E2AB62B058F1065C4DED.e.49"
}
[1755163013.209][INFO]: Waiting for pending navigations...
[1755163013.210][INFO]: Done waiting for pending navigations. Status: ok
[1755163013.220][INFO]: Waiting for pending navigations...
[1755163013.220][INFO]: Done waiting for pending navigations. Status: ok
[1755163013.220][INFO]: [9525ab14013b9f10aa0f81426611405e] RESPONSE GetElementText "2025-08-11"
[1755163013.222][INFO]: [9525ab14013b9f10aa0f81426611405e] COMMAND FindElement {
   "using": "xpath",
   "value": "//button[contains(@class, 'btn-next')]"
}
[1755163013.222][INFO]: Waiting for pending navigations...
[1755163013.223][INFO]: Done waiting for pending navigations. Status: ok
[1755163013.230][INFO]: Waiting for pending navigations...
[1755163013.232][INFO]: Done waiting for pending navigations. Status: ok
[1755163013.232][INFO]: [9525ab14013b9f10aa0f81426611405e] RESPONSE FindElement {
   "element-6066-11e4-a52e-4f735466cecf": "f.495C356B0656AF67333FEFF3EE6D4D65.d.F9059DA95EF9E2AB62B058F1065C4DED.e.50"
}
[1755163013.233][INFO]: [9525ab14013b9f10aa0f81426611405e] COMMAND IsElementEnabled {
   "id": "f.495C356B0656AF67333FEFF3EE6D4D65.d.F9059DA95EF9E2AB62B058F1065C4DED.e.50"
}
[1755163013.233][INFO]: Waiting for pending navigations...
[1755163013.234][INFO]: Done waiting for pending navigations. Status: ok
[1755163013.243][INFO]: Waiting for pending navigations...
[1755163013.243][INFO]: Done waiting for pending navigations. Status: ok
[1755163013.243][INFO]: [9525ab14013b9f10aa0f81426611405e] RESPONSE IsElementEnabled true
[1755163013.245][INFO]: [9525ab14013b9f10aa0f81426611405e] COMMAND FindElement {
   "using": "xpath",
   "value": "//div[contains(@class, 'el-table__body-wrapper')]//tr[@class='el-table__row'][1]/td[1]"
}
[1755163013.245][INFO]: Waiting for pending navigations...
[1755163013.246][INFO]: Done waiting for pending navigations. Status: ok
[1755163013.254][INFO]: Waiting for pending navigations...
[1755163013.255][INFO]: Done waiting for pending navigations. Status: ok
[1755163013.255][INFO]: [9525ab14013b9f10aa0f81426611405e] RESPONSE FindElement {
   "element-6066-11e4-a52e-4f735466cecf": "f.495C356B0656AF67333FEFF3EE6D4D65.d.F9059DA95EF9E2AB62B058F1065C4DED.e.30"
}
[1755163013.257][INFO]: [9525ab14013b9f10aa0f81426611405e] COMMAND GetElementText {
   "id": "f.495C356B0656AF67333FEFF3EE6D4D65.d.F9059DA95EF9E2AB62B058F1065C4DED.e.30"
}
[1755163013.257][INFO]: Waiting for pending navigations...
[1755163013.258][INFO]: Done waiting for pending navigations. Status: ok
[1755163013.270][INFO]: Waiting for pending navigations...
[1755163013.270][INFO]: Done waiting for pending navigations. Status: ok
[1755163013.270][INFO]: [9525ab14013b9f10aa0f81426611405e] RESPONSE GetElementText "【天津】\n中国电信河东河西分公司天津市某院语音交换机入网许可采购项目询比结果公示"
[1755163013.272][INFO]: [9525ab14013b9f10aa0f81426611405e] COMMAND ExecuteScript {
   "args": [ {
      "element-6066-11e4-a52e-4f735466cecf": "f.495C356B0656AF67333FEFF3EE6D4D65.d.F9059DA95EF9E2AB62B058F1065C4DED.e.50"
   } ],
   "script": "arguments[0].click();"
}
[1755163013.272][INFO]: Waiting for pending navigations...
[1755163013.273][INFO]: Done waiting for pending navigations. Status: ok
[1755163013.304][INFO]: Waiting for pending navigations...
[1755163013.309][INFO]: Done waiting for pending navigations. Status: ok
[1755163013.309][INFO]: [9525ab14013b9f10aa0f81426611405e] RESPONSE ExecuteScript null
[1755163013.310][INFO]: [9525ab14013b9f10aa0f81426611405e] COMMAND FindElement {
   "using": "xpath",
   "value": "//div[contains(@class, 'el-table__body-wrapper')]//tr[@class='el-table__row'][1]/td[1]"
}
[1755163013.310][INFO]: Waiting for pending navigations...
[1755163013.311][INFO]: Done waiting for pending navigations. Status: ok
[1755163013.321][INFO]: Waiting for pending navigations...
[1755163013.322][INFO]: Done waiting for pending navigations. Status: ok
[1755163013.322][INFO]: [9525ab14013b9f10aa0f81426611405e] RESPONSE FindElement {
   "element-6066-11e4-a52e-4f735466cecf": "f.495C356B0656AF67333FEFF3EE6D4D65.d.F9059DA95EF9E2AB62B058F1065C4DED.e.30"
}
[1755163013.323][INFO]: [9525ab14013b9f10aa0f81426611405e] COMMAND GetElementText {
   "id": "f.495C356B0656AF67333FEFF3EE6D4D65.d.F9059DA95EF9E2AB62B058F1065C4DED.e.30"
}
[1755163013.323][INFO]: Waiting for pending navigations...
[1755163013.324][INFO]: Done waiting for pending navigations. Status: ok
[1755163013.335][INFO]: Waiting for pending navigations...
[1755163013.336][INFO]: Done waiting for pending navigations. Status: ok
[1755163013.336][INFO]: [9525ab14013b9f10aa0f81426611405e] RESPONSE GetElementText "【天津】\n中国电信河东河西分公司天津市某院语音交换机入网许可采购项目询比结果公示"
[1755163013.842][INFO]: [9525ab14013b9f10aa0f81426611405e] COMMAND FindElement {
   "using": "xpath",
   "value": "//div[contains(@class, 'el-table__body-wrapper')]//tr[@class='el-table__row'][1]/td[1]"
}
[1755163013.842][INFO]: Waiting for pending navigations...
[1755163013.843][INFO]: Done waiting for pending navigations. Status: ok
[1755163013.861][INFO]: Waiting for pending navigations...
[1755163013.865][INFO]: Done waiting for pending navigations. Status: ok
[1755163013.865][INFO]: [9525ab14013b9f10aa0f81426611405e] RESPONSE FindElement {
   "element-6066-11e4-a52e-4f735466cecf": "f.495C356B0656AF67333FEFF3EE6D4D65.d.F9059DA95EF9E2AB62B058F1065C4DED.e.30"
}
[1755163013.866][INFO]: [9525ab14013b9f10aa0f81426611405e] COMMAND GetElementText {
   "id": "f.495C356B0656AF67333FEFF3EE6D4D65.d.F9059DA95EF9E2AB62B058F1065C4DED.e.30"
}
[1755163013.866][INFO]: Waiting for pending navigations...
[1755163013.867][INFO]: Done waiting for pending navigations. Status: ok
[1755163013.883][INFO]: Waiting for pending navigations...
[1755163013.885][INFO]: Done waiting for pending navigations. Status: ok
[1755163013.885][INFO]: [9525ab14013b9f10aa0f81426611405e] RESPONSE GetElementText "【天津】\n2025年凌奥机房租赁合同续签项目单一来源采购公示"
[1755163013.886][INFO]: [9525ab14013b9f10aa0f81426611405e] COMMAND FindElement {
   "using": "css selector",
   "value": ".tableList"
}
[1755163013.886][INFO]: Waiting for pending navigations...
[1755163013.887][INFO]: Done waiting for pending navigations. Status: ok
[1755163013.894][INFO]: Waiting for pending navigations...
[1755163013.894][INFO]: Done waiting for pending navigations. Status: ok
[1755163013.894][INFO]: [9525ab14013b9f10aa0f81426611405e] RESPONSE FindElement {
   "element-6066-11e4-a52e-4f735466cecf": "f.495C356B0656AF67333FEFF3EE6D4D65.d.F9059DA95EF9E2AB62B058F1065C4DED.e.24"
}
[1755163013.896][INFO]: [9525ab14013b9f10aa0f81426611405e] COMMAND FindElements {
   "using": "xpath",
   "value": "//div[contains(@class, 'el-table__body-wrapper')]//tr[@class='el-table__row']"
}
[1755163013.896][INFO]: Waiting for pending navigations...
[1755163013.897][INFO]: Done waiting for pending navigations. Status: ok
[1755163013.906][INFO]: Waiting for pending navigations...
[1755163013.906][INFO]: Done waiting for pending navigations. Status: ok
[1755163013.906][INFO]: [9525ab14013b9f10aa0f81426611405e] RESPONSE FindElements [ {
   "element-6066-11e4-a52e-4f735466cecf": "f.495C356B0656AF67333FEFF3EE6D4D65.d.F9059DA95EF9E2AB62B058F1065C4DED.e.25"
}, {
   "element-6066-11e4-a52e-4f735466cecf": "f.495C356B0656AF67333FEFF3EE6D4D65.d.F9059DA95EF9E2AB62B058F1065C4DED.e.26"
}, {
   "element-6066-11e4-a52e-4f735466cecf": "f.495C356B0656AF67333FEFF3EE6D4D65.d.F9059DA95EF9E2AB62B058F1065C4DED.e.27"
}, {
   "element-6066-11e4-a52e-4f735466cecf": "f.495C356B0656AF67333FEFF3EE6D4D65.d.F9059DA95EF9E2AB62B058F1065C4DED.e.28"
}, {
   "element-6066-11e4-a52e-4f735466cecf": "f.495C356B0656AF67333FEFF3EE6D4D65.d.F9059DA95EF9E2AB62B058F1065C4DED.e.29"
} ]
[1755163013.908][INFO]: [9525ab14013b9f10aa0f81426611405e] COMMAND FindChildElements {
   "id": "f.495C356B0656AF67333FEFF3EE6D4D65.d.F9059DA95EF9E2AB62B058F1065C4DED.e.25",
   "using": "tag name",
   "value": "td"
}
[1755163013.908][INFO]: Waiting for pending navigations...
[1755163013.908][INFO]: Done waiting for pending navigations. Status: ok
[1755163013.917][INFO]: Waiting for pending navigations...
[1755163013.917][INFO]: Done waiting for pending navigations. Status: ok
[1755163013.917][INFO]: [9525ab14013b9f10aa0f81426611405e] RESPONSE FindChildElements [ {
   "element-6066-11e4-a52e-4f735466cecf": "f.495C356B0656AF67333FEFF3EE6D4D65.d.F9059DA95EF9E2AB62B058F1065C4DED.e.30"
}, {
   "element-6066-11e4-a52e-4f735466cecf": "f.495C356B0656AF67333FEFF3EE6D4D65.d.F9059DA95EF9E2AB62B058F1065C4DED.e.31"
}, {
   "element-6066-11e4-a52e-4f735466cecf": "f.495C356B0656AF67333FEFF3EE6D4D65.d.F9059DA95EF9E2AB62B058F1065C4DED.e.32"
}, {
   "element-6066-11e4-a52e-4f735466cecf": "f.495C356B0656AF67333FEFF3EE6D4D65.d.F9059DA95EF9E2AB62B058F1065C4DED.e.33"
} ]
[1755163013.919][INFO]: [9525ab14013b9f10aa0f81426611405e] COMMAND GetElementText {
   "id": "f.495C356B0656AF67333FEFF3EE6D4D65.d.F9059DA95EF9E2AB62B058F1065C4DED.e.30"
}
[1755163013.919][INFO]: Waiting for pending navigations...
[1755163013.922][INFO]: Done waiting for pending navigations. Status: ok
[1755163013.953][INFO]: Waiting for pending navigations...
[1755163013.955][INFO]: Done waiting for pending navigations. Status: ok
[1755163013.955][INFO]: [9525ab14013b9f10aa0f81426611405e] RESPONSE GetElementText "【天津】\n2025年凌奥机房租赁合同续签项目单一来源采购公示"
[1755163013.960][INFO]: [9525ab14013b9f10aa0f81426611405e] COMMAND GetElementText {
   "id": "f.495C356B0656AF67333FEFF3EE6D4D65.d.F9059DA95EF9E2AB62B058F1065C4DED.e.30"
}
[1755163013.960][INFO]: Waiting for pending navigations...
[1755163013.960][INFO]: Done waiting for pending navigations. Status: ok
[1755163013.978][INFO]: Waiting for pending navigations...
[1755163013.980][INFO]: Done waiting for pending navigations. Status: ok
[1755163013.980][INFO]: [9525ab14013b9f10aa0f81426611405e] RESPONSE GetElementText "【天津】\n2025年凌奥机房租赁合同续签项目单一来源采购公示"
[1755163013.981][INFO]: [9525ab14013b9f10aa0f81426611405e] COMMAND GetElementText {
   "id": "f.495C356B0656AF67333FEFF3EE6D4D65.d.F9059DA95EF9E2AB62B058F1065C4DED.e.31"
}
[1755163013.981][INFO]: Waiting for pending navigations...
[1755163013.982][INFO]: Done waiting for pending navigations. Status: ok
[1755163013.991][INFO]: Waiting for pending navigations...
[1755163013.992][INFO]: Done waiting for pending navigations. Status: ok
[1755163013.992][INFO]: [9525ab14013b9f10aa0f81426611405e] RESPONSE GetElementText "2025-08-12"
[1755163013.994][INFO]: [9525ab14013b9f10aa0f81426611405e] COMMAND GetElementText {
   "id": "f.495C356B0656AF67333FEFF3EE6D4D65.d.F9059DA95EF9E2AB62B058F1065C4DED.e.32"
}
[1755163013.994][INFO]: Waiting for pending navigations...
[1755163013.995][INFO]: Done waiting for pending navigations. Status: ok
[1755163014.004][INFO]: Waiting for pending navigations...
[1755163014.004][INFO]: Done waiting for pending navigations. Status: ok
[1755163014.004][INFO]: [9525ab14013b9f10aa0f81426611405e] RESPONSE GetElementText "2025-08-14"
[1755163014.006][INFO]: [9525ab14013b9f10aa0f81426611405e] COMMAND GetElementText {
   "id": "f.495C356B0656AF67333FEFF3EE6D4D65.d.F9059DA95EF9E2AB62B058F1065C4DED.e.33"
}
[1755163014.006][INFO]: Waiting for pending navigations...
[1755163014.006][INFO]: Done waiting for pending navigations. Status: ok
[1755163014.017][INFO]: Waiting for pending navigations...
[1755163014.018][INFO]: Done waiting for pending navigations. Status: ok
[1755163014.018][INFO]: [9525ab14013b9f10aa0f81426611405e] RESPONSE GetElementText "2025-08-11"
[1755163014.020][INFO]: [9525ab14013b9f10aa0f81426611405e] COMMAND FindChildElements {
   "id": "f.495C356B0656AF67333FEFF3EE6D4D65.d.F9059DA95EF9E2AB62B058F1065C4DED.e.26",
   "using": "tag name",
   "value": "td"
}
[1755163014.020][INFO]: Waiting for pending navigations...
[1755163014.021][INFO]: Done waiting for pending navigations. Status: ok
[1755163014.029][INFO]: Waiting for pending navigations...
[1755163014.030][INFO]: Done waiting for pending navigations. Status: ok
[1755163014.030][INFO]: [9525ab14013b9f10aa0f81426611405e] RESPONSE FindChildElements [ {
   "element-6066-11e4-a52e-4f735466cecf": "f.495C356B0656AF67333FEFF3EE6D4D65.d.F9059DA95EF9E2AB62B058F1065C4DED.e.34"
}, {
   "element-6066-11e4-a52e-4f735466cecf": "f.495C356B0656AF67333FEFF3EE6D4D65.d.F9059DA95EF9E2AB62B058F1065C4DED.e.35"
}, {
   "element-6066-11e4-a52e-4f735466cecf": "f.495C356B0656AF67333FEFF3EE6D4D65.d.F9059DA95EF9E2AB62B058F1065C4DED.e.36"
}, {
   "element-6066-11e4-a52e-4f735466cecf": "f.495C356B0656AF67333FEFF3EE6D4D65.d.F9059DA95EF9E2AB62B058F1065C4DED.e.37"
} ]
[1755163014.031][INFO]: [9525ab14013b9f10aa0f81426611405e] COMMAND GetElementText {
   "id": "f.495C356B0656AF67333FEFF3EE6D4D65.d.F9059DA95EF9E2AB62B058F1065C4DED.e.34"
}
[1755163014.031][INFO]: Waiting for pending navigations...
[1755163014.032][INFO]: Done waiting for pending navigations. Status: ok
[1755163014.043][INFO]: Waiting for pending navigations...
[1755163014.043][INFO]: Done waiting for pending navigations. Status: ok
[1755163014.043][INFO]: [9525ab14013b9f10aa0f81426611405e] RESPONSE GetElementText "【天津】\n中国电信西青分公司某单位2025年量子加密通联项目接入工程量子云会议平台项目直接采购公示"
[1755163014.045][INFO]: [9525ab14013b9f10aa0f81426611405e] COMMAND GetElementText {
   "id": "f.495C356B0656AF67333FEFF3EE6D4D65.d.F9059DA95EF9E2AB62B058F1065C4DED.e.34"
}
[1755163014.045][INFO]: Waiting for pending navigations...
[1755163014.046][INFO]: Done waiting for pending navigations. Status: ok
[1755163014.056][INFO]: Waiting for pending navigations...
[1755163014.057][INFO]: Done waiting for pending navigations. Status: ok
[1755163014.057][INFO]: [9525ab14013b9f10aa0f81426611405e] RESPONSE GetElementText "【天津】\n中国电信西青分公司某单位2025年量子加密通联项目接入工程量子云会议平台项目直接采购公示"
[1755163014.058][INFO]: [9525ab14013b9f10aa0f81426611405e] COMMAND GetElementText {
   "id": "f.495C356B0656AF67333FEFF3EE6D4D65.d.F9059DA95EF9E2AB62B058F1065C4DED.e.35"
}
[1755163014.058][INFO]: Waiting for pending navigations...
[1755163014.059][INFO]: Done waiting for pending navigations. Status: ok
[1755163014.070][INFO]: Waiting for pending navigations...
[1755163014.070][INFO]: Done waiting for pending navigations. Status: ok
[1755163014.070][INFO]: [9525ab14013b9f10aa0f81426611405e] RESPONSE GetElementText "2025-08-12"
[1755163014.072][INFO]: [9525ab14013b9f10aa0f81426611405e] COMMAND GetElementText {
   "id": "f.495C356B0656AF67333FEFF3EE6D4D65.d.F9059DA95EF9E2AB62B058F1065C4DED.e.36"
}
[1755163014.072][INFO]: Waiting for pending navigations...
[1755163014.073][INFO]: Done waiting for pending navigations. Status: ok
[1755163014.083][INFO]: Waiting for pending navigations...
[1755163014.084][INFO]: Done waiting for pending navigations. Status: ok
[1755163014.084][INFO]: [9525ab14013b9f10aa0f81426611405e] RESPONSE GetElementText "2025-08-14"
[1755163014.085][INFO]: [9525ab14013b9f10aa0f81426611405e] COMMAND GetElementText {
   "id": "f.495C356B0656AF67333FEFF3EE6D4D65.d.F9059DA95EF9E2AB62B058F1065C4DED.e.37"
}
[1755163014.085][INFO]: Waiting for pending navigations...
[1755163014.086][INFO]: Done waiting for pending navigations. Status: ok
[1755163014.098][INFO]: Waiting for pending navigations...
[1755163014.099][INFO]: Done waiting for pending navigations. Status: ok
[1755163014.099][INFO]: [9525ab14013b9f10aa0f81426611405e] RESPONSE GetElementText "2025-08-11"
[1755163014.101][INFO]: [9525ab14013b9f10aa0f81426611405e] COMMAND FindChildElements {
   "id": "f.495C356B0656AF67333FEFF3EE6D4D65.d.F9059DA95EF9E2AB62B058F1065C4DED.e.27",
   "using": "tag name",
   "value": "td"
}
[1755163014.101][INFO]: Waiting for pending navigations...
[1755163014.101][INFO]: Done waiting for pending navigations. Status: ok
[1755163014.109][INFO]: Waiting for pending navigations...
[1755163014.110][INFO]: Done waiting for pending navigations. Status: ok
[1755163014.110][INFO]: [9525ab14013b9f10aa0f81426611405e] RESPONSE FindChildElements [ {
   "element-6066-11e4-a52e-4f735466cecf": "f.495C356B0656AF67333FEFF3EE6D4D65.d.F9059DA95EF9E2AB62B058F1065C4DED.e.38"
}, {
   "element-6066-11e4-a52e-4f735466cecf": "f.495C356B0656AF67333FEFF3EE6D4D65.d.F9059DA95EF9E2AB62B058F1065C4DED.e.39"
}, {
   "element-6066-11e4-a52e-4f735466cecf": "f.495C356B0656AF67333FEFF3EE6D4D65.d.F9059DA95EF9E2AB62B058F1065C4DED.e.40"
}, {
   "element-6066-11e4-a52e-4f735466cecf": "f.495C356B0656AF67333FEFF3EE6D4D65.d.F9059DA95EF9E2AB62B058F1065C4DED.e.41"
} ]
[1755163014.111][INFO]: [9525ab14013b9f10aa0f81426611405e] COMMAND GetElementText {
   "id": "f.495C356B0656AF67333FEFF3EE6D4D65.d.F9059DA95EF9E2AB62B058F1065C4DED.e.38"
}
[1755163014.111][INFO]: Waiting for pending navigations...
[1755163014.113][INFO]: Done waiting for pending navigations. Status: ok
[1755163014.123][INFO]: Waiting for pending navigations...
[1755163014.123][INFO]: Done waiting for pending navigations. Status: ok
[1755163014.123][INFO]: [9525ab14013b9f10aa0f81426611405e] RESPONSE GetElementText "【天津】\n2025年中国电信天津分公司 （滨海空港金发宿舍二期）室内分布系统覆盖协议"
[1755163014.125][INFO]: [9525ab14013b9f10aa0f81426611405e] COMMAND GetElementText {
   "id": "f.495C356B0656AF67333FEFF3EE6D4D65.d.F9059DA95EF9E2AB62B058F1065C4DED.e.38"
}
[1755163014.125][INFO]: Waiting for pending navigations...
[1755163014.126][INFO]: Done waiting for pending navigations. Status: ok
[1755163014.139][INFO]: Waiting for pending navigations...
[1755163014.140][INFO]: Done waiting for pending navigations. Status: ok
[1755163014.140][INFO]: [9525ab14013b9f10aa0f81426611405e] RESPONSE GetElementText "【天津】\n2025年中国电信天津分公司 （滨海空港金发宿舍二期）室内分布系统覆盖协议"
[1755163014.141][INFO]: [9525ab14013b9f10aa0f81426611405e] COMMAND GetElementText {
   "id": "f.495C356B0656AF67333FEFF3EE6D4D65.d.F9059DA95EF9E2AB62B058F1065C4DED.e.39"
}
[1755163014.141][INFO]: Waiting for pending navigations...
[1755163014.142][INFO]: Done waiting for pending navigations. Status: ok
[1755163014.151][INFO]: Waiting for pending navigations...
[1755163014.152][INFO]: Done waiting for pending navigations. Status: ok
[1755163014.152][INFO]: [9525ab14013b9f10aa0f81426611405e] RESPONSE GetElementText "2025-08-11"
[1755163014.153][INFO]: [9525ab14013b9f10aa0f81426611405e] COMMAND GetElementText {
   "id": "f.495C356B0656AF67333FEFF3EE6D4D65.d.F9059DA95EF9E2AB62B058F1065C4DED.e.40"
}
[1755163014.153][INFO]: Waiting for pending navigations...
[1755163014.154][INFO]: Done waiting for pending navigations. Status: ok
[1755163014.162][INFO]: Waiting for pending navigations...
[1755163014.163][INFO]: Done waiting for pending navigations. Status: ok
[1755163014.163][INFO]: [9525ab14013b9f10aa0f81426611405e] RESPONSE GetElementText "2025-08-13"
[1755163014.164][INFO]: [9525ab14013b9f10aa0f81426611405e] COMMAND GetElementText {
   "id": "f.495C356B0656AF67333FEFF3EE6D4D65.d.F9059DA95EF9E2AB62B058F1065C4DED.e.41"
}
[1755163014.164][INFO]: Waiting for pending navigations...
[1755163014.165][INFO]: Done waiting for pending navigations. Status: ok
[1755163014.174][INFO]: Waiting for pending navigations...
[1755163014.174][INFO]: Done waiting for pending navigations. Status: ok
[1755163014.174][INFO]: [9525ab14013b9f10aa0f81426611405e] RESPONSE GetElementText "2025-08-11"
[1755163014.176][INFO]: [9525ab14013b9f10aa0f81426611405e] COMMAND FindChildElements {
   "id": "f.495C356B0656AF67333FEFF3EE6D4D65.d.F9059DA95EF9E2AB62B058F1065C4DED.e.28",
   "using": "tag name",
   "value": "td"
}
[1755163014.176][INFO]: Waiting for pending navigations...
[1755163014.177][INFO]: Done waiting for pending navigations. Status: ok
[1755163014.185][INFO]: Waiting for pending navigations...
[1755163014.185][INFO]: Done waiting for pending navigations. Status: ok
[1755163014.185][INFO]: [9525ab14013b9f10aa0f81426611405e] RESPONSE FindChildElements [ {
   "element-6066-11e4-a52e-4f735466cecf": "f.495C356B0656AF67333FEFF3EE6D4D65.d.F9059DA95EF9E2AB62B058F1065C4DED.e.42"
}, {
   "element-6066-11e4-a52e-4f735466cecf": "f.495C356B0656AF67333FEFF3EE6D4D65.d.F9059DA95EF9E2AB62B058F1065C4DED.e.43"
}, {
   "element-6066-11e4-a52e-4f735466cecf": "f.495C356B0656AF67333FEFF3EE6D4D65.d.F9059DA95EF9E2AB62B058F1065C4DED.e.44"
}, {
   "element-6066-11e4-a52e-4f735466cecf": "f.495C356B0656AF67333FEFF3EE6D4D65.d.F9059DA95EF9E2AB62B058F1065C4DED.e.45"
} ]
[1755163014.187][INFO]: [9525ab14013b9f10aa0f81426611405e] COMMAND GetElementText {
   "id": "f.495C356B0656AF67333FEFF3EE6D4D65.d.F9059DA95EF9E2AB62B058F1065C4DED.e.42"
}
[1755163014.187][INFO]: Waiting for pending navigations...
[1755163014.188][INFO]: Done waiting for pending navigations. Status: ok
[1755163014.198][INFO]: Waiting for pending navigations...
[1755163014.198][INFO]: Done waiting for pending navigations. Status: ok
[1755163014.199][INFO]: [9525ab14013b9f10aa0f81426611405e] RESPONSE GetElementText "【天津】\n中国电信天津分公司2025年CRM系统客户要素集约第三阶段演进改造工程公开询比公告"
[1755163014.200][INFO]: [9525ab14013b9f10aa0f81426611405e] COMMAND GetElementText {
   "id": "f.495C356B0656AF67333FEFF3EE6D4D65.d.F9059DA95EF9E2AB62B058F1065C4DED.e.42"
}
[1755163014.200][INFO]: Waiting for pending navigations...
[1755163014.201][INFO]: Done waiting for pending navigations. Status: ok
[1755163014.211][INFO]: Waiting for pending navigations...
[1755163014.211][INFO]: Done waiting for pending navigations. Status: ok
[1755163014.211][INFO]: [9525ab14013b9f10aa0f81426611405e] RESPONSE GetElementText "【天津】\n中国电信天津分公司2025年CRM系统客户要素集约第三阶段演进改造工程公开询比公告"
[1755163014.213][INFO]: [9525ab14013b9f10aa0f81426611405e] COMMAND GetElementText {
   "id": "f.495C356B0656AF67333FEFF3EE6D4D65.d.F9059DA95EF9E2AB62B058F1065C4DED.e.43"
}
[1755163014.213][INFO]: Waiting for pending navigations...
[1755163014.213][INFO]: Done waiting for pending navigations. Status: ok
[1755163014.222][INFO]: Waiting for pending navigations...
[1755163014.222][INFO]: Done waiting for pending navigations. Status: ok
[1755163014.222][INFO]: [9525ab14013b9f10aa0f81426611405e] RESPONSE GetElementText "2025-08-11"
[1755163014.223][INFO]: [9525ab14013b9f10aa0f81426611405e] COMMAND GetElementText {
   "id": "f.495C356B0656AF67333FEFF3EE6D4D65.d.F9059DA95EF9E2AB62B058F1065C4DED.e.44"
}
[1755163014.223][INFO]: Waiting for pending navigations...
[1755163014.224][INFO]: Done waiting for pending navigations. Status: ok
[1755163014.232][INFO]: Waiting for pending navigations...
[1755163014.233][INFO]: Done waiting for pending navigations. Status: ok
[1755163014.233][INFO]: [9525ab14013b9f10aa0f81426611405e] RESPONSE GetElementText "2025-08-14"
[1755163014.234][INFO]: [9525ab14013b9f10aa0f81426611405e] COMMAND GetElementText {
   "id": "f.495C356B0656AF67333FEFF3EE6D4D65.d.F9059DA95EF9E2AB62B058F1065C4DED.e.45"
}
[1755163014.234][INFO]: Waiting for pending navigations...
[1755163014.235][INFO]: Done waiting for pending navigations. Status: ok
[1755163014.245][INFO]: Waiting for pending navigations...
[1755163014.246][INFO]: Done waiting for pending navigations. Status: ok
[1755163014.246][INFO]: [9525ab14013b9f10aa0f81426611405e] RESPONSE GetElementText "2025-08-11"
[1755163014.247][INFO]: [9525ab14013b9f10aa0f81426611405e] COMMAND FindChildElements {
   "id": "f.495C356B0656AF67333FEFF3EE6D4D65.d.F9059DA95EF9E2AB62B058F1065C4DED.e.29",
   "using": "tag name",
   "value": "td"
}
[1755163014.247][INFO]: Waiting for pending navigations...
[1755163014.248][INFO]: Done waiting for pending navigations. Status: ok
[1755163014.256][INFO]: Waiting for pending navigations...
[1755163014.257][INFO]: Done waiting for pending navigations. Status: ok
[1755163014.257][INFO]: [9525ab14013b9f10aa0f81426611405e] RESPONSE FindChildElements [ {
   "element-6066-11e4-a52e-4f735466cecf": "f.495C356B0656AF67333FEFF3EE6D4D65.d.F9059DA95EF9E2AB62B058F1065C4DED.e.46"
}, {
   "element-6066-11e4-a52e-4f735466cecf": "f.495C356B0656AF67333FEFF3EE6D4D65.d.F9059DA95EF9E2AB62B058F1065C4DED.e.47"
}, {
   "element-6066-11e4-a52e-4f735466cecf": "f.495C356B0656AF67333FEFF3EE6D4D65.d.F9059DA95EF9E2AB62B058F1065C4DED.e.48"
}, {
   "element-6066-11e4-a52e-4f735466cecf": "f.495C356B0656AF67333FEFF3EE6D4D65.d.F9059DA95EF9E2AB62B058F1065C4DED.e.49"
} ]
[1755163014.259][INFO]: [9525ab14013b9f10aa0f81426611405e] COMMAND GetElementText {
   "id": "f.495C356B0656AF67333FEFF3EE6D4D65.d.F9059DA95EF9E2AB62B058F1065C4DED.e.46"
}
[1755163014.259][INFO]: Waiting for pending navigations...
[1755163014.259][INFO]: Done waiting for pending navigations. Status: ok
[1755163014.272][INFO]: Waiting for pending navigations...
[1755163014.273][INFO]: Done waiting for pending navigations. Status: ok
[1755163014.273][INFO]: [9525ab14013b9f10aa0f81426611405e] RESPONSE GetElementText "【天津】\n中国电信天津分公司2025年ITMS+平台扩容工程询比公告"
[1755163014.274][INFO]: [9525ab14013b9f10aa0f81426611405e] COMMAND GetElementText {
   "id": "f.495C356B0656AF67333FEFF3EE6D4D65.d.F9059DA95EF9E2AB62B058F1065C4DED.e.46"
}
[1755163014.274][INFO]: Waiting for pending navigations...
[1755163014.275][INFO]: Done waiting for pending navigations. Status: ok
[1755163014.286][INFO]: Waiting for pending navigations...
[1755163014.287][INFO]: Done waiting for pending navigations. Status: ok
[1755163014.287][INFO]: [9525ab14013b9f10aa0f81426611405e] RESPONSE GetElementText "【天津】\n中国电信天津分公司2025年ITMS+平台扩容工程询比公告"
[1755163014.288][INFO]: [9525ab14013b9f10aa0f81426611405e] COMMAND GetElementText {
   "id": "f.495C356B0656AF67333FEFF3EE6D4D65.d.F9059DA95EF9E2AB62B058F1065C4DED.e.47"
}
[1755163014.288][INFO]: Waiting for pending navigations...
[1755163014.289][INFO]: Done waiting for pending navigations. Status: ok
[1755163014.298][INFO]: Waiting for pending navigations...
[1755163014.299][INFO]: Done waiting for pending navigations. Status: ok
[1755163014.299][INFO]: [9525ab14013b9f10aa0f81426611405e] RESPONSE GetElementText "2025-08-12"
[1755163014.300][INFO]: [9525ab14013b9f10aa0f81426611405e] COMMAND GetElementText {
   "id": "f.495C356B0656AF67333FEFF3EE6D4D65.d.F9059DA95EF9E2AB62B058F1065C4DED.e.48"
}
[1755163014.300][INFO]: Waiting for pending navigations...
[1755163014.301][INFO]: Done waiting for pending navigations. Status: ok
[1755163014.309][INFO]: Waiting for pending navigations...
[1755163014.310][INFO]: Done waiting for pending navigations. Status: ok
[1755163014.310][INFO]: [9525ab14013b9f10aa0f81426611405e] RESPONSE GetElementText "2025-08-15"
[1755163014.311][INFO]: [9525ab14013b9f10aa0f81426611405e] COMMAND GetElementText {
   "id": "f.495C356B0656AF67333FEFF3EE6D4D65.d.F9059DA95EF9E2AB62B058F1065C4DED.e.49"
}
[1755163014.311][INFO]: Waiting for pending navigations...
[1755163014.312][INFO]: Done waiting for pending navigations. Status: ok
[1755163014.320][INFO]: Waiting for pending navigations...
[1755163014.321][INFO]: Done waiting for pending navigations. Status: ok
[1755163014.321][INFO]: [9525ab14013b9f10aa0f81426611405e] RESPONSE GetElementText "2025-08-11"
[1755163014.322][INFO]: [9525ab14013b9f10aa0f81426611405e] COMMAND FindElement {
   "using": "xpath",
   "value": "//button[contains(@class, 'btn-next')]"
}
[1755163014.322][INFO]: Waiting for pending navigations...
[1755163014.323][INFO]: Done waiting for pending navigations. Status: ok
[1755163014.331][INFO]: Waiting for pending navigations...
[1755163014.332][INFO]: Done waiting for pending navigations. Status: ok
[1755163014.332][INFO]: [9525ab14013b9f10aa0f81426611405e] RESPONSE FindElement {
   "element-6066-11e4-a52e-4f735466cecf": "f.495C356B0656AF67333FEFF3EE6D4D65.d.F9059DA95EF9E2AB62B058F1065C4DED.e.50"
}
[1755163014.333][INFO]: [9525ab14013b9f10aa0f81426611405e] COMMAND IsElementEnabled {
   "id": "f.495C356B0656AF67333FEFF3EE6D4D65.d.F9059DA95EF9E2AB62B058F1065C4DED.e.50"
}
[1755163014.333][INFO]: Waiting for pending navigations...
[1755163014.334][INFO]: Done waiting for pending navigations. Status: ok
[1755163014.341][INFO]: Waiting for pending navigations...
[1755163014.341][INFO]: Done waiting for pending navigations. Status: ok
[1755163014.341][INFO]: [9525ab14013b9f10aa0f81426611405e] RESPONSE IsElementEnabled true
[1755163014.343][INFO]: [9525ab14013b9f10aa0f81426611405e] COMMAND FindElement {
   "using": "xpath",
   "value": "//div[contains(@class, 'el-table__body-wrapper')]//tr[@class='el-table__row'][1]/td[1]"
}
[1755163014.343][INFO]: Waiting for pending navigations...
[1755163014.343][INFO]: Done waiting for pending navigations. Status: ok
[1755163014.350][INFO]: Waiting for pending navigations...
[1755163014.351][INFO]: Done waiting for pending navigations. Status: ok
[1755163014.351][INFO]: [9525ab14013b9f10aa0f81426611405e] RESPONSE FindElement {
   "element-6066-11e4-a52e-4f735466cecf": "f.495C356B0656AF67333FEFF3EE6D4D65.d.F9059DA95EF9E2AB62B058F1065C4DED.e.30"
}
[1755163014.352][INFO]: [9525ab14013b9f10aa0f81426611405e] COMMAND GetElementText {
   "id": "f.495C356B0656AF67333FEFF3EE6D4D65.d.F9059DA95EF9E2AB62B058F1065C4DED.e.30"
}
[1755163014.352][INFO]: Waiting for pending navigations...
[1755163014.353][INFO]: Done waiting for pending navigations. Status: ok
[1755163014.365][INFO]: Waiting for pending navigations...
[1755163014.366][INFO]: Done waiting for pending navigations. Status: ok
[1755163014.366][INFO]: [9525ab14013b9f10aa0f81426611405e] RESPONSE GetElementText "【天津】\n2025年凌奥机房租赁合同续签项目单一来源采购公示"
[1755163014.368][INFO]: [9525ab14013b9f10aa0f81426611405e] COMMAND ExecuteScript {
   "args": [ {
      "element-6066-11e4-a52e-4f735466cecf": "f.495C356B0656AF67333FEFF3EE6D4D65.d.F9059DA95EF9E2AB62B058F1065C4DED.e.50"
   } ],
   "script": "arguments[0].click();"
}
[1755163014.368][INFO]: Waiting for pending navigations...
[1755163014.369][INFO]: Done waiting for pending navigations. Status: ok
[1755163014.403][INFO]: Waiting for pending navigations...
[1755163014.407][INFO]: Done waiting for pending navigations. Status: ok
[1755163014.407][INFO]: [9525ab14013b9f10aa0f81426611405e] RESPONSE ExecuteScript null
[1755163014.409][INFO]: [9525ab14013b9f10aa0f81426611405e] COMMAND FindElement {
   "using": "xpath",
   "value": "//div[contains(@class, 'el-table__body-wrapper')]//tr[@class='el-table__row'][1]/td[1]"
}
[1755163014.409][INFO]: Waiting for pending navigations...
[1755163014.410][INFO]: Done waiting for pending navigations. Status: ok
[1755163014.417][INFO]: Waiting for pending navigations...
[1755163014.420][INFO]: Done waiting for pending navigations. Status: ok
[1755163014.420][INFO]: [9525ab14013b9f10aa0f81426611405e] RESPONSE FindElement {
   "element-6066-11e4-a52e-4f735466cecf": "f.495C356B0656AF67333FEFF3EE6D4D65.d.F9059DA95EF9E2AB62B058F1065C4DED.e.30"
}
[1755163014.421][INFO]: [9525ab14013b9f10aa0f81426611405e] COMMAND GetElementText {
   "id": "f.495C356B0656AF67333FEFF3EE6D4D65.d.F9059DA95EF9E2AB62B058F1065C4DED.e.30"
}
[1755163014.421][INFO]: Waiting for pending navigations...
[1755163014.422][INFO]: Done waiting for pending navigations. Status: ok
[1755163014.433][INFO]: Waiting for pending navigations...
[1755163014.434][INFO]: Done waiting for pending navigations. Status: ok
[1755163014.434][INFO]: [9525ab14013b9f10aa0f81426611405e] RESPONSE GetElementText "【天津】\n2025年凌奥机房租赁合同续签项目单一来源采购公示"
[1755163014.936][INFO]: [9525ab14013b9f10aa0f81426611405e] COMMAND FindElement {
   "using": "xpath",
   "value": "//div[contains(@class, 'el-table__body-wrapper')]//tr[@class='el-table__row'][1]/td[1]"
}
[1755163014.936][INFO]: Waiting for pending navigations...
[1755163014.937][INFO]: Done waiting for pending navigations. Status: ok
[1755163014.946][INFO]: Waiting for pending navigations...
[1755163014.947][INFO]: Done waiting for pending navigations. Status: ok
[1755163014.947][INFO]: [9525ab14013b9f10aa0f81426611405e] RESPONSE FindElement {
   "element-6066-11e4-a52e-4f735466cecf": "f.495C356B0656AF67333FEFF3EE6D4D65.d.F9059DA95EF9E2AB62B058F1065C4DED.e.30"
}
[1755163014.949][INFO]: [9525ab14013b9f10aa0f81426611405e] COMMAND GetElementText {
   "id": "f.495C356B0656AF67333FEFF3EE6D4D65.d.F9059DA95EF9E2AB62B058F1065C4DED.e.30"
}
[1755163014.949][INFO]: Waiting for pending navigations...
[1755163014.950][INFO]: Done waiting for pending navigations. Status: ok
[1755163014.961][INFO]: Waiting for pending navigations...
[1755163014.963][INFO]: Done waiting for pending navigations. Status: ok
[1755163014.963][INFO]: [9525ab14013b9f10aa0f81426611405e] RESPONSE GetElementText "【天津】\n北辰顺境路营业厅租房采购公示"
[1755163014.964][INFO]: [9525ab14013b9f10aa0f81426611405e] COMMAND FindElement {
   "using": "css selector",
   "value": ".tableList"
}
[1755163014.964][INFO]: Waiting for pending navigations...
[1755163014.965][INFO]: Done waiting for pending navigations. Status: ok
[1755163014.972][INFO]: Waiting for pending navigations...
[1755163014.973][INFO]: Done waiting for pending navigations. Status: ok
[1755163014.973][INFO]: [9525ab14013b9f10aa0f81426611405e] RESPONSE FindElement {
   "element-6066-11e4-a52e-4f735466cecf": "f.495C356B0656AF67333FEFF3EE6D4D65.d.F9059DA95EF9E2AB62B058F1065C4DED.e.24"
}
[1755163014.975][INFO]: [9525ab14013b9f10aa0f81426611405e] COMMAND FindElements {
   "using": "xpath",
   "value": "//div[contains(@class, 'el-table__body-wrapper')]//tr[@class='el-table__row']"
}
[1755163014.975][INFO]: Waiting for pending navigations...
[1755163014.976][INFO]: Done waiting for pending navigations. Status: ok
[1755163014.984][INFO]: Waiting for pending navigations...
[1755163014.985][INFO]: Done waiting for pending navigations. Status: ok
[1755163014.985][INFO]: [9525ab14013b9f10aa0f81426611405e] RESPONSE FindElements [ {
   "element-6066-11e4-a52e-4f735466cecf": "f.495C356B0656AF67333FEFF3EE6D4D65.d.F9059DA95EF9E2AB62B058F1065C4DED.e.25"
}, {
   "element-6066-11e4-a52e-4f735466cecf": "f.495C356B0656AF67333FEFF3EE6D4D65.d.F9059DA95EF9E2AB62B058F1065C4DED.e.26"
}, {
   "element-6066-11e4-a52e-4f735466cecf": "f.495C356B0656AF67333FEFF3EE6D4D65.d.F9059DA95EF9E2AB62B058F1065C4DED.e.27"
}, {
   "element-6066-11e4-a52e-4f735466cecf": "f.495C356B0656AF67333FEFF3EE6D4D65.d.F9059DA95EF9E2AB62B058F1065C4DED.e.28"
}, {
   "element-6066-11e4-a52e-4f735466cecf": "f.495C356B0656AF67333FEFF3EE6D4D65.d.F9059DA95EF9E2AB62B058F1065C4DED.e.29"
} ]
[1755163014.986][INFO]: [9525ab14013b9f10aa0f81426611405e] COMMAND FindChildElements {
   "id": "f.495C356B0656AF67333FEFF3EE6D4D65.d.F9059DA95EF9E2AB62B058F1065C4DED.e.25",
   "using": "tag name",
   "value": "td"
}
[1755163014.986][INFO]: Waiting for pending navigations...
[1755163014.987][INFO]: Done waiting for pending navigations. Status: ok
[1755163014.995][INFO]: Waiting for pending navigations...
[1755163014.996][INFO]: Done waiting for pending navigations. Status: ok
[1755163014.996][INFO]: [9525ab14013b9f10aa0f81426611405e] RESPONSE FindChildElements [ {
   "element-6066-11e4-a52e-4f735466cecf": "f.495C356B0656AF67333FEFF3EE6D4D65.d.F9059DA95EF9E2AB62B058F1065C4DED.e.30"
}, {
   "element-6066-11e4-a52e-4f735466cecf": "f.495C356B0656AF67333FEFF3EE6D4D65.d.F9059DA95EF9E2AB62B058F1065C4DED.e.31"
}, {
   "element-6066-11e4-a52e-4f735466cecf": "f.495C356B0656AF67333FEFF3EE6D4D65.d.F9059DA95EF9E2AB62B058F1065C4DED.e.32"
}, {
   "element-6066-11e4-a52e-4f735466cecf": "f.495C356B0656AF67333FEFF3EE6D4D65.d.F9059DA95EF9E2AB62B058F1065C4DED.e.33"
} ]
[1755163014.998][INFO]: [9525ab14013b9f10aa0f81426611405e] COMMAND GetElementText {
   "id": "f.495C356B0656AF67333FEFF3EE6D4D65.d.F9059DA95EF9E2AB62B058F1065C4DED.e.30"
}
[1755163014.998][INFO]: Waiting for pending navigations...
[1755163014.998][INFO]: Done waiting for pending navigations. Status: ok
[1755163015.008][INFO]: Waiting for pending navigations...
[1755163015.009][INFO]: Done waiting for pending navigations. Status: ok
[1755163015.009][INFO]: [9525ab14013b9f10aa0f81426611405e] RESPONSE GetElementText "【天津】\n北辰顺境路营业厅租房采购公示"
[1755163015.010][INFO]: [9525ab14013b9f10aa0f81426611405e] COMMAND GetElementText {
   "id": "f.495C356B0656AF67333FEFF3EE6D4D65.d.F9059DA95EF9E2AB62B058F1065C4DED.e.30"
}
[1755163015.010][INFO]: Waiting for pending navigations...
[1755163015.011][INFO]: Done waiting for pending navigations. Status: ok
[1755163015.021][INFO]: Waiting for pending navigations...
[1755163015.022][INFO]: Done waiting for pending navigations. Status: ok
[1755163015.022][INFO]: [9525ab14013b9f10aa0f81426611405e] RESPONSE GetElementText "【天津】\n北辰顺境路营业厅租房采购公示"
[1755163015.023][INFO]: [9525ab14013b9f10aa0f81426611405e] COMMAND GetElementText {
   "id": "f.495C356B0656AF67333FEFF3EE6D4D65.d.F9059DA95EF9E2AB62B058F1065C4DED.e.31"
}
[1755163015.023][INFO]: Waiting for pending navigations...
[1755163015.024][INFO]: Done waiting for pending navigations. Status: ok
[1755163015.032][INFO]: Waiting for pending navigations...
[1755163015.033][INFO]: Done waiting for pending navigations. Status: ok
[1755163015.033][INFO]: [9525ab14013b9f10aa0f81426611405e] RESPONSE GetElementText "2025-08-09"
[1755163015.034][INFO]: [9525ab14013b9f10aa0f81426611405e] COMMAND GetElementText {
   "id": "f.495C356B0656AF67333FEFF3EE6D4D65.d.F9059DA95EF9E2AB62B058F1065C4DED.e.32"
}
[1755163015.034][INFO]: Waiting for pending navigations...
[1755163015.034][INFO]: Done waiting for pending navigations. Status: ok
[1755163015.043][INFO]: Waiting for pending navigations...
[1755163015.043][INFO]: Done waiting for pending navigations. Status: ok
[1755163015.043][INFO]: [9525ab14013b9f10aa0f81426611405e] RESPONSE GetElementText "2025-08-14"
[1755163015.045][INFO]: [9525ab14013b9f10aa0f81426611405e] COMMAND GetElementText {
   "id": "f.495C356B0656AF67333FEFF3EE6D4D65.d.F9059DA95EF9E2AB62B058F1065C4DED.e.33"
}
[1755163015.045][INFO]: Waiting for pending navigations...
[1755163015.046][INFO]: Done waiting for pending navigations. Status: ok
[1755163015.054][INFO]: Waiting for pending navigations...
[1755163015.055][INFO]: Done waiting for pending navigations. Status: ok
[1755163015.055][INFO]: [9525ab14013b9f10aa0f81426611405e] RESPONSE GetElementText "2025-08-08"
[1755163015.056][INFO]: [9525ab14013b9f10aa0f81426611405e] COMMAND FindChildElements {
   "id": "f.495C356B0656AF67333FEFF3EE6D4D65.d.F9059DA95EF9E2AB62B058F1065C4DED.e.26",
   "using": "tag name",
   "value": "td"
}
[1755163015.056][INFO]: Waiting for pending navigations...
[1755163015.057][INFO]: Done waiting for pending navigations. Status: ok
[1755163015.065][INFO]: Waiting for pending navigations...
[1755163015.066][INFO]: Done waiting for pending navigations. Status: ok
[1755163015.066][INFO]: [9525ab14013b9f10aa0f81426611405e] RESPONSE FindChildElements [ {
   "element-6066-11e4-a52e-4f735466cecf": "f.495C356B0656AF67333FEFF3EE6D4D65.d.F9059DA95EF9E2AB62B058F1065C4DED.e.34"
}, {
   "element-6066-11e4-a52e-4f735466cecf": "f.495C356B0656AF67333FEFF3EE6D4D65.d.F9059DA95EF9E2AB62B058F1065C4DED.e.35"
}, {
   "element-6066-11e4-a52e-4f735466cecf": "f.495C356B0656AF67333FEFF3EE6D4D65.d.F9059DA95EF9E2AB62B058F1065C4DED.e.36"
}, {
   "element-6066-11e4-a52e-4f735466cecf": "f.495C356B0656AF67333FEFF3EE6D4D65.d.F9059DA95EF9E2AB62B058F1065C4DED.e.37"
} ]
[1755163015.067][INFO]: [9525ab14013b9f10aa0f81426611405e] COMMAND GetElementText {
   "id": "f.495C356B0656AF67333FEFF3EE6D4D65.d.F9059DA95EF9E2AB62B058F1065C4DED.e.34"
}
[1755163015.067][INFO]: Waiting for pending navigations...
[1755163015.068][INFO]: Done waiting for pending navigations. Status: ok
[1755163015.079][INFO]: Waiting for pending navigations...
[1755163015.079][INFO]: Done waiting for pending navigations. Status: ok
[1755163015.079][INFO]: [9525ab14013b9f10aa0f81426611405e] RESPONSE GetElementText "【天津】\n2025年滨海分公司月湾花园室分电费协议"
[1755163015.081][INFO]: [9525ab14013b9f10aa0f81426611405e] COMMAND GetElementText {
   "id": "f.495C356B0656AF67333FEFF3EE6D4D65.d.F9059DA95EF9E2AB62B058F1065C4DED.e.34"
}
[1755163015.081][INFO]: Waiting for pending navigations...
[1755163015.082][INFO]: Done waiting for pending navigations. Status: ok
[1755163015.096][INFO]: Waiting for pending navigations...
[1755163015.102][INFO]: Done waiting for pending navigations. Status: ok
[1755163015.102][INFO]: [9525ab14013b9f10aa0f81426611405e] RESPONSE GetElementText "【天津】\n2025年滨海分公司月湾花园室分电费协议"
[1755163015.104][INFO]: [9525ab14013b9f10aa0f81426611405e] COMMAND GetElementText {
   "id": "f.495C356B0656AF67333FEFF3EE6D4D65.d.F9059DA95EF9E2AB62B058F1065C4DED.e.35"
}
[1755163015.104][INFO]: Waiting for pending navigations...
[1755163015.105][INFO]: Done waiting for pending navigations. Status: ok
[1755163015.116][INFO]: Waiting for pending navigations...
[1755163015.117][INFO]: Done waiting for pending navigations. Status: ok
[1755163015.117][INFO]: [9525ab14013b9f10aa0f81426611405e] RESPONSE GetElementText "2025-08-11"
[1755163015.119][INFO]: [9525ab14013b9f10aa0f81426611405e] COMMAND GetElementText {
   "id": "f.495C356B0656AF67333FEFF3EE6D4D65.d.F9059DA95EF9E2AB62B058F1065C4DED.e.36"
}
[1755163015.119][INFO]: Waiting for pending navigations...
[1755163015.120][INFO]: Done waiting for pending navigations. Status: ok
[1755163015.128][INFO]: Waiting for pending navigations...
[1755163015.128][INFO]: Done waiting for pending navigations. Status: ok
[1755163015.128][INFO]: [9525ab14013b9f10aa0f81426611405e] RESPONSE GetElementText "2025-08-13"
[1755163015.129][INFO]: [9525ab14013b9f10aa0f81426611405e] COMMAND GetElementText {
   "id": "f.495C356B0656AF67333FEFF3EE6D4D65.d.F9059DA95EF9E2AB62B058F1065C4DED.e.37"
}
[1755163015.130][INFO]: Waiting for pending navigations...
[1755163015.130][INFO]: Done waiting for pending navigations. Status: ok
[1755163015.139][INFO]: Waiting for pending navigations...
[1755163015.139][INFO]: Done waiting for pending navigations. Status: ok
[1755163015.139][INFO]: [9525ab14013b9f10aa0f81426611405e] RESPONSE GetElementText "2025-08-08"
[1755163015.141][INFO]: [9525ab14013b9f10aa0f81426611405e] COMMAND FindChildElements {
   "id": "f.495C356B0656AF67333FEFF3EE6D4D65.d.F9059DA95EF9E2AB62B058F1065C4DED.e.27",
   "using": "tag name",
   "value": "td"
}
[1755163015.141][INFO]: Waiting for pending navigations...
[1755163015.141][INFO]: Done waiting for pending navigations. Status: ok
[1755163015.149][INFO]: Waiting for pending navigations...
[1755163015.149][INFO]: Done waiting for pending navigations. Status: ok
[1755163015.149][INFO]: [9525ab14013b9f10aa0f81426611405e] RESPONSE FindChildElements [ {
   "element-6066-11e4-a52e-4f735466cecf": "f.495C356B0656AF67333FEFF3EE6D4D65.d.F9059DA95EF9E2AB62B058F1065C4DED.e.38"
}, {
   "element-6066-11e4-a52e-4f735466cecf": "f.495C356B0656AF67333FEFF3EE6D4D65.d.F9059DA95EF9E2AB62B058F1065C4DED.e.39"
}, {
   "element-6066-11e4-a52e-4f735466cecf": "f.495C356B0656AF67333FEFF3EE6D4D65.d.F9059DA95EF9E2AB62B058F1065C4DED.e.40"
}, {
   "element-6066-11e4-a52e-4f735466cecf": "f.495C356B0656AF67333FEFF3EE6D4D65.d.F9059DA95EF9E2AB62B058F1065C4DED.e.41"
} ]
[1755163015.150][INFO]: [9525ab14013b9f10aa0f81426611405e] COMMAND GetElementText {
   "id": "f.495C356B0656AF67333FEFF3EE6D4D65.d.F9059DA95EF9E2AB62B058F1065C4DED.e.38"
}
[1755163015.150][INFO]: Waiting for pending navigations...
[1755163015.151][INFO]: Done waiting for pending navigations. Status: ok
[1755163015.160][INFO]: Waiting for pending navigations...
[1755163015.161][INFO]: Done waiting for pending navigations. Status: ok
[1755163015.161][INFO]: [9525ab14013b9f10aa0f81426611405e] RESPONSE GetElementText "【天津】\n北辰双瑞支局办公用房采购"
[1755163015.162][INFO]: [9525ab14013b9f10aa0f81426611405e] COMMAND GetElementText {
   "id": "f.495C356B0656AF67333FEFF3EE6D4D65.d.F9059DA95EF9E2AB62B058F1065C4DED.e.38"
}
[1755163015.162][INFO]: Waiting for pending navigations...
[1755163015.163][INFO]: Done waiting for pending navigations. Status: ok
[1755163015.172][INFO]: Waiting for pending navigations...
[1755163015.173][INFO]: Done waiting for pending navigations. Status: ok
[1755163015.173][INFO]: [9525ab14013b9f10aa0f81426611405e] RESPONSE GetElementText "【天津】\n北辰双瑞支局办公用房采购"
[1755163015.174][INFO]: [9525ab14013b9f10aa0f81426611405e] COMMAND GetElementText {
   "id": "f.495C356B0656AF67333FEFF3EE6D4D65.d.F9059DA95EF9E2AB62B058F1065C4DED.e.39"
}
[1755163015.174][INFO]: Waiting for pending navigations...
[1755163015.175][INFO]: Done waiting for pending navigations. Status: ok
[1755163015.184][INFO]: Waiting for pending navigations...
[1755163015.184][INFO]: Done waiting for pending navigations. Status: ok
[1755163015.184][INFO]: [9525ab14013b9f10aa0f81426611405e] RESPONSE GetElementText "2025-08-09"
[1755163015.185][INFO]: [9525ab14013b9f10aa0f81426611405e] COMMAND GetElementText {
   "id": "f.495C356B0656AF67333FEFF3EE6D4D65.d.F9059DA95EF9E2AB62B058F1065C4DED.e.40"
}
[1755163015.185][INFO]: Waiting for pending navigations...
[1755163015.186][INFO]: Done waiting for pending navigations. Status: ok
[1755163015.195][INFO]: Waiting for pending navigations...
[1755163015.195][INFO]: Done waiting for pending navigations. Status: ok
[1755163015.195][INFO]: [9525ab14013b9f10aa0f81426611405e] RESPONSE GetElementText "2025-08-14"
[1755163015.196][INFO]: [9525ab14013b9f10aa0f81426611405e] COMMAND GetElementText {
   "id": "f.495C356B0656AF67333FEFF3EE6D4D65.d.F9059DA95EF9E2AB62B058F1065C4DED.e.41"
}
[1755163015.196][INFO]: Waiting for pending navigations...
[1755163015.197][INFO]: Done waiting for pending navigations. Status: ok
[1755163015.206][INFO]: Waiting for pending navigations...
[1755163015.207][INFO]: Done waiting for pending navigations. Status: ok
[1755163015.207][INFO]: [9525ab14013b9f10aa0f81426611405e] RESPONSE GetElementText "2025-08-08"
[1755163015.208][INFO]: [9525ab14013b9f10aa0f81426611405e] COMMAND FindChildElements {
   "id": "f.495C356B0656AF67333FEFF3EE6D4D65.d.F9059DA95EF9E2AB62B058F1065C4DED.e.28",
   "using": "tag name",
   "value": "td"
}
[1755163015.208][INFO]: Waiting for pending navigations...
[1755163015.209][INFO]: Done waiting for pending navigations. Status: ok
[1755163015.217][INFO]: Waiting for pending navigations...
[1755163015.217][INFO]: Done waiting for pending navigations. Status: ok
[1755163015.217][INFO]: [9525ab14013b9f10aa0f81426611405e] RESPONSE FindChildElements [ {
   "element-6066-11e4-a52e-4f735466cecf": "f.495C356B0656AF67333FEFF3EE6D4D65.d.F9059DA95EF9E2AB62B058F1065C4DED.e.42"
}, {
   "element-6066-11e4-a52e-4f735466cecf": "f.495C356B0656AF67333FEFF3EE6D4D65.d.F9059DA95EF9E2AB62B058F1065C4DED.e.43"
}, {
   "element-6066-11e4-a52e-4f735466cecf": "f.495C356B0656AF67333FEFF3EE6D4D65.d.F9059DA95EF9E2AB62B058F1065C4DED.e.44"
}, {
   "element-6066-11e4-a52e-4f735466cecf": "f.495C356B0656AF67333FEFF3EE6D4D65.d.F9059DA95EF9E2AB62B058F1065C4DED.e.45"
} ]
[1755163015.219][INFO]: [9525ab14013b9f10aa0f81426611405e] COMMAND GetElementText {
   "id": "f.495C356B0656AF67333FEFF3EE6D4D65.d.F9059DA95EF9E2AB62B058F1065C4DED.e.42"
}
[1755163015.219][INFO]: Waiting for pending navigations...
[1755163015.219][INFO]: Done waiting for pending navigations. Status: ok
[1755163015.229][INFO]: Waiting for pending navigations...
[1755163015.230][INFO]: Done waiting for pending navigations. Status: ok
[1755163015.230][INFO]: [9525ab14013b9f10aa0f81426611405e] RESPONSE GetElementText "【天津】\n东北组团1号基站续签租赁合同2025.9.2-2028.9.1"
[1755163015.231][INFO]: [9525ab14013b9f10aa0f81426611405e] COMMAND GetElementText {
   "id": "f.495C356B0656AF67333FEFF3EE6D4D65.d.F9059DA95EF9E2AB62B058F1065C4DED.e.42"
}
[1755163015.232][INFO]: Waiting for pending navigations...
[1755163015.233][INFO]: Done waiting for pending navigations. Status: ok
[1755163015.245][INFO]: Waiting for pending navigations...
[1755163015.245][INFO]: Done waiting for pending navigations. Status: ok
[1755163015.245][INFO]: [9525ab14013b9f10aa0f81426611405e] RESPONSE GetElementText "【天津】\n东北组团1号基站续签租赁合同2025.9.2-2028.9.1"
[1755163015.247][INFO]: [9525ab14013b9f10aa0f81426611405e] COMMAND GetElementText {
   "id": "f.495C356B0656AF67333FEFF3EE6D4D65.d.F9059DA95EF9E2AB62B058F1065C4DED.e.43"
}
[1755163015.247][INFO]: Waiting for pending navigations...
[1755163015.248][INFO]: Done waiting for pending navigations. Status: ok
[1755163015.257][INFO]: Waiting for pending navigations...
[1755163015.258][INFO]: Done waiting for pending navigations. Status: ok
[1755163015.258][INFO]: [9525ab14013b9f10aa0f81426611405e] RESPONSE GetElementText "2025-08-07"
[1755163015.259][INFO]: [9525ab14013b9f10aa0f81426611405e] COMMAND GetElementText {
   "id": "f.495C356B0656AF67333FEFF3EE6D4D65.d.F9059DA95EF9E2AB62B058F1065C4DED.e.44"
}
[1755163015.259][INFO]: Waiting for pending navigations...
[1755163015.260][INFO]: Done waiting for pending navigations. Status: ok
[1755163015.268][INFO]: Waiting for pending navigations...
[1755163015.269][INFO]: Done waiting for pending navigations. Status: ok
[1755163015.269][INFO]: [9525ab14013b9f10aa0f81426611405e] RESPONSE GetElementText "2025-08-11"
[1755163015.270][INFO]: [9525ab14013b9f10aa0f81426611405e] COMMAND GetElementText {
   "id": "f.495C356B0656AF67333FEFF3EE6D4D65.d.F9059DA95EF9E2AB62B058F1065C4DED.e.45"
}
[1755163015.270][INFO]: Waiting for pending navigations...
[1755163015.271][INFO]: Done waiting for pending navigations. Status: ok
[1755163015.280][INFO]: Waiting for pending navigations...
[1755163015.281][INFO]: Done waiting for pending navigations. Status: ok
[1755163015.281][INFO]: [9525ab14013b9f10aa0f81426611405e] RESPONSE GetElementText "2025-08-08"
[1755163015.282][INFO]: [9525ab14013b9f10aa0f81426611405e] COMMAND FindChildElements {
   "id": "f.495C356B0656AF67333FEFF3EE6D4D65.d.F9059DA95EF9E2AB62B058F1065C4DED.e.29",
   "using": "tag name",
   "value": "td"
}
[1755163015.282][INFO]: Waiting for pending navigations...
[1755163015.283][INFO]: Done waiting for pending navigations. Status: ok
[1755163015.291][INFO]: Waiting for pending navigations...
[1755163015.292][INFO]: Done waiting for pending navigations. Status: ok
[1755163015.292][INFO]: [9525ab14013b9f10aa0f81426611405e] RESPONSE FindChildElements [ {
   "element-6066-11e4-a52e-4f735466cecf": "f.495C356B0656AF67333FEFF3EE6D4D65.d.F9059DA95EF9E2AB62B058F1065C4DED.e.46"
}, {
   "element-6066-11e4-a52e-4f735466cecf": "f.495C356B0656AF67333FEFF3EE6D4D65.d.F9059DA95EF9E2AB62B058F1065C4DED.e.47"
}, {
   "element-6066-11e4-a52e-4f735466cecf": "f.495C356B0656AF67333FEFF3EE6D4D65.d.F9059DA95EF9E2AB62B058F1065C4DED.e.48"
}, {
   "element-6066-11e4-a52e-4f735466cecf": "f.495C356B0656AF67333FEFF3EE6D4D65.d.F9059DA95EF9E2AB62B058F1065C4DED.e.49"
} ]
[1755163015.293][INFO]: [9525ab14013b9f10aa0f81426611405e] COMMAND GetElementText {
   "id": "f.495C356B0656AF67333FEFF3EE6D4D65.d.F9059DA95EF9E2AB62B058F1065C4DED.e.46"
}
[1755163015.293][INFO]: Waiting for pending navigations...
[1755163015.294][INFO]: Done waiting for pending navigations. Status: ok
[1755163015.304][INFO]: Waiting for pending navigations...
[1755163015.305][INFO]: Done waiting for pending navigations. Status: ok
[1755163015.305][INFO]: [9525ab14013b9f10aa0f81426611405e] RESPONSE GetElementText "【天津】\n天津电信2025-2026年职工食堂服务采购项目（重新）询比公告"
[1755163015.306][INFO]: [9525ab14013b9f10aa0f81426611405e] COMMAND GetElementText {
   "id": "f.495C356B0656AF67333FEFF3EE6D4D65.d.F9059DA95EF9E2AB62B058F1065C4DED.e.46"
}
[1755163015.306][INFO]: Waiting for pending navigations...
[1755163015.307][INFO]: Done waiting for pending navigations. Status: ok
[1755163015.317][INFO]: Waiting for pending navigations...
[1755163015.318][INFO]: Done waiting for pending navigations. Status: ok
[1755163015.318][INFO]: [9525ab14013b9f10aa0f81426611405e] RESPONSE GetElementText "【天津】\n天津电信2025-2026年职工食堂服务采购项目（重新）询比公告"
[1755163015.319][INFO]: [9525ab14013b9f10aa0f81426611405e] COMMAND GetElementText {
   "id": "f.495C356B0656AF67333FEFF3EE6D4D65.d.F9059DA95EF9E2AB62B058F1065C4DED.e.47"
}
[1755163015.319][INFO]: Waiting for pending navigations...
[1755163015.320][INFO]: Done waiting for pending navigations. Status: ok
[1755163015.328][INFO]: Waiting for pending navigations...
[1755163015.329][INFO]: Done waiting for pending navigations. Status: ok
[1755163015.329][INFO]: [9525ab14013b9f10aa0f81426611405e] RESPONSE GetElementText "2025-08-08"
[1755163015.330][INFO]: [9525ab14013b9f10aa0f81426611405e] COMMAND GetElementText {
   "id": "f.495C356B0656AF67333FEFF3EE6D4D65.d.F9059DA95EF9E2AB62B058F1065C4DED.e.48"
}
[1755163015.330][INFO]: Waiting for pending navigations...
[1755163015.331][INFO]: Done waiting for pending navigations. Status: ok
[1755163015.339][INFO]: Waiting for pending navigations...
[1755163015.340][INFO]: Done waiting for pending navigations. Status: ok
[1755163015.340][INFO]: [9525ab14013b9f10aa0f81426611405e] RESPONSE GetElementText "2025-08-11"
[1755163015.341][INFO]: [9525ab14013b9f10aa0f81426611405e] COMMAND GetElementText {
   "id": "f.495C356B0656AF67333FEFF3EE6D4D65.d.F9059DA95EF9E2AB62B058F1065C4DED.e.49"
}
[1755163015.341][INFO]: Waiting for pending navigations...
[1755163015.342][INFO]: Done waiting for pending navigations. Status: ok
[1755163015.350][INFO]: Waiting for pending navigations...
[1755163015.351][INFO]: Done waiting for pending navigations. Status: ok
[1755163015.351][INFO]: [9525ab14013b9f10aa0f81426611405e] RESPONSE GetElementText "2025-08-07"
[1755163015.352][INFO]: [9525ab14013b9f10aa0f81426611405e] COMMAND FindElement {
   "using": "xpath",
   "value": "//button[contains(@class, 'btn-next')]"
}
[1755163015.352][INFO]: Waiting for pending navigations...
[1755163015.353][INFO]: Done waiting for pending navigations. Status: ok
[1755163015.359][INFO]: Waiting for pending navigations...
[1755163015.360][INFO]: Done waiting for pending navigations. Status: ok
[1755163015.360][INFO]: [9525ab14013b9f10aa0f81426611405e] RESPONSE FindElement {
   "element-6066-11e4-a52e-4f735466cecf": "f.495C356B0656AF67333FEFF3EE6D4D65.d.F9059DA95EF9E2AB62B058F1065C4DED.e.50"
}
[1755163015.361][INFO]: [9525ab14013b9f10aa0f81426611405e] COMMAND IsElementEnabled {
   "id": "f.495C356B0656AF67333FEFF3EE6D4D65.d.F9059DA95EF9E2AB62B058F1065C4DED.e.50"
}
[1755163015.361][INFO]: Waiting for pending navigations...
[1755163015.362][INFO]: Done waiting for pending navigations. Status: ok
[1755163015.368][INFO]: Waiting for pending navigations...
[1755163015.369][INFO]: Done waiting for pending navigations. Status: ok
[1755163015.369][INFO]: [9525ab14013b9f10aa0f81426611405e] RESPONSE IsElementEnabled true
[1755163015.370][INFO]: [9525ab14013b9f10aa0f81426611405e] COMMAND FindElement {
   "using": "xpath",
   "value": "//div[contains(@class, 'el-table__body-wrapper')]//tr[@class='el-table__row'][1]/td[1]"
}
[1755163015.370][INFO]: Waiting for pending navigations...
[1755163015.371][INFO]: Done waiting for pending navigations. Status: ok
[1755163015.377][INFO]: Waiting for pending navigations...
[1755163015.378][INFO]: Done waiting for pending navigations. Status: ok
[1755163015.378][INFO]: [9525ab14013b9f10aa0f81426611405e] RESPONSE FindElement {
   "element-6066-11e4-a52e-4f735466cecf": "f.495C356B0656AF67333FEFF3EE6D4D65.d.F9059DA95EF9E2AB62B058F1065C4DED.e.30"
}
[1755163015.380][INFO]: [9525ab14013b9f10aa0f81426611405e] COMMAND GetElementText {
   "id": "f.495C356B0656AF67333FEFF3EE6D4D65.d.F9059DA95EF9E2AB62B058F1065C4DED.e.30"
}
[1755163015.380][INFO]: Waiting for pending navigations...
[1755163015.381][INFO]: Done waiting for pending navigations. Status: ok
[1755163015.390][INFO]: Waiting for pending navigations...
[1755163015.391][INFO]: Done waiting for pending navigations. Status: ok
[1755163015.391][INFO]: [9525ab14013b9f10aa0f81426611405e] RESPONSE GetElementText "【天津】\n北辰顺境路营业厅租房采购公示"
[1755163015.392][INFO]: [9525ab14013b9f10aa0f81426611405e] COMMAND ExecuteScript {
   "args": [ {
      "element-6066-11e4-a52e-4f735466cecf": "f.495C356B0656AF67333FEFF3EE6D4D65.d.F9059DA95EF9E2AB62B058F1065C4DED.e.50"
   } ],
   "script": "arguments[0].click();"
}
[1755163015.392][INFO]: Waiting for pending navigations...
[1755163015.393][INFO]: Done waiting for pending navigations. Status: ok
[1755163015.419][INFO]: Waiting for pending navigations...
[1755163015.425][INFO]: Done waiting for pending navigations. Status: ok
[1755163015.425][INFO]: [9525ab14013b9f10aa0f81426611405e] RESPONSE ExecuteScript null
[1755163015.426][INFO]: [9525ab14013b9f10aa0f81426611405e] COMMAND FindElement {
   "using": "xpath",
   "value": "//div[contains(@class, 'el-table__body-wrapper')]//tr[@class='el-table__row'][1]/td[1]"
}
[1755163015.426][INFO]: Waiting for pending navigations...
[1755163015.436][INFO]: Done waiting for pending navigations. Status: ok
[1755163015.451][INFO]: Waiting for pending navigations...
[1755163015.453][INFO]: Done waiting for pending navigations. Status: ok
[1755163015.454][INFO]: [9525ab14013b9f10aa0f81426611405e] RESPONSE FindElement {
   "element-6066-11e4-a52e-4f735466cecf": "f.495C356B0656AF67333FEFF3EE6D4D65.d.F9059DA95EF9E2AB62B058F1065C4DED.e.30"
}
[1755163015.455][INFO]: [9525ab14013b9f10aa0f81426611405e] COMMAND GetElementText {
   "id": "f.495C356B0656AF67333FEFF3EE6D4D65.d.F9059DA95EF9E2AB62B058F1065C4DED.e.30"
}
[1755163015.455][INFO]: Waiting for pending navigations...
[1755163015.456][INFO]: Done waiting for pending navigations. Status: ok
[1755163015.466][INFO]: Waiting for pending navigations...
[1755163015.467][INFO]: Done waiting for pending navigations. Status: ok
[1755163015.467][INFO]: [9525ab14013b9f10aa0f81426611405e] RESPONSE GetElementText "【天津】\n北辰顺境路营业厅租房采购公示"
[1755163015.969][INFO]: [9525ab14013b9f10aa0f81426611405e] COMMAND FindElement {
   "using": "xpath",
   "value": "//div[contains(@class, 'el-table__body-wrapper')]//tr[@class='el-table__row'][1]/td[1]"
}
[1755163015.969][INFO]: Waiting for pending navigations...
[1755163015.970][INFO]: Done waiting for pending navigations. Status: ok
[1755163015.977][INFO]: Waiting for pending navigations...
[1755163015.978][INFO]: Done waiting for pending navigations. Status: ok
[1755163015.978][INFO]: [9525ab14013b9f10aa0f81426611405e] RESPONSE FindElement {
   "element-6066-11e4-a52e-4f735466cecf": "f.495C356B0656AF67333FEFF3EE6D4D65.d.F9059DA95EF9E2AB62B058F1065C4DED.e.30"
}
[1755163015.980][INFO]: [9525ab14013b9f10aa0f81426611405e] COMMAND GetElementText {
   "id": "f.495C356B0656AF67333FEFF3EE6D4D65.d.F9059DA95EF9E2AB62B058F1065C4DED.e.30"
}
[1755163015.980][INFO]: Waiting for pending navigations...
[1755163015.981][INFO]: Done waiting for pending navigations. Status: ok
[1755163015.990][INFO]: Waiting for pending navigations...
[1755163015.991][INFO]: Done waiting for pending navigations. Status: ok
[1755163015.991][INFO]: [9525ab14013b9f10aa0f81426611405e] RESPONSE GetElementText "【天津】\n[2025年-2028年河东河西分公司河东第博雅园基站服务合同]项目单一来源采购公示"
[1755163015.992][INFO]: [9525ab14013b9f10aa0f81426611405e] COMMAND FindElement {
   "using": "css selector",
   "value": ".tableList"
}
[1755163015.992][INFO]: Waiting for pending navigations...
[1755163015.993][INFO]: Done waiting for pending navigations. Status: ok
[1755163016.001][INFO]: Waiting for pending navigations...
[1755163016.004][INFO]: Done waiting for pending navigations. Status: ok
[1755163016.004][INFO]: [9525ab14013b9f10aa0f81426611405e] RESPONSE FindElement {
   "element-6066-11e4-a52e-4f735466cecf": "f.495C356B0656AF67333FEFF3EE6D4D65.d.F9059DA95EF9E2AB62B058F1065C4DED.e.24"
}
[1755163016.005][INFO]: [9525ab14013b9f10aa0f81426611405e] COMMAND FindElements {
   "using": "xpath",
   "value": "//div[contains(@class, 'el-table__body-wrapper')]//tr[@class='el-table__row']"
}
[1755163016.005][INFO]: Waiting for pending navigations...
[1755163016.006][INFO]: Done waiting for pending navigations. Status: ok
[1755163016.014][INFO]: Waiting for pending navigations...
[1755163016.014][INFO]: Done waiting for pending navigations. Status: ok
[1755163016.014][INFO]: [9525ab14013b9f10aa0f81426611405e] RESPONSE FindElements [ {
   "element-6066-11e4-a52e-4f735466cecf": "f.495C356B0656AF67333FEFF3EE6D4D65.d.F9059DA95EF9E2AB62B058F1065C4DED.e.25"
}, {
   "element-6066-11e4-a52e-4f735466cecf": "f.495C356B0656AF67333FEFF3EE6D4D65.d.F9059DA95EF9E2AB62B058F1065C4DED.e.26"
}, {
   "element-6066-11e4-a52e-4f735466cecf": "f.495C356B0656AF67333FEFF3EE6D4D65.d.F9059DA95EF9E2AB62B058F1065C4DED.e.27"
}, {
   "element-6066-11e4-a52e-4f735466cecf": "f.495C356B0656AF67333FEFF3EE6D4D65.d.F9059DA95EF9E2AB62B058F1065C4DED.e.28"
}, {
   "element-6066-11e4-a52e-4f735466cecf": "f.495C356B0656AF67333FEFF3EE6D4D65.d.F9059DA95EF9E2AB62B058F1065C4DED.e.29"
} ]
[1755163016.016][INFO]: [9525ab14013b9f10aa0f81426611405e] COMMAND FindChildElements {
   "id": "f.495C356B0656AF67333FEFF3EE6D4D65.d.F9059DA95EF9E2AB62B058F1065C4DED.e.25",
   "using": "tag name",
   "value": "td"
}
[1755163016.016][INFO]: Waiting for pending navigations...
[1755163016.017][INFO]: Done waiting for pending navigations. Status: ok
[1755163016.025][INFO]: Waiting for pending navigations...
[1755163016.026][INFO]: Done waiting for pending navigations. Status: ok
[1755163016.026][INFO]: [9525ab14013b9f10aa0f81426611405e] RESPONSE FindChildElements [ {
   "element-6066-11e4-a52e-4f735466cecf": "f.495C356B0656AF67333FEFF3EE6D4D65.d.F9059DA95EF9E2AB62B058F1065C4DED.e.30"
}, {
   "element-6066-11e4-a52e-4f735466cecf": "f.495C356B0656AF67333FEFF3EE6D4D65.d.F9059DA95EF9E2AB62B058F1065C4DED.e.31"
}, {
   "element-6066-11e4-a52e-4f735466cecf": "f.495C356B0656AF67333FEFF3EE6D4D65.d.F9059DA95EF9E2AB62B058F1065C4DED.e.32"
}, {
   "element-6066-11e4-a52e-4f735466cecf": "f.495C356B0656AF67333FEFF3EE6D4D65.d.F9059DA95EF9E2AB62B058F1065C4DED.e.33"
} ]
[1755163016.027][INFO]: [9525ab14013b9f10aa0f81426611405e] COMMAND GetElementText {
   "id": "f.495C356B0656AF67333FEFF3EE6D4D65.d.F9059DA95EF9E2AB62B058F1065C4DED.e.30"
}
[1755163016.027][INFO]: Waiting for pending navigations...
[1755163016.028][INFO]: Done waiting for pending navigations. Status: ok
[1755163016.038][INFO]: Waiting for pending navigations...
[1755163016.039][INFO]: Done waiting for pending navigations. Status: ok
[1755163016.039][INFO]: [9525ab14013b9f10aa0f81426611405e] RESPONSE GetElementText "【天津】\n[2025年-2028年河东河西分公司河东第博雅园基站服务合同]项目单一来源采购公示"
[1755163016.040][INFO]: [9525ab14013b9f10aa0f81426611405e] COMMAND GetElementText {
   "id": "f.495C356B0656AF67333FEFF3EE6D4D65.d.F9059DA95EF9E2AB62B058F1065C4DED.e.30"
}
[1755163016.040][INFO]: Waiting for pending navigations...
[1755163016.041][INFO]: Done waiting for pending navigations. Status: ok
[1755163016.051][INFO]: Waiting for pending navigations...
[1755163016.051][INFO]: Done waiting for pending navigations. Status: ok
[1755163016.051][INFO]: [9525ab14013b9f10aa0f81426611405e] RESPONSE GetElementText "【天津】\n[2025年-2028年河东河西分公司河东第博雅园基站服务合同]项目单一来源采购公示"
[1755163016.053][INFO]: [9525ab14013b9f10aa0f81426611405e] COMMAND GetElementText {
   "id": "f.495C356B0656AF67333FEFF3EE6D4D65.d.F9059DA95EF9E2AB62B058F1065C4DED.e.31"
}
[1755163016.053][INFO]: Waiting for pending navigations...
[1755163016.054][INFO]: Done waiting for pending navigations. Status: ok
[1755163016.062][INFO]: Waiting for pending navigations...
[1755163016.063][INFO]: Done waiting for pending navigations. Status: ok
[1755163016.063][INFO]: [9525ab14013b9f10aa0f81426611405e] RESPONSE GetElementText "2025-08-08"
[1755163016.065][INFO]: [9525ab14013b9f10aa0f81426611405e] COMMAND GetElementText {
   "id": "f.495C356B0656AF67333FEFF3EE6D4D65.d.F9059DA95EF9E2AB62B058F1065C4DED.e.32"
}
[1755163016.065][INFO]: Waiting for pending navigations...
[1755163016.066][INFO]: Done waiting for pending navigations. Status: ok
[1755163016.075][INFO]: Waiting for pending navigations...
[1755163016.076][INFO]: Done waiting for pending navigations. Status: ok
[1755163016.076][INFO]: [9525ab14013b9f10aa0f81426611405e] RESPONSE GetElementText "2025-08-12"
[1755163016.077][INFO]: [9525ab14013b9f10aa0f81426611405e] COMMAND GetElementText {
   "id": "f.495C356B0656AF67333FEFF3EE6D4D65.d.F9059DA95EF9E2AB62B058F1065C4DED.e.33"
}
[1755163016.078][INFO]: Waiting for pending navigations...
[1755163016.079][INFO]: Done waiting for pending navigations. Status: ok
[1755163016.088][INFO]: Waiting for pending navigations...
[1755163016.089][INFO]: Done waiting for pending navigations. Status: ok
[1755163016.089][INFO]: [9525ab14013b9f10aa0f81426611405e] RESPONSE GetElementText "2025-08-07"
[1755163016.090][INFO]: [9525ab14013b9f10aa0f81426611405e] COMMAND FindChildElements {
   "id": "f.495C356B0656AF67333FEFF3EE6D4D65.d.F9059DA95EF9E2AB62B058F1065C4DED.e.26",
   "using": "tag name",
   "value": "td"
}
[1755163016.090][INFO]: Waiting for pending navigations...
[1755163016.096][INFO]: Done waiting for pending navigations. Status: ok
[1755163016.105][INFO]: Waiting for pending navigations...
[1755163016.106][INFO]: Done waiting for pending navigations. Status: ok
[1755163016.106][INFO]: [9525ab14013b9f10aa0f81426611405e] RESPONSE FindChildElements [ {
   "element-6066-11e4-a52e-4f735466cecf": "f.495C356B0656AF67333FEFF3EE6D4D65.d.F9059DA95EF9E2AB62B058F1065C4DED.e.34"
}, {
   "element-6066-11e4-a52e-4f735466cecf": "f.495C356B0656AF67333FEFF3EE6D4D65.d.F9059DA95EF9E2AB62B058F1065C4DED.e.35"
}, {
   "element-6066-11e4-a52e-4f735466cecf": "f.495C356B0656AF67333FEFF3EE6D4D65.d.F9059DA95EF9E2AB62B058F1065C4DED.e.36"
}, {
   "element-6066-11e4-a52e-4f735466cecf": "f.495C356B0656AF67333FEFF3EE6D4D65.d.F9059DA95EF9E2AB62B058F1065C4DED.e.37"
} ]
[1755163016.108][INFO]: [9525ab14013b9f10aa0f81426611405e] COMMAND GetElementText {
   "id": "f.495C356B0656AF67333FEFF3EE6D4D65.d.F9059DA95EF9E2AB62B058F1065C4DED.e.34"
}
[1755163016.108][INFO]: Waiting for pending navigations...
[1755163016.109][INFO]: Done waiting for pending navigations. Status: ok
[1755163016.120][INFO]: Waiting for pending navigations...
[1755163016.121][INFO]: Done waiting for pending navigations. Status: ok
[1755163016.121][INFO]: [9525ab14013b9f10aa0f81426611405e] RESPONSE GetElementText "【天津】\n[2025年-2028年河东河西分公司河东明家庄园东基站服务合同]项目单一来源采购公示"
[1755163016.122][INFO]: [9525ab14013b9f10aa0f81426611405e] COMMAND GetElementText {
   "id": "f.495C356B0656AF67333FEFF3EE6D4D65.d.F9059DA95EF9E2AB62B058F1065C4DED.e.34"
}
[1755163016.122][INFO]: Waiting for pending navigations...
[1755163016.123][INFO]: Done waiting for pending navigations. Status: ok
[1755163016.133][INFO]: Waiting for pending navigations...
[1755163016.133][INFO]: Done waiting for pending navigations. Status: ok
[1755163016.133][INFO]: [9525ab14013b9f10aa0f81426611405e] RESPONSE GetElementText "【天津】\n[2025年-2028年河东河西分公司河东明家庄园东基站服务合同]项目单一来源采购公示"
[1755163016.135][INFO]: [9525ab14013b9f10aa0f81426611405e] COMMAND GetElementText {
   "id": "f.495C356B0656AF67333FEFF3EE6D4D65.d.F9059DA95EF9E2AB62B058F1065C4DED.e.35"
}
[1755163016.135][INFO]: Waiting for pending navigations...
[1755163016.136][INFO]: Done waiting for pending navigations. Status: ok
[1755163016.148][INFO]: Waiting for pending navigations...
[1755163016.150][INFO]: Done waiting for pending navigations. Status: ok
[1755163016.150][INFO]: [9525ab14013b9f10aa0f81426611405e] RESPONSE GetElementText "2025-08-08"
[1755163016.151][INFO]: [9525ab14013b9f10aa0f81426611405e] COMMAND GetElementText {
   "id": "f.495C356B0656AF67333FEFF3EE6D4D65.d.F9059DA95EF9E2AB62B058F1065C4DED.e.36"
}
[1755163016.151][INFO]: Waiting for pending navigations...
[1755163016.152][INFO]: Done waiting for pending navigations. Status: ok
[1755163016.162][INFO]: Waiting for pending navigations...
[1755163016.163][INFO]: Done waiting for pending navigations. Status: ok
[1755163016.163][INFO]: [9525ab14013b9f10aa0f81426611405e] RESPONSE GetElementText "2025-08-12"
[1755163016.164][INFO]: [9525ab14013b9f10aa0f81426611405e] COMMAND GetElementText {
   "id": "f.495C356B0656AF67333FEFF3EE6D4D65.d.F9059DA95EF9E2AB62B058F1065C4DED.e.37"
}
[1755163016.165][INFO]: Waiting for pending navigations...
[1755163016.165][INFO]: Done waiting for pending navigations. Status: ok
[1755163016.174][INFO]: Waiting for pending navigations...
[1755163016.175][INFO]: Done waiting for pending navigations. Status: ok
[1755163016.175][INFO]: [9525ab14013b9f10aa0f81426611405e] RESPONSE GetElementText "2025-08-07"
[1755163016.177][INFO]: [9525ab14013b9f10aa0f81426611405e] COMMAND FindChildElements {
   "id": "f.495C356B0656AF67333FEFF3EE6D4D65.d.F9059DA95EF9E2AB62B058F1065C4DED.e.27",
   "using": "tag name",
   "value": "td"
}
[1755163016.177][INFO]: Waiting for pending navigations...
[1755163016.178][INFO]: Done waiting for pending navigations. Status: ok
[1755163016.186][INFO]: Waiting for pending navigations...
[1755163016.187][INFO]: Done waiting for pending navigations. Status: ok
[1755163016.187][INFO]: [9525ab14013b9f10aa0f81426611405e] RESPONSE FindChildElements [ {
   "element-6066-11e4-a52e-4f735466cecf": "f.495C356B0656AF67333FEFF3EE6D4D65.d.F9059DA95EF9E2AB62B058F1065C4DED.e.38"
}, {
   "element-6066-11e4-a52e-4f735466cecf": "f.495C356B0656AF67333FEFF3EE6D4D65.d.F9059DA95EF9E2AB62B058F1065C4DED.e.39"
}, {
   "element-6066-11e4-a52e-4f735466cecf": "f.495C356B0656AF67333FEFF3EE6D4D65.d.F9059DA95EF9E2AB62B058F1065C4DED.e.40"
}, {
   "element-6066-11e4-a52e-4f735466cecf": "f.495C356B0656AF67333FEFF3EE6D4D65.d.F9059DA95EF9E2AB62B058F1065C4DED.e.41"
} ]
[1755163016.188][INFO]: [9525ab14013b9f10aa0f81426611405e] COMMAND GetElementText {
   "id": "f.495C356B0656AF67333FEFF3EE6D4D65.d.F9059DA95EF9E2AB62B058F1065C4DED.e.38"
}
[1755163016.188][INFO]: Waiting for pending navigations...
[1755163016.189][INFO]: Done waiting for pending navigations. Status: ok
[1755163016.199][INFO]: Waiting for pending navigations...
[1755163016.200][INFO]: Done waiting for pending navigations. Status: ok
[1755163016.200][INFO]: [9525ab14013b9f10aa0f81426611405e] RESPONSE GetElementText "【天津】\n[2025年-2028年河东河西分公司河东常州里基站服务合同]项目单一来源采购公示"
[1755163016.201][INFO]: [9525ab14013b9f10aa0f81426611405e] COMMAND GetElementText {
   "id": "f.495C356B0656AF67333FEFF3EE6D4D65.d.F9059DA95EF9E2AB62B058F1065C4DED.e.38"
}
[1755163016.202][INFO]: Waiting for pending navigations...
[1755163016.202][INFO]: Done waiting for pending navigations. Status: ok
[1755163016.212][INFO]: Waiting for pending navigations...
[1755163016.213][INFO]: Done waiting for pending navigations. Status: ok
[1755163016.213][INFO]: [9525ab14013b9f10aa0f81426611405e] RESPONSE GetElementText "【天津】\n[2025年-2028年河东河西分公司河东常州里基站服务合同]项目单一来源采购公示"
[1755163016.214][INFO]: [9525ab14013b9f10aa0f81426611405e] COMMAND GetElementText {
   "id": "f.495C356B0656AF67333FEFF3EE6D4D65.d.F9059DA95EF9E2AB62B058F1065C4DED.e.39"
}
[1755163016.214][INFO]: Waiting for pending navigations...
[1755163016.215][INFO]: Done waiting for pending navigations. Status: ok
[1755163016.223][INFO]: Waiting for pending navigations...
[1755163016.224][INFO]: Done waiting for pending navigations. Status: ok
[1755163016.224][INFO]: [9525ab14013b9f10aa0f81426611405e] RESPONSE GetElementText "2025-08-08"
[1755163016.225][INFO]: [9525ab14013b9f10aa0f81426611405e] COMMAND GetElementText {
   "id": "f.495C356B0656AF67333FEFF3EE6D4D65.d.F9059DA95EF9E2AB62B058F1065C4DED.e.40"
}
[1755163016.225][INFO]: Waiting for pending navigations...
[1755163016.226][INFO]: Done waiting for pending navigations. Status: ok
[1755163016.234][INFO]: Waiting for pending navigations...
[1755163016.235][INFO]: Done waiting for pending navigations. Status: ok
[1755163016.235][INFO]: [9525ab14013b9f10aa0f81426611405e] RESPONSE GetElementText "2025-08-12"
[1755163016.236][INFO]: [9525ab14013b9f10aa0f81426611405e] COMMAND GetElementText {
   "id": "f.495C356B0656AF67333FEFF3EE6D4D65.d.F9059DA95EF9E2AB62B058F1065C4DED.e.41"
}
[1755163016.236][INFO]: Waiting for pending navigations...
[1755163016.237][INFO]: Done waiting for pending navigations. Status: ok
[1755163016.245][INFO]: Waiting for pending navigations...
[1755163016.246][INFO]: Done waiting for pending navigations. Status: ok
[1755163016.246][INFO]: [9525ab14013b9f10aa0f81426611405e] RESPONSE GetElementText "2025-08-07"
[1755163016.247][INFO]: [9525ab14013b9f10aa0f81426611405e] COMMAND FindChildElements {
   "id": "f.495C356B0656AF67333FEFF3EE6D4D65.d.F9059DA95EF9E2AB62B058F1065C4DED.e.28",
   "using": "tag name",
   "value": "td"
}
[1755163016.247][INFO]: Waiting for pending navigations...
[1755163016.248][INFO]: Done waiting for pending navigations. Status: ok
[1755163016.255][INFO]: Waiting for pending navigations...
[1755163016.256][INFO]: Done waiting for pending navigations. Status: ok
[1755163016.256][INFO]: [9525ab14013b9f10aa0f81426611405e] RESPONSE FindChildElements [ {
   "element-6066-11e4-a52e-4f735466cecf": "f.495C356B0656AF67333FEFF3EE6D4D65.d.F9059DA95EF9E2AB62B058F1065C4DED.e.42"
}, {
   "element-6066-11e4-a52e-4f735466cecf": "f.495C356B0656AF67333FEFF3EE6D4D65.d.F9059DA95EF9E2AB62B058F1065C4DED.e.43"
}, {
   "element-6066-11e4-a52e-4f735466cecf": "f.495C356B0656AF67333FEFF3EE6D4D65.d.F9059DA95EF9E2AB62B058F1065C4DED.e.44"
}, {
   "element-6066-11e4-a52e-4f735466cecf": "f.495C356B0656AF67333FEFF3EE6D4D65.d.F9059DA95EF9E2AB62B058F1065C4DED.e.45"
} ]
[1755163016.257][INFO]: [9525ab14013b9f10aa0f81426611405e] COMMAND GetElementText {
   "id": "f.495C356B0656AF67333FEFF3EE6D4D65.d.F9059DA95EF9E2AB62B058F1065C4DED.e.42"
}
[1755163016.257][INFO]: Waiting for pending navigations...
[1755163016.258][INFO]: Done waiting for pending navigations. Status: ok
[1755163016.267][INFO]: Waiting for pending navigations...
[1755163016.268][INFO]: Done waiting for pending navigations. Status: ok
[1755163016.268][INFO]: [9525ab14013b9f10aa0f81426611405e] RESPONSE GetElementText "【天津】\n中国电信天津分公司2025年收入列帐扩容工程成交候选人公示"
[1755163016.269][INFO]: [9525ab14013b9f10aa0f81426611405e] COMMAND GetElementText {
   "id": "f.495C356B0656AF67333FEFF3EE6D4D65.d.F9059DA95EF9E2AB62B058F1065C4DED.e.42"
}
[1755163016.269][INFO]: Waiting for pending navigations...
[1755163016.270][INFO]: Done waiting for pending navigations. Status: ok
[1755163016.280][INFO]: Waiting for pending navigations...
[1755163016.280][INFO]: Done waiting for pending navigations. Status: ok
[1755163016.280][INFO]: [9525ab14013b9f10aa0f81426611405e] RESPONSE GetElementText "【天津】\n中国电信天津分公司2025年收入列帐扩容工程成交候选人公示"
[1755163016.282][INFO]: [9525ab14013b9f10aa0f81426611405e] COMMAND GetElementText {
   "id": "f.495C356B0656AF67333FEFF3EE6D4D65.d.F9059DA95EF9E2AB62B058F1065C4DED.e.43"
}
[1755163016.282][INFO]: Waiting for pending navigations...
[1755163016.283][INFO]: Done waiting for pending navigations. Status: ok
[1755163016.291][INFO]: Waiting for pending navigations...
[1755163016.292][INFO]: Done waiting for pending navigations. Status: ok
[1755163016.292][INFO]: [9525ab14013b9f10aa0f81426611405e] RESPONSE GetElementText "2025-08-08"
[1755163016.293][INFO]: [9525ab14013b9f10aa0f81426611405e] COMMAND GetElementText {
   "id": "f.495C356B0656AF67333FEFF3EE6D4D65.d.F9059DA95EF9E2AB62B058F1065C4DED.e.44"
}
[1755163016.293][INFO]: Waiting for pending navigations...
[1755163016.294][INFO]: Done waiting for pending navigations. Status: ok
[1755163016.302][INFO]: Waiting for pending navigations...
[1755163016.302][INFO]: Done waiting for pending navigations. Status: ok
[1755163016.302][INFO]: [9525ab14013b9f10aa0f81426611405e] RESPONSE GetElementText "2025-08-11"
[1755163016.304][INFO]: [9525ab14013b9f10aa0f81426611405e] COMMAND GetElementText {
   "id": "f.495C356B0656AF67333FEFF3EE6D4D65.d.F9059DA95EF9E2AB62B058F1065C4DED.e.45"
}
[1755163016.304][INFO]: Waiting for pending navigations...
[1755163016.304][INFO]: Done waiting for pending navigations. Status: ok
[1755163016.312][INFO]: Waiting for pending navigations...
[1755163016.313][INFO]: Done waiting for pending navigations. Status: ok
[1755163016.313][INFO]: [9525ab14013b9f10aa0f81426611405e] RESPONSE GetElementText "2025-08-07"
[1755163016.314][INFO]: [9525ab14013b9f10aa0f81426611405e] COMMAND FindChildElements {
   "id": "f.495C356B0656AF67333FEFF3EE6D4D65.d.F9059DA95EF9E2AB62B058F1065C4DED.e.29",
   "using": "tag name",
   "value": "td"
}
[1755163016.314][INFO]: Waiting for pending navigations...
[1755163016.315][INFO]: Done waiting for pending navigations. Status: ok
[1755163016.323][INFO]: Waiting for pending navigations...
[1755163016.323][INFO]: Done waiting for pending navigations. Status: ok
[1755163016.323][INFO]: [9525ab14013b9f10aa0f81426611405e] RESPONSE FindChildElements [ {
   "element-6066-11e4-a52e-4f735466cecf": "f.495C356B0656AF67333FEFF3EE6D4D65.d.F9059DA95EF9E2AB62B058F1065C4DED.e.46"
}, {
   "element-6066-11e4-a52e-4f735466cecf": "f.495C356B0656AF67333FEFF3EE6D4D65.d.F9059DA95EF9E2AB62B058F1065C4DED.e.47"
}, {
   "element-6066-11e4-a52e-4f735466cecf": "f.495C356B0656AF67333FEFF3EE6D4D65.d.F9059DA95EF9E2AB62B058F1065C4DED.e.48"
}, {
   "element-6066-11e4-a52e-4f735466cecf": "f.495C356B0656AF67333FEFF3EE6D4D65.d.F9059DA95EF9E2AB62B058F1065C4DED.e.49"
} ]
[1755163016.325][INFO]: [9525ab14013b9f10aa0f81426611405e] COMMAND GetElementText {
   "id": "f.495C356B0656AF67333FEFF3EE6D4D65.d.F9059DA95EF9E2AB62B058F1065C4DED.e.46"
}
[1755163016.325][INFO]: Waiting for pending navigations...
[1755163016.326][INFO]: Done waiting for pending navigations. Status: ok
[1755163016.336][INFO]: Waiting for pending navigations...
[1755163016.337][INFO]: Done waiting for pending navigations. Status: ok
[1755163016.337][INFO]: [9525ab14013b9f10aa0f81426611405e] RESPONSE GetElementText "【天津】\n中国电信天津分公司2025年纵深防御能力-增强型安全应用平台升级工程直接采购公示"
[1755163016.338][INFO]: [9525ab14013b9f10aa0f81426611405e] COMMAND GetElementText {
   "id": "f.495C356B0656AF67333FEFF3EE6D4D65.d.F9059DA95EF9E2AB62B058F1065C4DED.e.46"
}
[1755163016.338][INFO]: Waiting for pending navigations...
[1755163016.339][INFO]: Done waiting for pending navigations. Status: ok
[1755163016.349][INFO]: Waiting for pending navigations...
[1755163016.350][INFO]: Done waiting for pending navigations. Status: ok
[1755163016.350][INFO]: [9525ab14013b9f10aa0f81426611405e] RESPONSE GetElementText "【天津】\n中国电信天津分公司2025年纵深防御能力-增强型安全应用平台升级工程直接采购公示"
[1755163016.352][INFO]: [9525ab14013b9f10aa0f81426611405e] COMMAND GetElementText {
   "id": "f.495C356B0656AF67333FEFF3EE6D4D65.d.F9059DA95EF9E2AB62B058F1065C4DED.e.47"
}
[1755163016.352][INFO]: Waiting for pending navigations...
[1755163016.353][INFO]: Done waiting for pending navigations. Status: ok
[1755163016.362][INFO]: Waiting for pending navigations...
[1755163016.363][INFO]: Done waiting for pending navigations. Status: ok
[1755163016.363][INFO]: [9525ab14013b9f10aa0f81426611405e] RESPONSE GetElementText "2025-08-08"
[1755163016.364][INFO]: [9525ab14013b9f10aa0f81426611405e] COMMAND GetElementText {
   "id": "f.495C356B0656AF67333FEFF3EE6D4D65.d.F9059DA95EF9E2AB62B058F1065C4DED.e.48"
}
[1755163016.364][INFO]: Waiting for pending navigations...
[1755163016.365][INFO]: Done waiting for pending navigations. Status: ok
[1755163016.374][INFO]: Waiting for pending navigations...
[1755163016.375][INFO]: Done waiting for pending navigations. Status: ok
[1755163016.375][INFO]: [9525ab14013b9f10aa0f81426611405e] RESPONSE GetElementText "2025-08-11"
[1755163016.377][INFO]: [9525ab14013b9f10aa0f81426611405e] COMMAND GetElementText {
   "id": "f.495C356B0656AF67333FEFF3EE6D4D65.d.F9059DA95EF9E2AB62B058F1065C4DED.e.49"
}
[1755163016.377][INFO]: Waiting for pending navigations...
[1755163016.378][INFO]: Done waiting for pending navigations. Status: ok
[1755163016.387][INFO]: Waiting for pending navigations...
[1755163016.388][INFO]: Done waiting for pending navigations. Status: ok
[1755163016.388][INFO]: [9525ab14013b9f10aa0f81426611405e] RESPONSE GetElementText "2025-08-07"
[1755163016.389][INFO]: [9525ab14013b9f10aa0f81426611405e] COMMAND FindElement {
   "using": "xpath",
   "value": "//button[contains(@class, 'btn-next')]"
}
[1755163016.389][INFO]: Waiting for pending navigations...
[1755163016.390][INFO]: Done waiting for pending navigations. Status: ok
[1755163016.397][INFO]: Waiting for pending navigations...
[1755163016.398][INFO]: Done waiting for pending navigations. Status: ok
[1755163016.398][INFO]: [9525ab14013b9f10aa0f81426611405e] RESPONSE FindElement {
   "element-6066-11e4-a52e-4f735466cecf": "f.495C356B0656AF67333FEFF3EE6D4D65.d.F9059DA95EF9E2AB62B058F1065C4DED.e.50"
}
[1755163016.399][INFO]: [9525ab14013b9f10aa0f81426611405e] COMMAND IsElementEnabled {
   "id": "f.495C356B0656AF67333FEFF3EE6D4D65.d.F9059DA95EF9E2AB62B058F1065C4DED.e.50"
}
[1755163016.399][INFO]: Waiting for pending navigations...
[1755163016.400][INFO]: Done waiting for pending navigations. Status: ok
[1755163016.407][INFO]: Waiting for pending navigations...
[1755163016.408][INFO]: Done waiting for pending navigations. Status: ok
[1755163016.408][INFO]: [9525ab14013b9f10aa0f81426611405e] RESPONSE IsElementEnabled true
[1755163016.409][INFO]: [9525ab14013b9f10aa0f81426611405e] COMMAND FindElement {
   "using": "xpath",
   "value": "//div[contains(@class, 'el-table__body-wrapper')]//tr[@class='el-table__row'][1]/td[1]"
}
[1755163016.409][INFO]: Waiting for pending navigations...
[1755163016.410][INFO]: Done waiting for pending navigations. Status: ok
[1755163016.418][INFO]: Waiting for pending navigations...
[1755163016.419][INFO]: Done waiting for pending navigations. Status: ok
[1755163016.419][INFO]: [9525ab14013b9f10aa0f81426611405e] RESPONSE FindElement {
   "element-6066-11e4-a52e-4f735466cecf": "f.495C356B0656AF67333FEFF3EE6D4D65.d.F9059DA95EF9E2AB62B058F1065C4DED.e.30"
}
[1755163016.421][INFO]: [9525ab14013b9f10aa0f81426611405e] COMMAND GetElementText {
   "id": "f.495C356B0656AF67333FEFF3EE6D4D65.d.F9059DA95EF9E2AB62B058F1065C4DED.e.30"
}
[1755163016.421][INFO]: Waiting for pending navigations...
[1755163016.422][INFO]: Done waiting for pending navigations. Status: ok
[1755163016.432][INFO]: Waiting for pending navigations...
[1755163016.433][INFO]: Done waiting for pending navigations. Status: ok
[1755163016.433][INFO]: [9525ab14013b9f10aa0f81426611405e] RESPONSE GetElementText "【天津】\n[2025年-2028年河东河西分公司河东第博雅园基站服务合同]项目单一来源采购公示"
[1755163016.435][INFO]: [9525ab14013b9f10aa0f81426611405e] COMMAND ExecuteScript {
   "args": [ {
      "element-6066-11e4-a52e-4f735466cecf": "f.495C356B0656AF67333FEFF3EE6D4D65.d.F9059DA95EF9E2AB62B058F1065C4DED.e.50"
   } ],
   "script": "arguments[0].click();"
}
[1755163016.435][INFO]: Waiting for pending navigations...
[1755163016.435][INFO]: Done waiting for pending navigations. Status: ok
[1755163016.461][INFO]: Waiting for pending navigations...
[1755163016.466][INFO]: Done waiting for pending navigations. Status: ok
[1755163016.466][INFO]: [9525ab14013b9f10aa0f81426611405e] RESPONSE ExecuteScript null
[1755163016.467][INFO]: [9525ab14013b9f10aa0f81426611405e] COMMAND FindElement {
   "using": "xpath",
   "value": "//div[contains(@class, 'el-table__body-wrapper')]//tr[@class='el-table__row'][1]/td[1]"
}
[1755163016.467][INFO]: Waiting for pending navigations...
[1755163016.468][INFO]: Done waiting for pending navigations. Status: ok
[1755163016.476][INFO]: Waiting for pending navigations...
[1755163016.477][INFO]: Done waiting for pending navigations. Status: ok
[1755163016.477][INFO]: [9525ab14013b9f10aa0f81426611405e] RESPONSE FindElement {
   "element-6066-11e4-a52e-4f735466cecf": "f.495C356B0656AF67333FEFF3EE6D4D65.d.F9059DA95EF9E2AB62B058F1065C4DED.e.30"
}
[1755163016.478][INFO]: [9525ab14013b9f10aa0f81426611405e] COMMAND GetElementText {
   "id": "f.495C356B0656AF67333FEFF3EE6D4D65.d.F9059DA95EF9E2AB62B058F1065C4DED.e.30"
}
[1755163016.478][INFO]: Waiting for pending navigations...
[1755163016.479][INFO]: Done waiting for pending navigations. Status: ok
[1755163016.491][INFO]: Waiting for pending navigations...
[1755163016.493][INFO]: Done waiting for pending navigations. Status: ok
[1755163016.493][INFO]: [9525ab14013b9f10aa0f81426611405e] RESPONSE GetElementText "【天津】\n[2025年-2028年河东河西分公司河东第博雅园基站服务合同]项目单一来源采购公示"
[1755163016.995][INFO]: [9525ab14013b9f10aa0f81426611405e] COMMAND FindElement {
   "using": "xpath",
   "value": "//div[contains(@class, 'el-table__body-wrapper')]//tr[@class='el-table__row'][1]/td[1]"
}
[1755163016.995][INFO]: Waiting for pending navigations...
[1755163016.996][INFO]: Done waiting for pending navigations. Status: ok
[1755163017.006][INFO]: Waiting for pending navigations...
[1755163017.007][INFO]: Done waiting for pending navigations. Status: ok
[1755163017.007][INFO]: [9525ab14013b9f10aa0f81426611405e] RESPONSE FindElement {
   "element-6066-11e4-a52e-4f735466cecf": "f.495C356B0656AF67333FEFF3EE6D4D65.d.F9059DA95EF9E2AB62B058F1065C4DED.e.30"
}
[1755163017.008][INFO]: [9525ab14013b9f10aa0f81426611405e] COMMAND GetElementText {
   "id": "f.495C356B0656AF67333FEFF3EE6D4D65.d.F9059DA95EF9E2AB62B058F1065C4DED.e.30"
}
[1755163017.008][INFO]: Waiting for pending navigations...
[1755163017.009][INFO]: Done waiting for pending navigations. Status: ok
[1755163017.020][INFO]: Waiting for pending navigations...
[1755163017.020][INFO]: Done waiting for pending navigations. Status: ok
[1755163017.020][INFO]: [9525ab14013b9f10aa0f81426611405e] RESPONSE GetElementText "【天津】\n[2025年-2028年河东河西分公司河东第博雅园基站服务合同]项目单一来源采购公示"
[1755163017.522][INFO]: [9525ab14013b9f10aa0f81426611405e] COMMAND FindElement {
   "using": "xpath",
   "value": "//div[contains(@class, 'el-table__body-wrapper')]//tr[@class='el-table__row'][1]/td[1]"
}
[1755163017.522][INFO]: Waiting for pending navigations...
[1755163017.524][INFO]: Done waiting for pending navigations. Status: ok
[1755163017.532][INFO]: Waiting for pending navigations...
[1755163017.532][INFO]: Done waiting for pending navigations. Status: ok
[1755163017.532][INFO]: [9525ab14013b9f10aa0f81426611405e] RESPONSE FindElement {
   "element-6066-11e4-a52e-4f735466cecf": "f.495C356B0656AF67333FEFF3EE6D4D65.d.F9059DA95EF9E2AB62B058F1065C4DED.e.30"
}
[1755163017.534][INFO]: [9525ab14013b9f10aa0f81426611405e] COMMAND GetElementText {
   "id": "f.495C356B0656AF67333FEFF3EE6D4D65.d.F9059DA95EF9E2AB62B058F1065C4DED.e.30"
}
[1755163017.534][INFO]: Waiting for pending navigations...
[1755163017.535][INFO]: Done waiting for pending navigations. Status: ok
[1755163017.545][INFO]: Waiting for pending navigations...
[1755163017.546][INFO]: Done waiting for pending navigations. Status: ok
[1755163017.546][INFO]: [9525ab14013b9f10aa0f81426611405e] RESPONSE GetElementText "【天津】\n中国电信2025年天津分公司资源能力中心系统研发工程成交候选人公示"
[1755163017.548][INFO]: [9525ab14013b9f10aa0f81426611405e] COMMAND FindElement {
   "using": "css selector",
   "value": ".tableList"
}
[1755163017.548][INFO]: Waiting for pending navigations...
[1755163017.548][INFO]: Done waiting for pending navigations. Status: ok
[1755163017.555][INFO]: Waiting for pending navigations...
[1755163017.556][INFO]: Done waiting for pending navigations. Status: ok
[1755163017.556][INFO]: [9525ab14013b9f10aa0f81426611405e] RESPONSE FindElement {
   "element-6066-11e4-a52e-4f735466cecf": "f.495C356B0656AF67333FEFF3EE6D4D65.d.F9059DA95EF9E2AB62B058F1065C4DED.e.24"
}
[1755163017.558][INFO]: [9525ab14013b9f10aa0f81426611405e] COMMAND FindElements {
   "using": "xpath",
   "value": "//div[contains(@class, 'el-table__body-wrapper')]//tr[@class='el-table__row']"
}
[1755163017.558][INFO]: Waiting for pending navigations...
[1755163017.558][INFO]: Done waiting for pending navigations. Status: ok
[1755163017.566][INFO]: Waiting for pending navigations...
[1755163017.567][INFO]: Done waiting for pending navigations. Status: ok
[1755163017.567][INFO]: [9525ab14013b9f10aa0f81426611405e] RESPONSE FindElements [ {
   "element-6066-11e4-a52e-4f735466cecf": "f.495C356B0656AF67333FEFF3EE6D4D65.d.F9059DA95EF9E2AB62B058F1065C4DED.e.25"
}, {
   "element-6066-11e4-a52e-4f735466cecf": "f.495C356B0656AF67333FEFF3EE6D4D65.d.F9059DA95EF9E2AB62B058F1065C4DED.e.26"
}, {
   "element-6066-11e4-a52e-4f735466cecf": "f.495C356B0656AF67333FEFF3EE6D4D65.d.F9059DA95EF9E2AB62B058F1065C4DED.e.27"
}, {
   "element-6066-11e4-a52e-4f735466cecf": "f.495C356B0656AF67333FEFF3EE6D4D65.d.F9059DA95EF9E2AB62B058F1065C4DED.e.28"
}, {
   "element-6066-11e4-a52e-4f735466cecf": "f.495C356B0656AF67333FEFF3EE6D4D65.d.F9059DA95EF9E2AB62B058F1065C4DED.e.29"
} ]
[1755163017.568][INFO]: [9525ab14013b9f10aa0f81426611405e] COMMAND FindChildElements {
   "id": "f.495C356B0656AF67333FEFF3EE6D4D65.d.F9059DA95EF9E2AB62B058F1065C4DED.e.25",
   "using": "tag name",
   "value": "td"
}
[1755163017.568][INFO]: Waiting for pending navigations...
[1755163017.569][INFO]: Done waiting for pending navigations. Status: ok
[1755163017.577][INFO]: Waiting for pending navigations...
[1755163017.578][INFO]: Done waiting for pending navigations. Status: ok
[1755163017.578][INFO]: [9525ab14013b9f10aa0f81426611405e] RESPONSE FindChildElements [ {
   "element-6066-11e4-a52e-4f735466cecf": "f.495C356B0656AF67333FEFF3EE6D4D65.d.F9059DA95EF9E2AB62B058F1065C4DED.e.30"
}, {
   "element-6066-11e4-a52e-4f735466cecf": "f.495C356B0656AF67333FEFF3EE6D4D65.d.F9059DA95EF9E2AB62B058F1065C4DED.e.31"
}, {
   "element-6066-11e4-a52e-4f735466cecf": "f.495C356B0656AF67333FEFF3EE6D4D65.d.F9059DA95EF9E2AB62B058F1065C4DED.e.32"
}, {
   "element-6066-11e4-a52e-4f735466cecf": "f.495C356B0656AF67333FEFF3EE6D4D65.d.F9059DA95EF9E2AB62B058F1065C4DED.e.33"
} ]
[1755163017.579][INFO]: [9525ab14013b9f10aa0f81426611405e] COMMAND GetElementText {
   "id": "f.495C356B0656AF67333FEFF3EE6D4D65.d.F9059DA95EF9E2AB62B058F1065C4DED.e.30"
}
[1755163017.579][INFO]: Waiting for pending navigations...
[1755163017.580][INFO]: Done waiting for pending navigations. Status: ok
[1755163017.589][INFO]: Waiting for pending navigations...
[1755163017.593][INFO]: Done waiting for pending navigations. Status: ok
[1755163017.593][INFO]: [9525ab14013b9f10aa0f81426611405e] RESPONSE GetElementText "【天津】\n中国电信2025年天津分公司资源能力中心系统研发工程成交候选人公示"
[1755163017.594][INFO]: [9525ab14013b9f10aa0f81426611405e] COMMAND GetElementText {
   "id": "f.495C356B0656AF67333FEFF3EE6D4D65.d.F9059DA95EF9E2AB62B058F1065C4DED.e.30"
}
[1755163017.594][INFO]: Waiting for pending navigations...
[1755163017.595][INFO]: Done waiting for pending navigations. Status: ok
[1755163017.606][INFO]: Waiting for pending navigations...
[1755163017.607][INFO]: Done waiting for pending navigations. Status: ok
[1755163017.607][INFO]: [9525ab14013b9f10aa0f81426611405e] RESPONSE GetElementText "【天津】\n中国电信2025年天津分公司资源能力中心系统研发工程成交候选人公示"
[1755163017.609][INFO]: [9525ab14013b9f10aa0f81426611405e] COMMAND GetElementText {
   "id": "f.495C356B0656AF67333FEFF3EE6D4D65.d.F9059DA95EF9E2AB62B058F1065C4DED.e.31"
}
[1755163017.609][INFO]: Waiting for pending navigations...
[1755163017.610][INFO]: Done waiting for pending navigations. Status: ok
[1755163017.620][INFO]: Waiting for pending navigations...
[1755163017.621][INFO]: Done waiting for pending navigations. Status: ok
[1755163017.621][INFO]: [9525ab14013b9f10aa0f81426611405e] RESPONSE GetElementText "2025-08-08"
[1755163017.622][INFO]: [9525ab14013b9f10aa0f81426611405e] COMMAND GetElementText {
   "id": "f.495C356B0656AF67333FEFF3EE6D4D65.d.F9059DA95EF9E2AB62B058F1065C4DED.e.32"
}
[1755163017.622][INFO]: Waiting for pending navigations...
[1755163017.623][INFO]: Done waiting for pending navigations. Status: ok
[1755163017.634][INFO]: Waiting for pending navigations...
[1755163017.635][INFO]: Done waiting for pending navigations. Status: ok
[1755163017.635][INFO]: [9525ab14013b9f10aa0f81426611405e] RESPONSE GetElementText "2025-08-11"
[1755163017.636][INFO]: [9525ab14013b9f10aa0f81426611405e] COMMAND GetElementText {
   "id": "f.495C356B0656AF67333FEFF3EE6D4D65.d.F9059DA95EF9E2AB62B058F1065C4DED.e.33"
}
[1755163017.636][INFO]: Waiting for pending navigations...
[1755163017.637][INFO]: Done waiting for pending navigations. Status: ok
[1755163017.646][INFO]: Waiting for pending navigations...
[1755163017.647][INFO]: Done waiting for pending navigations. Status: ok
[1755163017.647][INFO]: [9525ab14013b9f10aa0f81426611405e] RESPONSE GetElementText "2025-08-07"
[1755163017.648][INFO]: [9525ab14013b9f10aa0f81426611405e] COMMAND FindChildElements {
   "id": "f.495C356B0656AF67333FEFF3EE6D4D65.d.F9059DA95EF9E2AB62B058F1065C4DED.e.26",
   "using": "tag name",
   "value": "td"
}
[1755163017.648][INFO]: Waiting for pending navigations...
[1755163017.649][INFO]: Done waiting for pending navigations. Status: ok
[1755163017.656][INFO]: Waiting for pending navigations...
[1755163017.657][INFO]: Done waiting for pending navigations. Status: ok
[1755163017.657][INFO]: [9525ab14013b9f10aa0f81426611405e] RESPONSE FindChildElements [ {
   "element-6066-11e4-a52e-4f735466cecf": "f.495C356B0656AF67333FEFF3EE6D4D65.d.F9059DA95EF9E2AB62B058F1065C4DED.e.34"
}, {
   "element-6066-11e4-a52e-4f735466cecf": "f.495C356B0656AF67333FEFF3EE6D4D65.d.F9059DA95EF9E2AB62B058F1065C4DED.e.35"
}, {
   "element-6066-11e4-a52e-4f735466cecf": "f.495C356B0656AF67333FEFF3EE6D4D65.d.F9059DA95EF9E2AB62B058F1065C4DED.e.36"
}, {
   "element-6066-11e4-a52e-4f735466cecf": "f.495C356B0656AF67333FEFF3EE6D4D65.d.F9059DA95EF9E2AB62B058F1065C4DED.e.37"
} ]
[1755163017.658][INFO]: [9525ab14013b9f10aa0f81426611405e] COMMAND GetElementText {
   "id": "f.495C356B0656AF67333FEFF3EE6D4D65.d.F9059DA95EF9E2AB62B058F1065C4DED.e.34"
}
[1755163017.658][INFO]: Waiting for pending navigations...
[1755163017.659][INFO]: Done waiting for pending navigations. Status: ok
[1755163017.671][INFO]: Waiting for pending navigations...
[1755163017.671][INFO]: Done waiting for pending navigations. Status: ok
[1755163017.671][INFO]: [9525ab14013b9f10aa0f81426611405e] RESPONSE GetElementText "【天津】\n天津电信蓟州分公司办公楼2025-2027年建筑消防设施维护保养服务项目成交候选人公示"
[1755163017.673][INFO]: [9525ab14013b9f10aa0f81426611405e] COMMAND GetElementText {
   "id": "f.495C356B0656AF67333FEFF3EE6D4D65.d.F9059DA95EF9E2AB62B058F1065C4DED.e.34"
}
[1755163017.673][INFO]: Waiting for pending navigations...
[1755163017.673][INFO]: Done waiting for pending navigations. Status: ok
[1755163017.684][INFO]: Waiting for pending navigations...
[1755163017.685][INFO]: Done waiting for pending navigations. Status: ok
[1755163017.685][INFO]: [9525ab14013b9f10aa0f81426611405e] RESPONSE GetElementText "【天津】\n天津电信蓟州分公司办公楼2025-2027年建筑消防设施维护保养服务项目成交候选人公示"
[1755163017.686][INFO]: [9525ab14013b9f10aa0f81426611405e] COMMAND GetElementText {
   "id": "f.495C356B0656AF67333FEFF3EE6D4D65.d.F9059DA95EF9E2AB62B058F1065C4DED.e.35"
}
[1755163017.686][INFO]: Waiting for pending navigations...
[1755163017.687][INFO]: Done waiting for pending navigations. Status: ok
[1755163017.696][INFO]: Waiting for pending navigations...
[1755163017.696][INFO]: Done waiting for pending navigations. Status: ok
[1755163017.696][INFO]: [9525ab14013b9f10aa0f81426611405e] RESPONSE GetElementText "2025-08-08"
[1755163017.698][INFO]: [9525ab14013b9f10aa0f81426611405e] COMMAND GetElementText {
   "id": "f.495C356B0656AF67333FEFF3EE6D4D65.d.F9059DA95EF9E2AB62B058F1065C4DED.e.36"
}
[1755163017.698][INFO]: Waiting for pending navigations...
[1755163017.699][INFO]: Done waiting for pending navigations. Status: ok
[1755163017.707][INFO]: Waiting for pending navigations...
[1755163017.708][INFO]: Done waiting for pending navigations. Status: ok
[1755163017.708][INFO]: [9525ab14013b9f10aa0f81426611405e] RESPONSE GetElementText "2025-08-11"
[1755163017.709][INFO]: [9525ab14013b9f10aa0f81426611405e] COMMAND GetElementText {
   "id": "f.495C356B0656AF67333FEFF3EE6D4D65.d.F9059DA95EF9E2AB62B058F1065C4DED.e.37"
}
[1755163017.709][INFO]: Waiting for pending navigations...
[1755163017.710][INFO]: Done waiting for pending navigations. Status: ok
[1755163017.720][INFO]: Waiting for pending navigations...
[1755163017.720][INFO]: Done waiting for pending navigations. Status: ok
[1755163017.720][INFO]: [9525ab14013b9f10aa0f81426611405e] RESPONSE GetElementText "2025-08-07"
[1755163017.722][INFO]: [9525ab14013b9f10aa0f81426611405e] COMMAND FindChildElements {
   "id": "f.495C356B0656AF67333FEFF3EE6D4D65.d.F9059DA95EF9E2AB62B058F1065C4DED.e.27",
   "using": "tag name",
   "value": "td"
}
[1755163017.722][INFO]: Waiting for pending navigations...
[1755163017.723][INFO]: Done waiting for pending navigations. Status: ok
[1755163017.732][INFO]: Waiting for pending navigations...
[1755163017.732][INFO]: Done waiting for pending navigations. Status: ok
[1755163017.732][INFO]: [9525ab14013b9f10aa0f81426611405e] RESPONSE FindChildElements [ {
   "element-6066-11e4-a52e-4f735466cecf": "f.495C356B0656AF67333FEFF3EE6D4D65.d.F9059DA95EF9E2AB62B058F1065C4DED.e.38"
}, {
   "element-6066-11e4-a52e-4f735466cecf": "f.495C356B0656AF67333FEFF3EE6D4D65.d.F9059DA95EF9E2AB62B058F1065C4DED.e.39"
}, {
   "element-6066-11e4-a52e-4f735466cecf": "f.495C356B0656AF67333FEFF3EE6D4D65.d.F9059DA95EF9E2AB62B058F1065C4DED.e.40"
}, {
   "element-6066-11e4-a52e-4f735466cecf": "f.495C356B0656AF67333FEFF3EE6D4D65.d.F9059DA95EF9E2AB62B058F1065C4DED.e.41"
} ]
[1755163017.734][INFO]: [9525ab14013b9f10aa0f81426611405e] COMMAND GetElementText {
   "id": "f.495C356B0656AF67333FEFF3EE6D4D65.d.F9059DA95EF9E2AB62B058F1065C4DED.e.38"
}
[1755163017.734][INFO]: Waiting for pending navigations...
[1755163017.735][INFO]: Done waiting for pending navigations. Status: ok
[1755163017.746][INFO]: Waiting for pending navigations...
[1755163017.747][INFO]: Done waiting for pending navigations. Status: ok
[1755163017.747][INFO]: [9525ab14013b9f10aa0f81426611405e] RESPONSE GetElementText "【天津】\n【2025-2040年武清分公司武清天鹅湖一号小区管道租赁】-直接采购采购公示"
[1755163017.749][INFO]: [9525ab14013b9f10aa0f81426611405e] COMMAND GetElementText {
   "id": "f.495C356B0656AF67333FEFF3EE6D4D65.d.F9059DA95EF9E2AB62B058F1065C4DED.e.38"
}
[1755163017.749][INFO]: Waiting for pending navigations...
[1755163017.750][INFO]: Done waiting for pending navigations. Status: ok
[1755163017.759][INFO]: Waiting for pending navigations...
[1755163017.760][INFO]: Done waiting for pending navigations. Status: ok
[1755163017.760][INFO]: [9525ab14013b9f10aa0f81426611405e] RESPONSE GetElementText "【天津】\n【2025-2040年武清分公司武清天鹅湖一号小区管道租赁】-直接采购采购公示"
[1755163017.761][INFO]: [9525ab14013b9f10aa0f81426611405e] COMMAND GetElementText {
   "id": "f.495C356B0656AF67333FEFF3EE6D4D65.d.F9059DA95EF9E2AB62B058F1065C4DED.e.39"
}
[1755163017.761][INFO]: Waiting for pending navigations...
[1755163017.763][INFO]: Done waiting for pending navigations. Status: ok
[1755163017.772][INFO]: Waiting for pending navigations...
[1755163017.772][INFO]: Done waiting for pending navigations. Status: ok
[1755163017.772][INFO]: [9525ab14013b9f10aa0f81426611405e] RESPONSE GetElementText "2025-08-07"
[1755163017.774][INFO]: [9525ab14013b9f10aa0f81426611405e] COMMAND GetElementText {
   "id": "f.495C356B0656AF67333FEFF3EE6D4D65.d.F9059DA95EF9E2AB62B058F1065C4DED.e.40"
}
[1755163017.774][INFO]: Waiting for pending navigations...
[1755163017.775][INFO]: Done waiting for pending navigations. Status: ok
[1755163017.783][INFO]: Waiting for pending navigations...
[1755163017.784][INFO]: Done waiting for pending navigations. Status: ok
[1755163017.784][INFO]: [9525ab14013b9f10aa0f81426611405e] RESPONSE GetElementText "2025-08-13"
[1755163017.786][INFO]: [9525ab14013b9f10aa0f81426611405e] COMMAND GetElementText {
   "id": "f.495C356B0656AF67333FEFF3EE6D4D65.d.F9059DA95EF9E2AB62B058F1065C4DED.e.41"
}
[1755163017.786][INFO]: Waiting for pending navigations...
[1755163017.787][INFO]: Done waiting for pending navigations. Status: ok
[1755163017.796][INFO]: Waiting for pending navigations...
[1755163017.797][INFO]: Done waiting for pending navigations. Status: ok
[1755163017.797][INFO]: [9525ab14013b9f10aa0f81426611405e] RESPONSE GetElementText "2025-08-06"
[1755163017.798][INFO]: [9525ab14013b9f10aa0f81426611405e] COMMAND FindChildElements {
   "id": "f.495C356B0656AF67333FEFF3EE6D4D65.d.F9059DA95EF9E2AB62B058F1065C4DED.e.28",
   "using": "tag name",
   "value": "td"
}
[1755163017.798][INFO]: Waiting for pending navigations...
[1755163017.799][INFO]: Done waiting for pending navigations. Status: ok
[1755163017.808][INFO]: Waiting for pending navigations...
[1755163017.809][INFO]: Done waiting for pending navigations. Status: ok
[1755163017.809][INFO]: [9525ab14013b9f10aa0f81426611405e] RESPONSE FindChildElements [ {
   "element-6066-11e4-a52e-4f735466cecf": "f.495C356B0656AF67333FEFF3EE6D4D65.d.F9059DA95EF9E2AB62B058F1065C4DED.e.42"
}, {
   "element-6066-11e4-a52e-4f735466cecf": "f.495C356B0656AF67333FEFF3EE6D4D65.d.F9059DA95EF9E2AB62B058F1065C4DED.e.43"
}, {
   "element-6066-11e4-a52e-4f735466cecf": "f.495C356B0656AF67333FEFF3EE6D4D65.d.F9059DA95EF9E2AB62B058F1065C4DED.e.44"
}, {
   "element-6066-11e4-a52e-4f735466cecf": "f.495C356B0656AF67333FEFF3EE6D4D65.d.F9059DA95EF9E2AB62B058F1065C4DED.e.45"
} ]
[1755163017.811][INFO]: [9525ab14013b9f10aa0f81426611405e] COMMAND GetElementText {
   "id": "f.495C356B0656AF67333FEFF3EE6D4D65.d.F9059DA95EF9E2AB62B058F1065C4DED.e.42"
}
[1755163017.811][INFO]: Waiting for pending navigations...
[1755163017.816][INFO]: Done waiting for pending navigations. Status: ok
[1755163017.827][INFO]: Waiting for pending navigations...
[1755163017.828][INFO]: Done waiting for pending navigations. Status: ok
[1755163017.828][INFO]: [9525ab14013b9f10aa0f81426611405e] RESPONSE GetElementText "【天津】\n【2025-2040年武清分公司武清碧溪夏园小区管道租赁】-直接采购采购公示"
[1755163017.829][INFO]: [9525ab14013b9f10aa0f81426611405e] COMMAND GetElementText {
   "id": "f.495C356B0656AF67333FEFF3EE6D4D65.d.F9059DA95EF9E2AB62B058F1065C4DED.e.42"
}
[1755163017.829][INFO]: Waiting for pending navigations...
[1755163017.830][INFO]: Done waiting for pending navigations. Status: ok
[1755163017.841][INFO]: Waiting for pending navigations...
[1755163017.842][INFO]: Done waiting for pending navigations. Status: ok
[1755163017.842][INFO]: [9525ab14013b9f10aa0f81426611405e] RESPONSE GetElementText "【天津】\n【2025-2040年武清分公司武清碧溪夏园小区管道租赁】-直接采购采购公示"
[1755163017.843][INFO]: [9525ab14013b9f10aa0f81426611405e] COMMAND GetElementText {
   "id": "f.495C356B0656AF67333FEFF3EE6D4D65.d.F9059DA95EF9E2AB62B058F1065C4DED.e.43"
}
[1755163017.843][INFO]: Waiting for pending navigations...
[1755163017.844][INFO]: Done waiting for pending navigations. Status: ok
[1755163017.855][INFO]: Waiting for pending navigations...
[1755163017.856][INFO]: Done waiting for pending navigations. Status: ok
[1755163017.856][INFO]: [9525ab14013b9f10aa0f81426611405e] RESPONSE GetElementText "2025-08-07"
[1755163017.857][INFO]: [9525ab14013b9f10aa0f81426611405e] COMMAND GetElementText {
   "id": "f.495C356B0656AF67333FEFF3EE6D4D65.d.F9059DA95EF9E2AB62B058F1065C4DED.e.44"
}
[1755163017.857][INFO]: Waiting for pending navigations...
[1755163017.858][INFO]: Done waiting for pending navigations. Status: ok
[1755163017.867][INFO]: Waiting for pending navigations...
[1755163017.868][INFO]: Done waiting for pending navigations. Status: ok
[1755163017.868][INFO]: [9525ab14013b9f10aa0f81426611405e] RESPONSE GetElementText "2025-08-13"
[1755163017.870][INFO]: [9525ab14013b9f10aa0f81426611405e] COMMAND GetElementText {
   "id": "f.495C356B0656AF67333FEFF3EE6D4D65.d.F9059DA95EF9E2AB62B058F1065C4DED.e.45"
}
[1755163017.870][INFO]: Waiting for pending navigations...
[1755163017.870][INFO]: Done waiting for pending navigations. Status: ok
[1755163017.880][INFO]: Waiting for pending navigations...
[1755163017.881][INFO]: Done waiting for pending navigations. Status: ok
[1755163017.881][INFO]: [9525ab14013b9f10aa0f81426611405e] RESPONSE GetElementText "2025-08-06"
[1755163017.882][INFO]: [9525ab14013b9f10aa0f81426611405e] COMMAND FindChildElements {
   "id": "f.495C356B0656AF67333FEFF3EE6D4D65.d.F9059DA95EF9E2AB62B058F1065C4DED.e.29",
   "using": "tag name",
   "value": "td"
}
[1755163017.882][INFO]: Waiting for pending navigations...
[1755163017.883][INFO]: Done waiting for pending navigations. Status: ok
[1755163017.892][INFO]: Waiting for pending navigations...
[1755163017.893][INFO]: Done waiting for pending navigations. Status: ok
[1755163017.893][INFO]: [9525ab14013b9f10aa0f81426611405e] RESPONSE FindChildElements [ {
   "element-6066-11e4-a52e-4f735466cecf": "f.495C356B0656AF67333FEFF3EE6D4D65.d.F9059DA95EF9E2AB62B058F1065C4DED.e.46"
}, {
   "element-6066-11e4-a52e-4f735466cecf": "f.495C356B0656AF67333FEFF3EE6D4D65.d.F9059DA95EF9E2AB62B058F1065C4DED.e.47"
}, {
   "element-6066-11e4-a52e-4f735466cecf": "f.495C356B0656AF67333FEFF3EE6D4D65.d.F9059DA95EF9E2AB62B058F1065C4DED.e.48"
}, {
   "element-6066-11e4-a52e-4f735466cecf": "f.495C356B0656AF67333FEFF3EE6D4D65.d.F9059DA95EF9E2AB62B058F1065C4DED.e.49"
} ]
[1755163017.894][INFO]: [9525ab14013b9f10aa0f81426611405e] COMMAND GetElementText {
   "id": "f.495C356B0656AF67333FEFF3EE6D4D65.d.F9059DA95EF9E2AB62B058F1065C4DED.e.46"
}
[1755163017.894][INFO]: Waiting for pending navigations...
[1755163017.895][INFO]: Done waiting for pending navigations. Status: ok
[1755163017.907][INFO]: Waiting for pending navigations...
[1755163017.907][INFO]: Done waiting for pending navigations. Status: ok
[1755163017.907][INFO]: [9525ab14013b9f10aa0f81426611405e] RESPONSE GetElementText "【天津】\n【2025-2040年武清分公司武清碧溪雅园小区管道租赁】-直接采购采购公示"
[1755163017.909][INFO]: [9525ab14013b9f10aa0f81426611405e] COMMAND GetElementText {
   "id": "f.495C356B0656AF67333FEFF3EE6D4D65.d.F9059DA95EF9E2AB62B058F1065C4DED.e.46"
}
[1755163017.909][INFO]: Waiting for pending navigations...
[1755163017.910][INFO]: Done waiting for pending navigations. Status: ok
[1755163017.920][INFO]: Waiting for pending navigations...
[1755163017.921][INFO]: Done waiting for pending navigations. Status: ok
[1755163017.921][INFO]: [9525ab14013b9f10aa0f81426611405e] RESPONSE GetElementText "【天津】\n【2025-2040年武清分公司武清碧溪雅园小区管道租赁】-直接采购采购公示"
[1755163017.922][INFO]: [9525ab14013b9f10aa0f81426611405e] COMMAND GetElementText {
   "id": "f.495C356B0656AF67333FEFF3EE6D4D65.d.F9059DA95EF9E2AB62B058F1065C4DED.e.47"
}
[1755163017.922][INFO]: Waiting for pending navigations...
[1755163017.923][INFO]: Done waiting for pending navigations. Status: ok
[1755163017.933][INFO]: Waiting for pending navigations...
[1755163017.934][INFO]: Done waiting for pending navigations. Status: ok
[1755163017.934][INFO]: [9525ab14013b9f10aa0f81426611405e] RESPONSE GetElementText "2025-08-07"
[1755163017.936][INFO]: [9525ab14013b9f10aa0f81426611405e] COMMAND GetElementText {
   "id": "f.495C356B0656AF67333FEFF3EE6D4D65.d.F9059DA95EF9E2AB62B058F1065C4DED.e.48"
}
[1755163017.936][INFO]: Waiting for pending navigations...
[1755163017.937][INFO]: Done waiting for pending navigations. Status: ok
[1755163017.946][INFO]: Waiting for pending navigations...
[1755163017.946][INFO]: Done waiting for pending navigations. Status: ok
[1755163017.946][INFO]: [9525ab14013b9f10aa0f81426611405e] RESPONSE GetElementText "2025-08-13"
[1755163017.948][INFO]: [9525ab14013b9f10aa0f81426611405e] COMMAND GetElementText {
   "id": "f.495C356B0656AF67333FEFF3EE6D4D65.d.F9059DA95EF9E2AB62B058F1065C4DED.e.49"
}
[1755163017.948][INFO]: Waiting for pending navigations...
[1755163017.949][INFO]: Done waiting for pending navigations. Status: ok
[1755163017.959][INFO]: Waiting for pending navigations...
[1755163017.960][INFO]: Done waiting for pending navigations. Status: ok
[1755163017.960][INFO]: [9525ab14013b9f10aa0f81426611405e] RESPONSE GetElementText "2025-08-06"
[1755163017.962][INFO]: [9525ab14013b9f10aa0f81426611405e] COMMAND FindElement {
   "using": "xpath",
   "value": "//button[contains(@class, 'btn-next')]"
}
[1755163017.962][INFO]: Waiting for pending navigations...
[1755163017.962][INFO]: Done waiting for pending navigations. Status: ok
[1755163017.970][INFO]: Waiting for pending navigations...
[1755163017.971][INFO]: Done waiting for pending navigations. Status: ok
[1755163017.971][INFO]: [9525ab14013b9f10aa0f81426611405e] RESPONSE FindElement {
   "element-6066-11e4-a52e-4f735466cecf": "f.495C356B0656AF67333FEFF3EE6D4D65.d.F9059DA95EF9E2AB62B058F1065C4DED.e.50"
}
[1755163017.972][INFO]: [9525ab14013b9f10aa0f81426611405e] COMMAND IsElementEnabled {
   "id": "f.495C356B0656AF67333FEFF3EE6D4D65.d.F9059DA95EF9E2AB62B058F1065C4DED.e.50"
}
[1755163017.972][INFO]: Waiting for pending navigations...
[1755163017.973][INFO]: Done waiting for pending navigations. Status: ok
[1755163017.982][INFO]: Waiting for pending navigations...
[1755163017.982][INFO]: Done waiting for pending navigations. Status: ok
[1755163017.982][INFO]: [9525ab14013b9f10aa0f81426611405e] RESPONSE IsElementEnabled true
[1755163017.984][INFO]: [9525ab14013b9f10aa0f81426611405e] COMMAND FindElement {
   "using": "xpath",
   "value": "//div[contains(@class, 'el-table__body-wrapper')]//tr[@class='el-table__row'][1]/td[1]"
}
[1755163017.984][INFO]: Waiting for pending navigations...
[1755163017.985][INFO]: Done waiting for pending navigations. Status: ok
[1755163017.994][INFO]: Waiting for pending navigations...
[1755163017.995][INFO]: Done waiting for pending navigations. Status: ok
[1755163017.995][INFO]: [9525ab14013b9f10aa0f81426611405e] RESPONSE FindElement {
   "element-6066-11e4-a52e-4f735466cecf": "f.495C356B0656AF67333FEFF3EE6D4D65.d.F9059DA95EF9E2AB62B058F1065C4DED.e.30"
}
[1755163017.996][INFO]: [9525ab14013b9f10aa0f81426611405e] COMMAND GetElementText {
   "id": "f.495C356B0656AF67333FEFF3EE6D4D65.d.F9059DA95EF9E2AB62B058F1065C4DED.e.30"
}
[1755163017.996][INFO]: Waiting for pending navigations...
[1755163017.997][INFO]: Done waiting for pending navigations. Status: ok
[1755163018.010][INFO]: Waiting for pending navigations...
[1755163018.011][INFO]: Done waiting for pending navigations. Status: ok
[1755163018.011][INFO]: [9525ab14013b9f10aa0f81426611405e] RESPONSE GetElementText "【天津】\n中国电信2025年天津分公司资源能力中心系统研发工程成交候选人公示"
[1755163018.012][INFO]: [9525ab14013b9f10aa0f81426611405e] COMMAND ExecuteScript {
   "args": [ {
      "element-6066-11e4-a52e-4f735466cecf": "f.495C356B0656AF67333FEFF3EE6D4D65.d.F9059DA95EF9E2AB62B058F1065C4DED.e.50"
   } ],
   "script": "arguments[0].click();"
}
[1755163018.012][INFO]: Waiting for pending navigations...
[1755163018.013][INFO]: Done waiting for pending navigations. Status: ok
[1755163018.036][INFO]: Waiting for pending navigations...
[1755163018.041][INFO]: Done waiting for pending navigations. Status: ok
[1755163018.041][INFO]: [9525ab14013b9f10aa0f81426611405e] RESPONSE ExecuteScript null
[1755163018.043][INFO]: [9525ab14013b9f10aa0f81426611405e] COMMAND FindElement {
   "using": "xpath",
   "value": "//div[contains(@class, 'el-table__body-wrapper')]//tr[@class='el-table__row'][1]/td[1]"
}
[1755163018.043][INFO]: Waiting for pending navigations...
[1755163018.044][INFO]: Done waiting for pending navigations. Status: ok
[1755163018.053][INFO]: Waiting for pending navigations...
[1755163018.054][INFO]: Done waiting for pending navigations. Status: ok
[1755163018.054][INFO]: [9525ab14013b9f10aa0f81426611405e] RESPONSE FindElement {
   "element-6066-11e4-a52e-4f735466cecf": "f.495C356B0656AF67333FEFF3EE6D4D65.d.F9059DA95EF9E2AB62B058F1065C4DED.e.30"
}
[1755163018.055][INFO]: [9525ab14013b9f10aa0f81426611405e] COMMAND GetElementText {
   "id": "f.495C356B0656AF67333FEFF3EE6D4D65.d.F9059DA95EF9E2AB62B058F1065C4DED.e.30"
}
[1755163018.055][INFO]: Waiting for pending navigations...
[1755163018.056][INFO]: Done waiting for pending navigations. Status: ok
[1755163018.066][INFO]: Waiting for pending navigations...
[1755163018.067][INFO]: Done waiting for pending navigations. Status: ok
[1755163018.067][INFO]: [9525ab14013b9f10aa0f81426611405e] RESPONSE GetElementText "【天津】\n中国电信2025年天津分公司资源能力中心系统研发工程成交候选人公示"
[1755163018.569][INFO]: [9525ab14013b9f10aa0f81426611405e] COMMAND FindElement {
   "using": "xpath",
   "value": "//div[contains(@class, 'el-table__body-wrapper')]//tr[@class='el-table__row'][1]/td[1]"
}
[1755163018.569][INFO]: Waiting for pending navigations...
[1755163018.570][INFO]: Done waiting for pending navigations. Status: ok
[1755163018.579][INFO]: Waiting for pending navigations...
[1755163018.579][INFO]: Done waiting for pending navigations. Status: ok
[1755163018.579][INFO]: [9525ab14013b9f10aa0f81426611405e] RESPONSE FindElement {
   "element-6066-11e4-a52e-4f735466cecf": "f.495C356B0656AF67333FEFF3EE6D4D65.d.F9059DA95EF9E2AB62B058F1065C4DED.e.30"
}
[1755163018.581][INFO]: [9525ab14013b9f10aa0f81426611405e] COMMAND GetElementText {
   "id": "f.495C356B0656AF67333FEFF3EE6D4D65.d.F9059DA95EF9E2AB62B058F1065C4DED.e.30"
}
[1755163018.581][INFO]: Waiting for pending navigations...
[1755163018.582][INFO]: Done waiting for pending navigations. Status: ok
[1755163018.591][INFO]: Waiting for pending navigations...
[1755163018.594][INFO]: Done waiting for pending navigations. Status: ok
[1755163018.594][INFO]: [9525ab14013b9f10aa0f81426611405e] RESPONSE GetElementText "【天津】\n【2025-2040年武清分公司武清和悦花园小区管道租赁】-直接采购采购公示"
[1755163018.595][INFO]: [9525ab14013b9f10aa0f81426611405e] COMMAND FindElement {
   "using": "css selector",
   "value": ".tableList"
}
[1755163018.595][INFO]: Waiting for pending navigations...
[1755163018.596][INFO]: Done waiting for pending navigations. Status: ok
[1755163018.602][INFO]: Waiting for pending navigations...
[1755163018.603][INFO]: Done waiting for pending navigations. Status: ok
[1755163018.603][INFO]: [9525ab14013b9f10aa0f81426611405e] RESPONSE FindElement {
   "element-6066-11e4-a52e-4f735466cecf": "f.495C356B0656AF67333FEFF3EE6D4D65.d.F9059DA95EF9E2AB62B058F1065C4DED.e.24"
}
[1755163018.604][INFO]: [9525ab14013b9f10aa0f81426611405e] COMMAND FindElements {
   "using": "xpath",
   "value": "//div[contains(@class, 'el-table__body-wrapper')]//tr[@class='el-table__row']"
}
[1755163018.604][INFO]: Waiting for pending navigations...
[1755163018.605][INFO]: Done waiting for pending navigations. Status: ok
[1755163018.612][INFO]: Waiting for pending navigations...
[1755163018.613][INFO]: Done waiting for pending navigations. Status: ok
[1755163018.613][INFO]: [9525ab14013b9f10aa0f81426611405e] RESPONSE FindElements [ {
   "element-6066-11e4-a52e-4f735466cecf": "f.495C356B0656AF67333FEFF3EE6D4D65.d.F9059DA95EF9E2AB62B058F1065C4DED.e.25"
}, {
   "element-6066-11e4-a52e-4f735466cecf": "f.495C356B0656AF67333FEFF3EE6D4D65.d.F9059DA95EF9E2AB62B058F1065C4DED.e.26"
}, {
   "element-6066-11e4-a52e-4f735466cecf": "f.495C356B0656AF67333FEFF3EE6D4D65.d.F9059DA95EF9E2AB62B058F1065C4DED.e.27"
}, {
   "element-6066-11e4-a52e-4f735466cecf": "f.495C356B0656AF67333FEFF3EE6D4D65.d.F9059DA95EF9E2AB62B058F1065C4DED.e.28"
}, {
   "element-6066-11e4-a52e-4f735466cecf": "f.495C356B0656AF67333FEFF3EE6D4D65.d.F9059DA95EF9E2AB62B058F1065C4DED.e.29"
} ]
[1755163018.615][INFO]: [9525ab14013b9f10aa0f81426611405e] COMMAND FindChildElements {
   "id": "f.495C356B0656AF67333FEFF3EE6D4D65.d.F9059DA95EF9E2AB62B058F1065C4DED.e.25",
   "using": "tag name",
   "value": "td"
}
[1755163018.615][INFO]: Waiting for pending navigations...
[1755163018.615][INFO]: Done waiting for pending navigations. Status: ok
[1755163018.623][INFO]: Waiting for pending navigations...
[1755163018.624][INFO]: Done waiting for pending navigations. Status: ok
[1755163018.624][INFO]: [9525ab14013b9f10aa0f81426611405e] RESPONSE FindChildElements [ {
   "element-6066-11e4-a52e-4f735466cecf": "f.495C356B0656AF67333FEFF3EE6D4D65.d.F9059DA95EF9E2AB62B058F1065C4DED.e.30"
}, {
   "element-6066-11e4-a52e-4f735466cecf": "f.495C356B0656AF67333FEFF3EE6D4D65.d.F9059DA95EF9E2AB62B058F1065C4DED.e.31"
}, {
   "element-6066-11e4-a52e-4f735466cecf": "f.495C356B0656AF67333FEFF3EE6D4D65.d.F9059DA95EF9E2AB62B058F1065C4DED.e.32"
}, {
   "element-6066-11e4-a52e-4f735466cecf": "f.495C356B0656AF67333FEFF3EE6D4D65.d.F9059DA95EF9E2AB62B058F1065C4DED.e.33"
} ]
[1755163018.625][INFO]: [9525ab14013b9f10aa0f81426611405e] COMMAND GetElementText {
   "id": "f.495C356B0656AF67333FEFF3EE6D4D65.d.F9059DA95EF9E2AB62B058F1065C4DED.e.30"
}
[1755163018.625][INFO]: Waiting for pending navigations...
[1755163018.626][INFO]: Done waiting for pending navigations. Status: ok
[1755163018.638][INFO]: Waiting for pending navigations...
[1755163018.639][INFO]: Done waiting for pending navigations. Status: ok
[1755163018.639][INFO]: [9525ab14013b9f10aa0f81426611405e] RESPONSE GetElementText "【天津】\n【2025-2040年武清分公司武清和悦花园小区管道租赁】-直接采购采购公示"
[1755163018.641][INFO]: [9525ab14013b9f10aa0f81426611405e] COMMAND GetElementText {
   "id": "f.495C356B0656AF67333FEFF3EE6D4D65.d.F9059DA95EF9E2AB62B058F1065C4DED.e.30"
}
[1755163018.641][INFO]: Waiting for pending navigations...
[1755163018.642][INFO]: Done waiting for pending navigations. Status: ok
[1755163018.657][INFO]: Waiting for pending navigations...
[1755163018.657][INFO]: Done waiting for pending navigations. Status: ok
[1755163018.657][INFO]: [9525ab14013b9f10aa0f81426611405e] RESPONSE GetElementText "【天津】\n【2025-2040年武清分公司武清和悦花园小区管道租赁】-直接采购采购公示"
[1755163018.659][INFO]: [9525ab14013b9f10aa0f81426611405e] COMMAND GetElementText {
   "id": "f.495C356B0656AF67333FEFF3EE6D4D65.d.F9059DA95EF9E2AB62B058F1065C4DED.e.31"
}
[1755163018.659][INFO]: Waiting for pending navigations...
[1755163018.660][INFO]: Done waiting for pending navigations. Status: ok
[1755163018.670][INFO]: Waiting for pending navigations...
[1755163018.671][INFO]: Done waiting for pending navigations. Status: ok
[1755163018.671][INFO]: [9525ab14013b9f10aa0f81426611405e] RESPONSE GetElementText "2025-08-07"
[1755163018.672][INFO]: [9525ab14013b9f10aa0f81426611405e] COMMAND GetElementText {
   "id": "f.495C356B0656AF67333FEFF3EE6D4D65.d.F9059DA95EF9E2AB62B058F1065C4DED.e.32"
}
[1755163018.672][INFO]: Waiting for pending navigations...
[1755163018.673][INFO]: Done waiting for pending navigations. Status: ok
[1755163018.686][INFO]: Waiting for pending navigations...
[1755163018.687][INFO]: Done waiting for pending navigations. Status: ok
[1755163018.687][INFO]: [9525ab14013b9f10aa0f81426611405e] RESPONSE GetElementText "2025-08-13"
[1755163018.688][INFO]: [9525ab14013b9f10aa0f81426611405e] COMMAND GetElementText {
   "id": "f.495C356B0656AF67333FEFF3EE6D4D65.d.F9059DA95EF9E2AB62B058F1065C4DED.e.33"
}
[1755163018.688][INFO]: Waiting for pending navigations...
[1755163018.689][INFO]: Done waiting for pending navigations. Status: ok
[1755163018.700][INFO]: Waiting for pending navigations...
[1755163018.700][INFO]: Done waiting for pending navigations. Status: ok
[1755163018.700][INFO]: [9525ab14013b9f10aa0f81426611405e] RESPONSE GetElementText "2025-08-06"
[1755163018.702][INFO]: [9525ab14013b9f10aa0f81426611405e] COMMAND FindChildElements {
   "id": "f.495C356B0656AF67333FEFF3EE6D4D65.d.F9059DA95EF9E2AB62B058F1065C4DED.e.26",
   "using": "tag name",
   "value": "td"
}
[1755163018.702][INFO]: Waiting for pending navigations...
[1755163018.703][INFO]: Done waiting for pending navigations. Status: ok
[1755163018.710][INFO]: Waiting for pending navigations...
[1755163018.711][INFO]: Done waiting for pending navigations. Status: ok
[1755163018.711][INFO]: [9525ab14013b9f10aa0f81426611405e] RESPONSE FindChildElements [ {
   "element-6066-11e4-a52e-4f735466cecf": "f.495C356B0656AF67333FEFF3EE6D4D65.d.F9059DA95EF9E2AB62B058F1065C4DED.e.34"
}, {
   "element-6066-11e4-a52e-4f735466cecf": "f.495C356B0656AF67333FEFF3EE6D4D65.d.F9059DA95EF9E2AB62B058F1065C4DED.e.35"
}, {
   "element-6066-11e4-a52e-4f735466cecf": "f.495C356B0656AF67333FEFF3EE6D4D65.d.F9059DA95EF9E2AB62B058F1065C4DED.e.36"
}, {
   "element-6066-11e4-a52e-4f735466cecf": "f.495C356B0656AF67333FEFF3EE6D4D65.d.F9059DA95EF9E2AB62B058F1065C4DED.e.37"
} ]
[1755163018.712][INFO]: [9525ab14013b9f10aa0f81426611405e] COMMAND GetElementText {
   "id": "f.495C356B0656AF67333FEFF3EE6D4D65.d.F9059DA95EF9E2AB62B058F1065C4DED.e.34"
}
[1755163018.712][INFO]: Waiting for pending navigations...
[1755163018.713][INFO]: Done waiting for pending navigations. Status: ok
[1755163018.729][INFO]: Waiting for pending navigations...
[1755163018.731][INFO]: Done waiting for pending navigations. Status: ok
[1755163018.731][INFO]: [9525ab14013b9f10aa0f81426611405e] RESPONSE GetElementText "【天津】\n【2025-2040年武清分公司武清碧溪卓园小区管道租赁】-直接采购采购公示"
[1755163018.733][INFO]: [9525ab14013b9f10aa0f81426611405e] COMMAND GetElementText {
   "id": "f.495C356B0656AF67333FEFF3EE6D4D65.d.F9059DA95EF9E2AB62B058F1065C4DED.e.34"
}
[1755163018.733][INFO]: Waiting for pending navigations...
[1755163018.734][INFO]: Done waiting for pending navigations. Status: ok
[1755163018.746][INFO]: Waiting for pending navigations...
[1755163018.749][INFO]: Done waiting for pending navigations. Status: ok
[1755163018.749][INFO]: [9525ab14013b9f10aa0f81426611405e] RESPONSE GetElementText "【天津】\n【2025-2040年武清分公司武清碧溪卓园小区管道租赁】-直接采购采购公示"
[1755163018.751][INFO]: [9525ab14013b9f10aa0f81426611405e] COMMAND GetElementText {
   "id": "f.495C356B0656AF67333FEFF3EE6D4D65.d.F9059DA95EF9E2AB62B058F1065C4DED.e.35"
}
[1755163018.751][INFO]: Waiting for pending navigations...
[1755163018.751][INFO]: Done waiting for pending navigations. Status: ok
[1755163018.766][INFO]: Waiting for pending navigations...
[1755163018.766][INFO]: Done waiting for pending navigations. Status: ok
[1755163018.766][INFO]: [9525ab14013b9f10aa0f81426611405e] RESPONSE GetElementText "2025-08-07"
[1755163018.768][INFO]: [9525ab14013b9f10aa0f81426611405e] COMMAND GetElementText {
   "id": "f.495C356B0656AF67333FEFF3EE6D4D65.d.F9059DA95EF9E2AB62B058F1065C4DED.e.36"
}
[1755163018.768][INFO]: Waiting for pending navigations...
[1755163018.769][INFO]: Done waiting for pending navigations. Status: ok
[1755163018.778][INFO]: Waiting for pending navigations...
[1755163018.779][INFO]: Done waiting for pending navigations. Status: ok
[1755163018.779][INFO]: [9525ab14013b9f10aa0f81426611405e] RESPONSE GetElementText "2025-08-13"
[1755163018.780][INFO]: [9525ab14013b9f10aa0f81426611405e] COMMAND GetElementText {
   "id": "f.495C356B0656AF67333FEFF3EE6D4D65.d.F9059DA95EF9E2AB62B058F1065C4DED.e.37"
}
[1755163018.780][INFO]: Waiting for pending navigations...
[1755163018.781][INFO]: Done waiting for pending navigations. Status: ok
[1755163018.791][INFO]: Waiting for pending navigations...
[1755163018.791][INFO]: Done waiting for pending navigations. Status: ok
[1755163018.791][INFO]: [9525ab14013b9f10aa0f81426611405e] RESPONSE GetElementText "2025-08-06"
[1755163018.793][INFO]: [9525ab14013b9f10aa0f81426611405e] COMMAND FindChildElements {
   "id": "f.495C356B0656AF67333FEFF3EE6D4D65.d.F9059DA95EF9E2AB62B058F1065C4DED.e.27",
   "using": "tag name",
   "value": "td"
}
[1755163018.793][INFO]: Waiting for pending navigations...
[1755163018.794][INFO]: Done waiting for pending navigations. Status: ok
[1755163018.801][INFO]: Waiting for pending navigations...
[1755163018.802][INFO]: Done waiting for pending navigations. Status: ok
[1755163018.802][INFO]: [9525ab14013b9f10aa0f81426611405e] RESPONSE FindChildElements [ {
   "element-6066-11e4-a52e-4f735466cecf": "f.495C356B0656AF67333FEFF3EE6D4D65.d.F9059DA95EF9E2AB62B058F1065C4DED.e.38"
}, {
   "element-6066-11e4-a52e-4f735466cecf": "f.495C356B0656AF67333FEFF3EE6D4D65.d.F9059DA95EF9E2AB62B058F1065C4DED.e.39"
}, {
   "element-6066-11e4-a52e-4f735466cecf": "f.495C356B0656AF67333FEFF3EE6D4D65.d.F9059DA95EF9E2AB62B058F1065C4DED.e.40"
}, {
   "element-6066-11e4-a52e-4f735466cecf": "f.495C356B0656AF67333FEFF3EE6D4D65.d.F9059DA95EF9E2AB62B058F1065C4DED.e.41"
} ]
[1755163018.803][INFO]: [9525ab14013b9f10aa0f81426611405e] COMMAND GetElementText {
   "id": "f.495C356B0656AF67333FEFF3EE6D4D65.d.F9059DA95EF9E2AB62B058F1065C4DED.e.38"
}
[1755163018.804][INFO]: Waiting for pending navigations...
[1755163018.804][INFO]: Done waiting for pending navigations. Status: ok
[1755163018.815][INFO]: Waiting for pending navigations...
[1755163018.816][INFO]: Done waiting for pending navigations. Status: ok
[1755163018.816][INFO]: [9525ab14013b9f10aa0f81426611405e] RESPONSE GetElementText "【天津】\n【2025-2040年武清分公司武清碧溪秋园小区管道租赁】-直接采购采购公示"
[1755163018.818][INFO]: [9525ab14013b9f10aa0f81426611405e] COMMAND GetElementText {
   "id": "f.495C356B0656AF67333FEFF3EE6D4D65.d.F9059DA95EF9E2AB62B058F1065C4DED.e.38"
}
[1755163018.818][INFO]: Waiting for pending navigations...
[1755163018.819][INFO]: Done waiting for pending navigations. Status: ok
[1755163018.829][INFO]: Waiting for pending navigations...
[1755163018.830][INFO]: Done waiting for pending navigations. Status: ok
[1755163018.830][INFO]: [9525ab14013b9f10aa0f81426611405e] RESPONSE GetElementText "【天津】\n【2025-2040年武清分公司武清碧溪秋园小区管道租赁】-直接采购采购公示"
[1755163018.832][INFO]: [9525ab14013b9f10aa0f81426611405e] COMMAND GetElementText {
   "id": "f.495C356B0656AF67333FEFF3EE6D4D65.d.F9059DA95EF9E2AB62B058F1065C4DED.e.39"
}
[1755163018.832][INFO]: Waiting for pending navigations...
[1755163018.833][INFO]: Done waiting for pending navigations. Status: ok
[1755163018.842][INFO]: Waiting for pending navigations...
[1755163018.843][INFO]: Done waiting for pending navigations. Status: ok
[1755163018.843][INFO]: [9525ab14013b9f10aa0f81426611405e] RESPONSE GetElementText "2025-08-07"
[1755163018.845][INFO]: [9525ab14013b9f10aa0f81426611405e] COMMAND GetElementText {
   "id": "f.495C356B0656AF67333FEFF3EE6D4D65.d.F9059DA95EF9E2AB62B058F1065C4DED.e.40"
}
[1755163018.845][INFO]: Waiting for pending navigations...
[1755163018.845][INFO]: Done waiting for pending navigations. Status: ok
[1755163018.854][INFO]: Waiting for pending navigations...
[1755163018.855][INFO]: Done waiting for pending navigations. Status: ok
[1755163018.855][INFO]: [9525ab14013b9f10aa0f81426611405e] RESPONSE GetElementText "2025-08-13"
[1755163018.856][INFO]: [9525ab14013b9f10aa0f81426611405e] COMMAND GetElementText {
   "id": "f.495C356B0656AF67333FEFF3EE6D4D65.d.F9059DA95EF9E2AB62B058F1065C4DED.e.41"
}
[1755163018.856][INFO]: Waiting for pending navigations...
[1755163018.857][INFO]: Done waiting for pending navigations. Status: ok
[1755163018.868][INFO]: Waiting for pending navigations...
[1755163018.869][INFO]: Done waiting for pending navigations. Status: ok
[1755163018.869][INFO]: [9525ab14013b9f10aa0f81426611405e] RESPONSE GetElementText "2025-08-06"
[1755163018.870][INFO]: [9525ab14013b9f10aa0f81426611405e] COMMAND FindChildElements {
   "id": "f.495C356B0656AF67333FEFF3EE6D4D65.d.F9059DA95EF9E2AB62B058F1065C4DED.e.28",
   "using": "tag name",
   "value": "td"
}
[1755163018.870][INFO]: Waiting for pending navigations...
[1755163018.871][INFO]: Done waiting for pending navigations. Status: ok
[1755163018.882][INFO]: Waiting for pending navigations...
[1755163018.883][INFO]: Done waiting for pending navigations. Status: ok
[1755163018.883][INFO]: [9525ab14013b9f10aa0f81426611405e] RESPONSE FindChildElements [ {
   "element-6066-11e4-a52e-4f735466cecf": "f.495C356B0656AF67333FEFF3EE6D4D65.d.F9059DA95EF9E2AB62B058F1065C4DED.e.42"
}, {
   "element-6066-11e4-a52e-4f735466cecf": "f.495C356B0656AF67333FEFF3EE6D4D65.d.F9059DA95EF9E2AB62B058F1065C4DED.e.43"
}, {
   "element-6066-11e4-a52e-4f735466cecf": "f.495C356B0656AF67333FEFF3EE6D4D65.d.F9059DA95EF9E2AB62B058F1065C4DED.e.44"
}, {
   "element-6066-11e4-a52e-4f735466cecf": "f.495C356B0656AF67333FEFF3EE6D4D65.d.F9059DA95EF9E2AB62B058F1065C4DED.e.45"
} ]
[1755163018.884][INFO]: [9525ab14013b9f10aa0f81426611405e] COMMAND GetElementText {
   "id": "f.495C356B0656AF67333FEFF3EE6D4D65.d.F9059DA95EF9E2AB62B058F1065C4DED.e.42"
}
[1755163018.884][INFO]: Waiting for pending navigations...
[1755163018.885][INFO]: Done waiting for pending navigations. Status: ok
[1755163018.898][INFO]: Waiting for pending navigations...
[1755163018.899][INFO]: Done waiting for pending navigations. Status: ok
[1755163018.899][INFO]: [9525ab14013b9f10aa0f81426611405e] RESPONSE GetElementText "【天津】\n中国电信集团有限公司天津分公司2025-2026年决策专家系统维护服务项目直接采购公示"
[1755163018.901][INFO]: [9525ab14013b9f10aa0f81426611405e] COMMAND GetElementText {
   "id": "f.495C356B0656AF67333FEFF3EE6D4D65.d.F9059DA95EF9E2AB62B058F1065C4DED.e.42"
}
[1755163018.901][INFO]: Waiting for pending navigations...
[1755163018.902][INFO]: Done waiting for pending navigations. Status: ok
[1755163018.915][INFO]: Waiting for pending navigations...
[1755163018.916][INFO]: Done waiting for pending navigations. Status: ok
[1755163018.916][INFO]: [9525ab14013b9f10aa0f81426611405e] RESPONSE GetElementText "【天津】\n中国电信集团有限公司天津分公司2025-2026年决策专家系统维护服务项目直接采购公示"
[1755163018.917][INFO]: [9525ab14013b9f10aa0f81426611405e] COMMAND GetElementText {
   "id": "f.495C356B0656AF67333FEFF3EE6D4D65.d.F9059DA95EF9E2AB62B058F1065C4DED.e.43"
}
[1755163018.917][INFO]: Waiting for pending navigations...
[1755163018.918][INFO]: Done waiting for pending navigations. Status: ok
[1755163018.927][INFO]: Waiting for pending navigations...
[1755163018.928][INFO]: Done waiting for pending navigations. Status: ok
[1755163018.928][INFO]: [9525ab14013b9f10aa0f81426611405e] RESPONSE GetElementText "2025-08-07"
[1755163018.930][INFO]: [9525ab14013b9f10aa0f81426611405e] COMMAND GetElementText {
   "id": "f.495C356B0656AF67333FEFF3EE6D4D65.d.F9059DA95EF9E2AB62B058F1065C4DED.e.44"
}
[1755163018.930][INFO]: Waiting for pending navigations...
[1755163018.930][INFO]: Done waiting for pending navigations. Status: ok
[1755163018.940][INFO]: Waiting for pending navigations...
[1755163018.940][INFO]: Done waiting for pending navigations. Status: ok
[1755163018.940][INFO]: [9525ab14013b9f10aa0f81426611405e] RESPONSE GetElementText "2025-08-11"
[1755163018.942][INFO]: [9525ab14013b9f10aa0f81426611405e] COMMAND GetElementText {
   "id": "f.495C356B0656AF67333FEFF3EE6D4D65.d.F9059DA95EF9E2AB62B058F1065C4DED.e.45"
}
[1755163018.942][INFO]: Waiting for pending navigations...
[1755163018.943][INFO]: Done waiting for pending navigations. Status: ok
[1755163018.952][INFO]: Waiting for pending navigations...
[1755163018.953][INFO]: Done waiting for pending navigations. Status: ok
[1755163018.953][INFO]: [9525ab14013b9f10aa0f81426611405e] RESPONSE GetElementText "2025-08-06"
[1755163018.955][INFO]: [9525ab14013b9f10aa0f81426611405e] COMMAND FindChildElements {
   "id": "f.495C356B0656AF67333FEFF3EE6D4D65.d.F9059DA95EF9E2AB62B058F1065C4DED.e.29",
   "using": "tag name",
   "value": "td"
}
[1755163018.955][INFO]: Waiting for pending navigations...
[1755163018.956][INFO]: Done waiting for pending navigations. Status: ok
[1755163018.965][INFO]: Waiting for pending navigations...
[1755163018.966][INFO]: Done waiting for pending navigations. Status: ok
[1755163018.966][INFO]: [9525ab14013b9f10aa0f81426611405e] RESPONSE FindChildElements [ {
   "element-6066-11e4-a52e-4f735466cecf": "f.495C356B0656AF67333FEFF3EE6D4D65.d.F9059DA95EF9E2AB62B058F1065C4DED.e.46"
}, {
   "element-6066-11e4-a52e-4f735466cecf": "f.495C356B0656AF67333FEFF3EE6D4D65.d.F9059DA95EF9E2AB62B058F1065C4DED.e.47"
}, {
   "element-6066-11e4-a52e-4f735466cecf": "f.495C356B0656AF67333FEFF3EE6D4D65.d.F9059DA95EF9E2AB62B058F1065C4DED.e.48"
}, {
   "element-6066-11e4-a52e-4f735466cecf": "f.495C356B0656AF67333FEFF3EE6D4D65.d.F9059DA95EF9E2AB62B058F1065C4DED.e.49"
} ]
[1755163018.967][INFO]: [9525ab14013b9f10aa0f81426611405e] COMMAND GetElementText {
   "id": "f.495C356B0656AF67333FEFF3EE6D4D65.d.F9059DA95EF9E2AB62B058F1065C4DED.e.46"
}
[1755163018.968][INFO]: Waiting for pending navigations...
[1755163018.969][INFO]: Done waiting for pending navigations. Status: ok
[1755163018.983][INFO]: Waiting for pending navigations...
[1755163018.984][INFO]: Done waiting for pending navigations. Status: ok
[1755163018.984][INFO]: [9525ab14013b9f10aa0f81426611405e] RESPONSE GetElementText "【天津】\n宝坻潮阳花园室分用电协议"
[1755163018.985][INFO]: [9525ab14013b9f10aa0f81426611405e] COMMAND GetElementText {
   "id": "f.495C356B0656AF67333FEFF3EE6D4D65.d.F9059DA95EF9E2AB62B058F1065C4DED.e.46"
}
[1755163018.985][INFO]: Waiting for pending navigations...
[1755163018.986][INFO]: Done waiting for pending navigations. Status: ok
[1755163018.999][INFO]: Waiting for pending navigations...
[1755163019.000][INFO]: Done waiting for pending navigations. Status: ok
[1755163019.000][INFO]: [9525ab14013b9f10aa0f81426611405e] RESPONSE GetElementText "【天津】\n宝坻潮阳花园室分用电协议"
[1755163019.001][INFO]: [9525ab14013b9f10aa0f81426611405e] COMMAND GetElementText {
   "id": "f.495C356B0656AF67333FEFF3EE6D4D65.d.F9059DA95EF9E2AB62B058F1065C4DED.e.47"
}
[1755163019.001][INFO]: Waiting for pending navigations...
[1755163019.002][INFO]: Done waiting for pending navigations. Status: ok
[1755163019.011][INFO]: Waiting for pending navigations...
[1755163019.012][INFO]: Done waiting for pending navigations. Status: ok
[1755163019.012][INFO]: [9525ab14013b9f10aa0f81426611405e] RESPONSE GetElementText "2025-08-06"
[1755163019.014][INFO]: [9525ab14013b9f10aa0f81426611405e] COMMAND GetElementText {
   "id": "f.495C356B0656AF67333FEFF3EE6D4D65.d.F9059DA95EF9E2AB62B058F1065C4DED.e.48"
}
[1755163019.014][INFO]: Waiting for pending navigations...
[1755163019.015][INFO]: Done waiting for pending navigations. Status: ok
[1755163019.030][INFO]: Waiting for pending navigations...
[1755163019.031][INFO]: Done waiting for pending navigations. Status: ok
[1755163019.031][INFO]: [9525ab14013b9f10aa0f81426611405e] RESPONSE GetElementText "2025-08-08"
[1755163019.033][INFO]: [9525ab14013b9f10aa0f81426611405e] COMMAND GetElementText {
   "id": "f.495C356B0656AF67333FEFF3EE6D4D65.d.F9059DA95EF9E2AB62B058F1065C4DED.e.49"
}
[1755163019.033][INFO]: Waiting for pending navigations...
[1755163019.035][INFO]: Done waiting for pending navigations. Status: ok
[1755163019.045][INFO]: Waiting for pending navigations...
[1755163019.046][INFO]: Done waiting for pending navigations. Status: ok
[1755163019.046][INFO]: [9525ab14013b9f10aa0f81426611405e] RESPONSE GetElementText "2025-08-05"
[1755163019.047][INFO]: [9525ab14013b9f10aa0f81426611405e] COMMAND FindElement {
   "using": "xpath",
   "value": "//button[contains(@class, 'btn-next')]"
}
[1755163019.047][INFO]: Waiting for pending navigations...
[1755163019.048][INFO]: Done waiting for pending navigations. Status: ok
[1755163019.055][INFO]: Waiting for pending navigations...
[1755163019.056][INFO]: Done waiting for pending navigations. Status: ok
[1755163019.056][INFO]: [9525ab14013b9f10aa0f81426611405e] RESPONSE FindElement {
   "element-6066-11e4-a52e-4f735466cecf": "f.495C356B0656AF67333FEFF3EE6D4D65.d.F9059DA95EF9E2AB62B058F1065C4DED.e.50"
}
[1755163019.057][INFO]: [9525ab14013b9f10aa0f81426611405e] COMMAND IsElementEnabled {
   "id": "f.495C356B0656AF67333FEFF3EE6D4D65.d.F9059DA95EF9E2AB62B058F1065C4DED.e.50"
}
[1755163019.057][INFO]: Waiting for pending navigations...
[1755163019.059][INFO]: Done waiting for pending navigations. Status: ok
[1755163019.072][INFO]: Waiting for pending navigations...
[1755163019.074][INFO]: Done waiting for pending navigations. Status: ok
[1755163019.074][INFO]: [9525ab14013b9f10aa0f81426611405e] RESPONSE IsElementEnabled true
[1755163019.076][INFO]: [9525ab14013b9f10aa0f81426611405e] COMMAND FindElement {
   "using": "xpath",
   "value": "//div[contains(@class, 'el-table__body-wrapper')]//tr[@class='el-table__row'][1]/td[1]"
}
[1755163019.076][INFO]: Waiting for pending navigations...
[1755163019.077][INFO]: Done waiting for pending navigations. Status: ok
[1755163019.091][INFO]: Waiting for pending navigations...
[1755163019.094][INFO]: Done waiting for pending navigations. Status: ok
[1755163019.094][INFO]: [9525ab14013b9f10aa0f81426611405e] RESPONSE FindElement {
   "element-6066-11e4-a52e-4f735466cecf": "f.495C356B0656AF67333FEFF3EE6D4D65.d.F9059DA95EF9E2AB62B058F1065C4DED.e.30"
}
[1755163019.096][INFO]: [9525ab14013b9f10aa0f81426611405e] COMMAND GetElementText {
   "id": "f.495C356B0656AF67333FEFF3EE6D4D65.d.F9059DA95EF9E2AB62B058F1065C4DED.e.30"
}
[1755163019.096][INFO]: Waiting for pending navigations...
[1755163019.097][INFO]: Done waiting for pending navigations. Status: ok
[1755163019.112][INFO]: Waiting for pending navigations...
[1755163019.113][INFO]: Done waiting for pending navigations. Status: ok
[1755163019.113][INFO]: [9525ab14013b9f10aa0f81426611405e] RESPONSE GetElementText "【天津】\n【2025-2040年武清分公司武清和悦花园小区管道租赁】-直接采购采购公示"
[1755163019.114][INFO]: [9525ab14013b9f10aa0f81426611405e] COMMAND ExecuteScript {
   "args": [ {
      "element-6066-11e4-a52e-4f735466cecf": "f.495C356B0656AF67333FEFF3EE6D4D65.d.F9059DA95EF9E2AB62B058F1065C4DED.e.50"
   } ],
   "script": "arguments[0].click();"
}
[1755163019.114][INFO]: Waiting for pending navigations...
[1755163019.115][INFO]: Done waiting for pending navigations. Status: ok
[1755163019.148][INFO]: Waiting for pending navigations...
[1755163019.153][INFO]: Done waiting for pending navigations. Status: ok
[1755163019.153][INFO]: [9525ab14013b9f10aa0f81426611405e] RESPONSE ExecuteScript null
[1755163019.155][INFO]: [9525ab14013b9f10aa0f81426611405e] COMMAND FindElement {
   "using": "xpath",
   "value": "//div[contains(@class, 'el-table__body-wrapper')]//tr[@class='el-table__row'][1]/td[1]"
}
[1755163019.155][INFO]: Waiting for pending navigations...
[1755163019.156][INFO]: Done waiting for pending navigations. Status: ok
[1755163019.165][INFO]: Waiting for pending navigations...
[1755163019.166][INFO]: Done waiting for pending navigations. Status: ok
[1755163019.166][INFO]: [9525ab14013b9f10aa0f81426611405e] RESPONSE FindElement {
   "element-6066-11e4-a52e-4f735466cecf": "f.495C356B0656AF67333FEFF3EE6D4D65.d.F9059DA95EF9E2AB62B058F1065C4DED.e.30"
}
[1755163019.168][INFO]: [9525ab14013b9f10aa0f81426611405e] COMMAND GetElementText {
   "id": "f.495C356B0656AF67333FEFF3EE6D4D65.d.F9059DA95EF9E2AB62B058F1065C4DED.e.30"
}
[1755163019.168][INFO]: Waiting for pending navigations...
[1755163019.169][INFO]: Done waiting for pending navigations. Status: ok
[1755163019.189][INFO]: Waiting for pending navigations...
[1755163019.190][INFO]: Done waiting for pending navigations. Status: ok
[1755163019.190][INFO]: [9525ab14013b9f10aa0f81426611405e] RESPONSE GetElementText "【天津】\n【2025-2040年武清分公司武清和悦花园小区管道租赁】-直接采购采购公示"
[1755163019.692][INFO]: [9525ab14013b9f10aa0f81426611405e] COMMAND FindElement {
   "using": "xpath",
   "value": "//div[contains(@class, 'el-table__body-wrapper')]//tr[@class='el-table__row'][1]/td[1]"
}
[1755163019.692][INFO]: Waiting for pending navigations...
[1755163019.694][INFO]: Done waiting for pending navigations. Status: ok
[1755163019.705][INFO]: Waiting for pending navigations...
[1755163019.706][INFO]: Done waiting for pending navigations. Status: ok
[1755163019.706][INFO]: [9525ab14013b9f10aa0f81426611405e] RESPONSE FindElement {
   "element-6066-11e4-a52e-4f735466cecf": "f.495C356B0656AF67333FEFF3EE6D4D65.d.F9059DA95EF9E2AB62B058F1065C4DED.e.30"
}
[1755163019.708][INFO]: [9525ab14013b9f10aa0f81426611405e] COMMAND GetElementText {
   "id": "f.495C356B0656AF67333FEFF3EE6D4D65.d.F9059DA95EF9E2AB62B058F1065C4DED.e.30"
}
[1755163019.708][INFO]: Waiting for pending navigations...
[1755163019.710][INFO]: Done waiting for pending navigations. Status: ok
[1755163019.725][INFO]: Waiting for pending navigations...
[1755163019.726][INFO]: Done waiting for pending navigations. Status: ok
[1755163019.726][INFO]: [9525ab14013b9f10aa0f81426611405e] RESPONSE GetElementText "【天津】\n2025年河东河西分公司装机服务采购项目"
[1755163019.728][INFO]: [9525ab14013b9f10aa0f81426611405e] COMMAND FindElement {
   "using": "css selector",
   "value": ".tableList"
}
[1755163019.728][INFO]: Waiting for pending navigations...
[1755163019.729][INFO]: Done waiting for pending navigations. Status: ok
[1755163019.737][INFO]: Waiting for pending navigations...
[1755163019.738][INFO]: Done waiting for pending navigations. Status: ok
[1755163019.738][INFO]: [9525ab14013b9f10aa0f81426611405e] RESPONSE FindElement {
   "element-6066-11e4-a52e-4f735466cecf": "f.495C356B0656AF67333FEFF3EE6D4D65.d.F9059DA95EF9E2AB62B058F1065C4DED.e.24"
}
[1755163019.740][INFO]: [9525ab14013b9f10aa0f81426611405e] COMMAND FindElements {
   "using": "xpath",
   "value": "//div[contains(@class, 'el-table__body-wrapper')]//tr[@class='el-table__row']"
}
[1755163019.740][INFO]: Waiting for pending navigations...
[1755163019.741][INFO]: Done waiting for pending navigations. Status: ok
[1755163019.751][INFO]: Waiting for pending navigations...
[1755163019.752][INFO]: Done waiting for pending navigations. Status: ok
[1755163019.752][INFO]: [9525ab14013b9f10aa0f81426611405e] RESPONSE FindElements [ {
   "element-6066-11e4-a52e-4f735466cecf": "f.495C356B0656AF67333FEFF3EE6D4D65.d.F9059DA95EF9E2AB62B058F1065C4DED.e.25"
}, {
   "element-6066-11e4-a52e-4f735466cecf": "f.495C356B0656AF67333FEFF3EE6D4D65.d.F9059DA95EF9E2AB62B058F1065C4DED.e.26"
}, {
   "element-6066-11e4-a52e-4f735466cecf": "f.495C356B0656AF67333FEFF3EE6D4D65.d.F9059DA95EF9E2AB62B058F1065C4DED.e.27"
}, {
   "element-6066-11e4-a52e-4f735466cecf": "f.495C356B0656AF67333FEFF3EE6D4D65.d.F9059DA95EF9E2AB62B058F1065C4DED.e.28"
}, {
   "element-6066-11e4-a52e-4f735466cecf": "f.495C356B0656AF67333FEFF3EE6D4D65.d.F9059DA95EF9E2AB62B058F1065C4DED.e.29"
} ]
[1755163019.754][INFO]: [9525ab14013b9f10aa0f81426611405e] COMMAND FindChildElements {
   "id": "f.495C356B0656AF67333FEFF3EE6D4D65.d.F9059DA95EF9E2AB62B058F1065C4DED.e.25",
   "using": "tag name",
   "value": "td"
}
[1755163019.754][INFO]: Waiting for pending navigations...
[1755163019.755][INFO]: Done waiting for pending navigations. Status: ok
[1755163019.765][INFO]: Waiting for pending navigations...
[1755163019.766][INFO]: Done waiting for pending navigations. Status: ok
[1755163019.766][INFO]: [9525ab14013b9f10aa0f81426611405e] RESPONSE FindChildElements [ {
   "element-6066-11e4-a52e-4f735466cecf": "f.495C356B0656AF67333FEFF3EE6D4D65.d.F9059DA95EF9E2AB62B058F1065C4DED.e.30"
}, {
   "element-6066-11e4-a52e-4f735466cecf": "f.495C356B0656AF67333FEFF3EE6D4D65.d.F9059DA95EF9E2AB62B058F1065C4DED.e.31"
}, {
   "element-6066-11e4-a52e-4f735466cecf": "f.495C356B0656AF67333FEFF3EE6D4D65.d.F9059DA95EF9E2AB62B058F1065C4DED.e.32"
}, {
   "element-6066-11e4-a52e-4f735466cecf": "f.495C356B0656AF67333FEFF3EE6D4D65.d.F9059DA95EF9E2AB62B058F1065C4DED.e.33"
} ]
[1755163019.768][INFO]: [9525ab14013b9f10aa0f81426611405e] COMMAND GetElementText {
   "id": "f.495C356B0656AF67333FEFF3EE6D4D65.d.F9059DA95EF9E2AB62B058F1065C4DED.e.30"
}
[1755163019.768][INFO]: Waiting for pending navigations...
[1755163019.769][INFO]: Done waiting for pending navigations. Status: ok
[1755163019.781][INFO]: Waiting for pending navigations...
[1755163019.782][INFO]: Done waiting for pending navigations. Status: ok
[1755163019.782][INFO]: [9525ab14013b9f10aa0f81426611405e] RESPONSE GetElementText "【天津】\n2025年河东河西分公司装机服务采购项目"
[1755163019.784][INFO]: [9525ab14013b9f10aa0f81426611405e] COMMAND GetElementText {
   "id": "f.495C356B0656AF67333FEFF3EE6D4D65.d.F9059DA95EF9E2AB62B058F1065C4DED.e.30"
}
[1755163019.784][INFO]: Waiting for pending navigations...
[1755163019.785][INFO]: Done waiting for pending navigations. Status: ok
[1755163019.797][INFO]: Waiting for pending navigations...
[1755163019.798][INFO]: Done waiting for pending navigations. Status: ok
[1755163019.798][INFO]: [9525ab14013b9f10aa0f81426611405e] RESPONSE GetElementText "【天津】\n2025年河东河西分公司装机服务采购项目"
[1755163019.800][INFO]: [9525ab14013b9f10aa0f81426611405e] COMMAND GetElementText {
   "id": "f.495C356B0656AF67333FEFF3EE6D4D65.d.F9059DA95EF9E2AB62B058F1065C4DED.e.31"
}
[1755163019.800][INFO]: Waiting for pending navigations...
[1755163019.801][INFO]: Done waiting for pending navigations. Status: ok
[1755163019.811][INFO]: Waiting for pending navigations...
[1755163019.812][INFO]: Done waiting for pending navigations. Status: ok
[1755163019.812][INFO]: [9525ab14013b9f10aa0f81426611405e] RESPONSE GetElementText "2025-08-06"
[1755163019.813][INFO]: [9525ab14013b9f10aa0f81426611405e] COMMAND GetElementText {
   "id": "f.495C356B0656AF67333FEFF3EE6D4D65.d.F9059DA95EF9E2AB62B058F1065C4DED.e.32"
}
[1755163019.813][INFO]: Waiting for pending navigations...
[1755163019.814][INFO]: Done waiting for pending navigations. Status: ok
[1755163019.827][INFO]: Waiting for pending navigations...
[1755163019.827][INFO]: Done waiting for pending navigations. Status: ok
[1755163019.827][INFO]: [9525ab14013b9f10aa0f81426611405e] RESPONSE GetElementText "2025-08-08"
[1755163019.829][INFO]: [9525ab14013b9f10aa0f81426611405e] COMMAND GetElementText {
   "id": "f.495C356B0656AF67333FEFF3EE6D4D65.d.F9059DA95EF9E2AB62B058F1065C4DED.e.33"
}
[1755163019.829][INFO]: Waiting for pending navigations...
[1755163019.830][INFO]: Done waiting for pending navigations. Status: ok
[1755163019.842][INFO]: Waiting for pending navigations...
[1755163019.843][INFO]: Done waiting for pending navigations. Status: ok
[1755163019.843][INFO]: [9525ab14013b9f10aa0f81426611405e] RESPONSE GetElementText "2025-08-05"
[1755163019.845][INFO]: [9525ab14013b9f10aa0f81426611405e] COMMAND FindChildElements {
   "id": "f.495C356B0656AF67333FEFF3EE6D4D65.d.F9059DA95EF9E2AB62B058F1065C4DED.e.26",
   "using": "tag name",
   "value": "td"
}
[1755163019.845][INFO]: Waiting for pending navigations...
[1755163019.846][INFO]: Done waiting for pending navigations. Status: ok
[1755163019.857][INFO]: Waiting for pending navigations...
[1755163019.858][INFO]: Done waiting for pending navigations. Status: ok
[1755163019.858][INFO]: [9525ab14013b9f10aa0f81426611405e] RESPONSE FindChildElements [ {
   "element-6066-11e4-a52e-4f735466cecf": "f.495C356B0656AF67333FEFF3EE6D4D65.d.F9059DA95EF9E2AB62B058F1065C4DED.e.34"
}, {
   "element-6066-11e4-a52e-4f735466cecf": "f.495C356B0656AF67333FEFF3EE6D4D65.d.F9059DA95EF9E2AB62B058F1065C4DED.e.35"
}, {
   "element-6066-11e4-a52e-4f735466cecf": "f.495C356B0656AF67333FEFF3EE6D4D65.d.F9059DA95EF9E2AB62B058F1065C4DED.e.36"
}, {
   "element-6066-11e4-a52e-4f735466cecf": "f.495C356B0656AF67333FEFF3EE6D4D65.d.F9059DA95EF9E2AB62B058F1065C4DED.e.37"
} ]
[1755163019.860][INFO]: [9525ab14013b9f10aa0f81426611405e] COMMAND GetElementText {
   "id": "f.495C356B0656AF67333FEFF3EE6D4D65.d.F9059DA95EF9E2AB62B058F1065C4DED.e.34"
}
[1755163019.860][INFO]: Waiting for pending navigations...
[1755163019.861][INFO]: Done waiting for pending navigations. Status: ok
[1755163019.881][INFO]: Waiting for pending navigations...
[1755163019.883][INFO]: Done waiting for pending navigations. Status: ok
[1755163019.883][INFO]: [9525ab14013b9f10aa0f81426611405e] RESPONSE GetElementText "【天津】\n中国电信集团有限公司天津分公司2025-2026年天津电信一键诊断系统维护服务项目直接采购公示"
[1755163019.886][INFO]: [9525ab14013b9f10aa0f81426611405e] COMMAND GetElementText {
   "id": "f.495C356B0656AF67333FEFF3EE6D4D65.d.F9059DA95EF9E2AB62B058F1065C4DED.e.34"
}
[1755163019.886][INFO]: Waiting for pending navigations...
[1755163019.887][INFO]: Done waiting for pending navigations. Status: ok
[1755163019.903][INFO]: Waiting for pending navigations...
[1755163019.904][INFO]: Done waiting for pending navigations. Status: ok
[1755163019.904][INFO]: [9525ab14013b9f10aa0f81426611405e] RESPONSE GetElementText "【天津】\n中国电信集团有限公司天津分公司2025-2026年天津电信一键诊断系统维护服务项目直接采购公示"
[1755163019.907][INFO]: [9525ab14013b9f10aa0f81426611405e] COMMAND GetElementText {
   "id": "f.495C356B0656AF67333FEFF3EE6D4D65.d.F9059DA95EF9E2AB62B058F1065C4DED.e.35"
}
[1755163019.907][INFO]: Waiting for pending navigations...
[1755163019.909][INFO]: Done waiting for pending navigations. Status: ok
[1755163019.927][INFO]: Waiting for pending navigations...
[1755163019.929][INFO]: Done waiting for pending navigations. Status: ok
[1755163019.929][INFO]: [9525ab14013b9f10aa0f81426611405e] RESPONSE GetElementText "2025-08-06"
[1755163019.932][INFO]: [9525ab14013b9f10aa0f81426611405e] COMMAND GetElementText {
   "id": "f.495C356B0656AF67333FEFF3EE6D4D65.d.F9059DA95EF9E2AB62B058F1065C4DED.e.36"
}
[1755163019.932][INFO]: Waiting for pending navigations...
[1755163019.933][INFO]: Done waiting for pending navigations. Status: ok
[1755163019.948][INFO]: Waiting for pending navigations...
[1755163019.949][INFO]: Done waiting for pending navigations. Status: ok
[1755163019.949][INFO]: [9525ab14013b9f10aa0f81426611405e] RESPONSE GetElementText "2025-08-08"
[1755163019.952][INFO]: [9525ab14013b9f10aa0f81426611405e] COMMAND GetElementText {
   "id": "f.495C356B0656AF67333FEFF3EE6D4D65.d.F9059DA95EF9E2AB62B058F1065C4DED.e.37"
}
[1755163019.952][INFO]: Waiting for pending navigations...
[1755163019.954][INFO]: Done waiting for pending navigations. Status: ok
[1755163019.968][INFO]: Waiting for pending navigations...
[1755163019.969][INFO]: Done waiting for pending navigations. Status: ok
[1755163019.969][INFO]: [9525ab14013b9f10aa0f81426611405e] RESPONSE GetElementText "2025-08-05"
[1755163019.973][INFO]: [9525ab14013b9f10aa0f81426611405e] COMMAND FindChildElements {
   "id": "f.495C356B0656AF67333FEFF3EE6D4D65.d.F9059DA95EF9E2AB62B058F1065C4DED.e.27",
   "using": "tag name",
   "value": "td"
}
[1755163019.973][INFO]: Waiting for pending navigations...
[1755163019.975][INFO]: Done waiting for pending navigations. Status: ok
[1755163019.988][INFO]: Waiting for pending navigations...
[1755163019.989][INFO]: Done waiting for pending navigations. Status: ok
[1755163019.989][INFO]: [9525ab14013b9f10aa0f81426611405e] RESPONSE FindChildElements [ {
   "element-6066-11e4-a52e-4f735466cecf": "f.495C356B0656AF67333FEFF3EE6D4D65.d.F9059DA95EF9E2AB62B058F1065C4DED.e.38"
}, {
   "element-6066-11e4-a52e-4f735466cecf": "f.495C356B0656AF67333FEFF3EE6D4D65.d.F9059DA95EF9E2AB62B058F1065C4DED.e.39"
}, {
   "element-6066-11e4-a52e-4f735466cecf": "f.495C356B0656AF67333FEFF3EE6D4D65.d.F9059DA95EF9E2AB62B058F1065C4DED.e.40"
}, {
   "element-6066-11e4-a52e-4f735466cecf": "f.495C356B0656AF67333FEFF3EE6D4D65.d.F9059DA95EF9E2AB62B058F1065C4DED.e.41"
} ]
[1755163019.992][INFO]: [9525ab14013b9f10aa0f81426611405e] COMMAND GetElementText {
   "id": "f.495C356B0656AF67333FEFF3EE6D4D65.d.F9059DA95EF9E2AB62B058F1065C4DED.e.38"
}
[1755163019.992][INFO]: Waiting for pending navigations...
[1755163019.993][INFO]: Done waiting for pending navigations. Status: ok
[1755163020.011][INFO]: Waiting for pending navigations...
[1755163020.012][INFO]: Done waiting for pending navigations. Status: ok
[1755163020.012][INFO]: [9525ab14013b9f10aa0f81426611405e] RESPONSE GetElementText "【天津】\n津南红磡领世深白（普泰花园）室内分布系统覆盖协议续签项目直接采购公示"
[1755163020.014][INFO]: [9525ab14013b9f10aa0f81426611405e] COMMAND GetElementText {
   "id": "f.495C356B0656AF67333FEFF3EE6D4D65.d.F9059DA95EF9E2AB62B058F1065C4DED.e.38"
}
[1755163020.014][INFO]: Waiting for pending navigations...
[1755163020.015][INFO]: Done waiting for pending navigations. Status: ok
[1755163020.027][INFO]: Waiting for pending navigations...
[1755163020.028][INFO]: Done waiting for pending navigations. Status: ok
[1755163020.028][INFO]: [9525ab14013b9f10aa0f81426611405e] RESPONSE GetElementText "【天津】\n津南红磡领世深白（普泰花园）室内分布系统覆盖协议续签项目直接采购公示"
[1755163020.030][INFO]: [9525ab14013b9f10aa0f81426611405e] COMMAND GetElementText {
   "id": "f.495C356B0656AF67333FEFF3EE6D4D65.d.F9059DA95EF9E2AB62B058F1065C4DED.e.39"
}
[1755163020.030][INFO]: Waiting for pending navigations...
[1755163020.031][INFO]: Done waiting for pending navigations. Status: ok
[1755163020.043][INFO]: Waiting for pending navigations...
[1755163020.044][INFO]: Done waiting for pending navigations. Status: ok
[1755163020.044][INFO]: [9525ab14013b9f10aa0f81426611405e] RESPONSE GetElementText "2025-08-05"
[1755163020.046][INFO]: [9525ab14013b9f10aa0f81426611405e] COMMAND GetElementText {
   "id": "f.495C356B0656AF67333FEFF3EE6D4D65.d.F9059DA95EF9E2AB62B058F1065C4DED.e.40"
}
[1755163020.046][INFO]: Waiting for pending navigations...
[1755163020.047][INFO]: Done waiting for pending navigations. Status: ok
[1755163020.059][INFO]: Waiting for pending navigations...
[1755163020.059][INFO]: Done waiting for pending navigations. Status: ok
[1755163020.059][INFO]: [9525ab14013b9f10aa0f81426611405e] RESPONSE GetElementText "2025-08-07"
[1755163020.062][INFO]: [9525ab14013b9f10aa0f81426611405e] COMMAND GetElementText {
   "id": "f.495C356B0656AF67333FEFF3EE6D4D65.d.F9059DA95EF9E2AB62B058F1065C4DED.e.41"
}
[1755163020.062][INFO]: Waiting for pending navigations...
[1755163020.063][INFO]: Done waiting for pending navigations. Status: ok
[1755163020.076][INFO]: Waiting for pending navigations...
[1755163020.077][INFO]: Done waiting for pending navigations. Status: ok
[1755163020.077][INFO]: [9525ab14013b9f10aa0f81426611405e] RESPONSE GetElementText "2025-08-04"
[1755163020.080][INFO]: [9525ab14013b9f10aa0f81426611405e] COMMAND FindChildElements {
   "id": "f.495C356B0656AF67333FEFF3EE6D4D65.d.F9059DA95EF9E2AB62B058F1065C4DED.e.28",
   "using": "tag name",
   "value": "td"
}
[1755163020.080][INFO]: Waiting for pending navigations...
[1755163020.081][INFO]: Done waiting for pending navigations. Status: ok
[1755163020.092][INFO]: Waiting for pending navigations...
[1755163020.095][INFO]: Done waiting for pending navigations. Status: ok
[1755163020.095][INFO]: [9525ab14013b9f10aa0f81426611405e] RESPONSE FindChildElements [ {
   "element-6066-11e4-a52e-4f735466cecf": "f.495C356B0656AF67333FEFF3EE6D4D65.d.F9059DA95EF9E2AB62B058F1065C4DED.e.42"
}, {
   "element-6066-11e4-a52e-4f735466cecf": "f.495C356B0656AF67333FEFF3EE6D4D65.d.F9059DA95EF9E2AB62B058F1065C4DED.e.43"
}, {
   "element-6066-11e4-a52e-4f735466cecf": "f.495C356B0656AF67333FEFF3EE6D4D65.d.F9059DA95EF9E2AB62B058F1065C4DED.e.44"
}, {
   "element-6066-11e4-a52e-4f735466cecf": "f.495C356B0656AF67333FEFF3EE6D4D65.d.F9059DA95EF9E2AB62B058F1065C4DED.e.45"
} ]
[1755163020.098][INFO]: [9525ab14013b9f10aa0f81426611405e] COMMAND GetElementText {
   "id": "f.495C356B0656AF67333FEFF3EE6D4D65.d.F9059DA95EF9E2AB62B058F1065C4DED.e.42"
}
[1755163020.098][INFO]: Waiting for pending navigations...
[1755163020.100][INFO]: Done waiting for pending navigations. Status: ok
[1755163020.129][INFO]: Waiting for pending navigations...
[1755163020.130][INFO]: Done waiting for pending navigations. Status: ok
[1755163020.130][INFO]: [9525ab14013b9f10aa0f81426611405e] RESPONSE GetElementText "【天津】\n2026年至2030年中国电信蓟州分公司蓟县东方明珠苑室分用电服务合同项目单一来源采购公示"
[1755163020.132][INFO]: [9525ab14013b9f10aa0f81426611405e] COMMAND GetElementText {
   "id": "f.495C356B0656AF67333FEFF3EE6D4D65.d.F9059DA95EF9E2AB62B058F1065C4DED.e.42"
}
[1755163020.132][INFO]: Waiting for pending navigations...
[1755163020.133][INFO]: Done waiting for pending navigations. Status: ok
[1755163020.147][INFO]: Waiting for pending navigations...
[1755163020.148][INFO]: Done waiting for pending navigations. Status: ok
[1755163020.148][INFO]: [9525ab14013b9f10aa0f81426611405e] RESPONSE GetElementText "【天津】\n2026年至2030年中国电信蓟州分公司蓟县东方明珠苑室分用电服务合同项目单一来源采购公示"
[1755163020.150][INFO]: [9525ab14013b9f10aa0f81426611405e] COMMAND GetElementText {
   "id": "f.495C356B0656AF67333FEFF3EE6D4D65.d.F9059DA95EF9E2AB62B058F1065C4DED.e.43"
}
[1755163020.150][INFO]: Waiting for pending navigations...
[1755163020.151][INFO]: Done waiting for pending navigations. Status: ok
[1755163020.161][INFO]: Waiting for pending navigations...
[1755163020.162][INFO]: Done waiting for pending navigations. Status: ok
[1755163020.162][INFO]: [9525ab14013b9f10aa0f81426611405e] RESPONSE GetElementText "2025-08-05"
[1755163020.164][INFO]: [9525ab14013b9f10aa0f81426611405e] COMMAND GetElementText {
   "id": "f.495C356B0656AF67333FEFF3EE6D4D65.d.F9059DA95EF9E2AB62B058F1065C4DED.e.44"
}
[1755163020.164][INFO]: Waiting for pending navigations...
[1755163020.165][INFO]: Done waiting for pending navigations. Status: ok
[1755163020.175][INFO]: Waiting for pending navigations...
[1755163020.176][INFO]: Done waiting for pending navigations. Status: ok
[1755163020.176][INFO]: [9525ab14013b9f10aa0f81426611405e] RESPONSE GetElementText "2025-08-07"
[1755163020.178][INFO]: [9525ab14013b9f10aa0f81426611405e] COMMAND GetElementText {
   "id": "f.495C356B0656AF67333FEFF3EE6D4D65.d.F9059DA95EF9E2AB62B058F1065C4DED.e.45"
}
[1755163020.178][INFO]: Waiting for pending navigations...
[1755163020.179][INFO]: Done waiting for pending navigations. Status: ok
[1755163020.190][INFO]: Waiting for pending navigations...
[1755163020.190][INFO]: Done waiting for pending navigations. Status: ok
[1755163020.190][INFO]: [9525ab14013b9f10aa0f81426611405e] RESPONSE GetElementText "2025-08-04"
[1755163020.192][INFO]: [9525ab14013b9f10aa0f81426611405e] COMMAND FindChildElements {
   "id": "f.495C356B0656AF67333FEFF3EE6D4D65.d.F9059DA95EF9E2AB62B058F1065C4DED.e.29",
   "using": "tag name",
   "value": "td"
}
[1755163020.192][INFO]: Waiting for pending navigations...
[1755163020.193][INFO]: Done waiting for pending navigations. Status: ok
[1755163020.202][INFO]: Waiting for pending navigations...
[1755163020.203][INFO]: Done waiting for pending navigations. Status: ok
[1755163020.203][INFO]: [9525ab14013b9f10aa0f81426611405e] RESPONSE FindChildElements [ {
   "element-6066-11e4-a52e-4f735466cecf": "f.495C356B0656AF67333FEFF3EE6D4D65.d.F9059DA95EF9E2AB62B058F1065C4DED.e.46"
}, {
   "element-6066-11e4-a52e-4f735466cecf": "f.495C356B0656AF67333FEFF3EE6D4D65.d.F9059DA95EF9E2AB62B058F1065C4DED.e.47"
}, {
   "element-6066-11e4-a52e-4f735466cecf": "f.495C356B0656AF67333FEFF3EE6D4D65.d.F9059DA95EF9E2AB62B058F1065C4DED.e.48"
}, {
   "element-6066-11e4-a52e-4f735466cecf": "f.495C356B0656AF67333FEFF3EE6D4D65.d.F9059DA95EF9E2AB62B058F1065C4DED.e.49"
} ]
[1755163020.205][INFO]: [9525ab14013b9f10aa0f81426611405e] COMMAND GetElementText {
   "id": "f.495C356B0656AF67333FEFF3EE6D4D65.d.F9059DA95EF9E2AB62B058F1065C4DED.e.46"
}
[1755163020.205][INFO]: Waiting for pending navigations...
[1755163020.206][INFO]: Done waiting for pending navigations. Status: ok
[1755163020.221][INFO]: Waiting for pending navigations...
[1755163020.221][INFO]: Done waiting for pending navigations. Status: ok
[1755163020.221][INFO]: [9525ab14013b9f10aa0f81426611405e] RESPONSE GetElementText "【天津】\n2025年西青分公司中北镇梁晨馨苑室分用电协议"
[1755163020.224][INFO]: [9525ab14013b9f10aa0f81426611405e] COMMAND GetElementText {
   "id": "f.495C356B0656AF67333FEFF3EE6D4D65.d.F9059DA95EF9E2AB62B058F1065C4DED.e.46"
}
[1755163020.224][INFO]: Waiting for pending navigations...
[1755163020.225][INFO]: Done waiting for pending navigations. Status: ok
[1755163020.240][INFO]: Waiting for pending navigations...
[1755163020.241][INFO]: Done waiting for pending navigations. Status: ok
[1755163020.241][INFO]: [9525ab14013b9f10aa0f81426611405e] RESPONSE GetElementText "【天津】\n2025年西青分公司中北镇梁晨馨苑室分用电协议"
[1755163020.243][INFO]: [9525ab14013b9f10aa0f81426611405e] COMMAND GetElementText {
   "id": "f.495C356B0656AF67333FEFF3EE6D4D65.d.F9059DA95EF9E2AB62B058F1065C4DED.e.47"
}
[1755163020.243][INFO]: Waiting for pending navigations...
[1755163020.244][INFO]: Done waiting for pending navigations. Status: ok
[1755163020.257][INFO]: Waiting for pending navigations...
[1755163020.258][INFO]: Done waiting for pending navigations. Status: ok
[1755163020.258][INFO]: [9525ab14013b9f10aa0f81426611405e] RESPONSE GetElementText "2025-07-31"
[1755163020.259][INFO]: [9525ab14013b9f10aa0f81426611405e] COMMAND GetElementText {
   "id": "f.495C356B0656AF67333FEFF3EE6D4D65.d.F9059DA95EF9E2AB62B058F1065C4DED.e.48"
}
[1755163020.259][INFO]: Waiting for pending navigations...
[1755163020.260][INFO]: Done waiting for pending navigations. Status: ok
[1755163020.272][INFO]: Waiting for pending navigations...
[1755163020.273][INFO]: Done waiting for pending navigations. Status: ok
[1755163020.273][INFO]: [9525ab14013b9f10aa0f81426611405e] RESPONSE GetElementText "2025-08-05"
[1755163020.275][INFO]: [9525ab14013b9f10aa0f81426611405e] COMMAND GetElementText {
   "id": "f.495C356B0656AF67333FEFF3EE6D4D65.d.F9059DA95EF9E2AB62B058F1065C4DED.e.49"
}
[1755163020.275][INFO]: Waiting for pending navigations...
[1755163020.276][INFO]: Done waiting for pending navigations. Status: ok
[1755163020.286][INFO]: Waiting for pending navigations...
[1755163020.287][INFO]: Done waiting for pending navigations. Status: ok
[1755163020.287][INFO]: [9525ab14013b9f10aa0f81426611405e] RESPONSE GetElementText "2025-08-01"
[1755163020.289][INFO]: [9525ab14013b9f10aa0f81426611405e] COMMAND FindElement {
   "using": "xpath",
   "value": "//button[contains(@class, 'btn-next')]"
}
[1755163020.289][INFO]: Waiting for pending navigations...
[1755163020.290][INFO]: Done waiting for pending navigations. Status: ok
[1755163020.298][INFO]: Waiting for pending navigations...
[1755163020.299][INFO]: Done waiting for pending navigations. Status: ok
[1755163020.299][INFO]: [9525ab14013b9f10aa0f81426611405e] RESPONSE FindElement {
   "element-6066-11e4-a52e-4f735466cecf": "f.495C356B0656AF67333FEFF3EE6D4D65.d.F9059DA95EF9E2AB62B058F1065C4DED.e.50"
}
[1755163020.301][INFO]: [9525ab14013b9f10aa0f81426611405e] COMMAND IsElementEnabled {
   "id": "f.495C356B0656AF67333FEFF3EE6D4D65.d.F9059DA95EF9E2AB62B058F1065C4DED.e.50"
}
[1755163020.301][INFO]: Waiting for pending navigations...
[1755163020.302][INFO]: Done waiting for pending navigations. Status: ok
[1755163020.311][INFO]: Waiting for pending navigations...
[1755163020.312][INFO]: Done waiting for pending navigations. Status: ok
[1755163020.312][INFO]: [9525ab14013b9f10aa0f81426611405e] RESPONSE IsElementEnabled true
[1755163020.313][INFO]: [9525ab14013b9f10aa0f81426611405e] COMMAND FindElement {
   "using": "xpath",
   "value": "//div[contains(@class, 'el-table__body-wrapper')]//tr[@class='el-table__row'][1]/td[1]"
}
[1755163020.313][INFO]: Waiting for pending navigations...
[1755163020.314][INFO]: Done waiting for pending navigations. Status: ok
[1755163020.322][INFO]: Waiting for pending navigations...
[1755163020.323][INFO]: Done waiting for pending navigations. Status: ok
[1755163020.323][INFO]: [9525ab14013b9f10aa0f81426611405e] RESPONSE FindElement {
   "element-6066-11e4-a52e-4f735466cecf": "f.495C356B0656AF67333FEFF3EE6D4D65.d.F9059DA95EF9E2AB62B058F1065C4DED.e.30"
}
[1755163020.325][INFO]: [9525ab14013b9f10aa0f81426611405e] COMMAND GetElementText {
   "id": "f.495C356B0656AF67333FEFF3EE6D4D65.d.F9059DA95EF9E2AB62B058F1065C4DED.e.30"
}
[1755163020.325][INFO]: Waiting for pending navigations...
[1755163020.326][INFO]: Done waiting for pending navigations. Status: ok
[1755163020.338][INFO]: Waiting for pending navigations...
[1755163020.339][INFO]: Done waiting for pending navigations. Status: ok
[1755163020.339][INFO]: [9525ab14013b9f10aa0f81426611405e] RESPONSE GetElementText "【天津】\n2025年河东河西分公司装机服务采购项目"
[1755163020.341][INFO]: [9525ab14013b9f10aa0f81426611405e] COMMAND ExecuteScript {
   "args": [ {
      "element-6066-11e4-a52e-4f735466cecf": "f.495C356B0656AF67333FEFF3EE6D4D65.d.F9059DA95EF9E2AB62B058F1065C4DED.e.50"
   } ],
   "script": "arguments[0].click();"
}
[1755163020.341][INFO]: Waiting for pending navigations...
[1755163020.342][INFO]: Done waiting for pending navigations. Status: ok
[1755163020.375][INFO]: Waiting for pending navigations...
[1755163020.380][INFO]: Done waiting for pending navigations. Status: ok
[1755163020.380][INFO]: [9525ab14013b9f10aa0f81426611405e] RESPONSE ExecuteScript null
[1755163020.381][INFO]: [9525ab14013b9f10aa0f81426611405e] COMMAND FindElement {
   "using": "xpath",
   "value": "//div[contains(@class, 'el-table__body-wrapper')]//tr[@class='el-table__row'][1]/td[1]"
}
[1755163020.382][INFO]: Waiting for pending navigations...
[1755163020.384][INFO]: Done waiting for pending navigations. Status: ok
[1755163020.392][INFO]: Waiting for pending navigations...
[1755163020.393][INFO]: Done waiting for pending navigations. Status: ok
[1755163020.393][INFO]: [9525ab14013b9f10aa0f81426611405e] RESPONSE FindElement {
   "element-6066-11e4-a52e-4f735466cecf": "f.495C356B0656AF67333FEFF3EE6D4D65.d.F9059DA95EF9E2AB62B058F1065C4DED.e.30"
}
[1755163020.395][INFO]: [9525ab14013b9f10aa0f81426611405e] COMMAND GetElementText {
   "id": "f.495C356B0656AF67333FEFF3EE6D4D65.d.F9059DA95EF9E2AB62B058F1065C4DED.e.30"
}
[1755163020.395][INFO]: Waiting for pending navigations...
[1755163020.396][INFO]: Done waiting for pending navigations. Status: ok
[1755163020.408][INFO]: Waiting for pending navigations...
[1755163020.408][INFO]: Done waiting for pending navigations. Status: ok
[1755163020.408][INFO]: [9525ab14013b9f10aa0f81426611405e] RESPONSE GetElementText "【天津】\n2025年河东河西分公司装机服务采购项目"
[1755163020.911][INFO]: [9525ab14013b9f10aa0f81426611405e] COMMAND FindElement {
   "using": "xpath",
   "value": "//div[contains(@class, 'el-table__body-wrapper')]//tr[@class='el-table__row'][1]/td[1]"
}
[1755163020.911][INFO]: Waiting for pending navigations...
[1755163020.956][INFO]: Done waiting for pending navigations. Status: ok
[1755163020.965][INFO]: Waiting for pending navigations...
[1755163020.965][INFO]: Done waiting for pending navigations. Status: ok
[1755163020.965][INFO]: [9525ab14013b9f10aa0f81426611405e] RESPONSE FindElement {
   "element-6066-11e4-a52e-4f735466cecf": "f.495C356B0656AF67333FEFF3EE6D4D65.d.F9059DA95EF9E2AB62B058F1065C4DED.e.30"
}
[1755163020.967][INFO]: [9525ab14013b9f10aa0f81426611405e] COMMAND GetElementText {
   "id": "f.495C356B0656AF67333FEFF3EE6D4D65.d.F9059DA95EF9E2AB62B058F1065C4DED.e.30"
}
[1755163020.967][INFO]: Waiting for pending navigations...
[1755163020.968][INFO]: Done waiting for pending navigations. Status: ok
[1755163020.979][INFO]: Waiting for pending navigations...
[1755163020.979][INFO]: Done waiting for pending navigations. Status: ok
[1755163020.979][INFO]: [9525ab14013b9f10aa0f81426611405e] RESPONSE GetElementText "【天津】\n中国电信天津分公司2025年武清数据中心BA系统维保服务项目成交候选人公示"
[1755163020.981][INFO]: [9525ab14013b9f10aa0f81426611405e] COMMAND FindElement {
   "using": "css selector",
   "value": ".tableList"
}
[1755163020.981][INFO]: Waiting for pending navigations...
[1755163020.983][INFO]: Done waiting for pending navigations. Status: ok
[1755163020.990][INFO]: Waiting for pending navigations...
[1755163020.992][INFO]: Done waiting for pending navigations. Status: ok
[1755163020.992][INFO]: [9525ab14013b9f10aa0f81426611405e] RESPONSE FindElement {
   "element-6066-11e4-a52e-4f735466cecf": "f.495C356B0656AF67333FEFF3EE6D4D65.d.F9059DA95EF9E2AB62B058F1065C4DED.e.24"
}
[1755163020.993][INFO]: [9525ab14013b9f10aa0f81426611405e] COMMAND FindElements {
   "using": "xpath",
   "value": "//div[contains(@class, 'el-table__body-wrapper')]//tr[@class='el-table__row']"
}
[1755163020.993][INFO]: Waiting for pending navigations...
[1755163020.994][INFO]: Done waiting for pending navigations. Status: ok
[1755163021.003][INFO]: Waiting for pending navigations...
[1755163021.004][INFO]: Done waiting for pending navigations. Status: ok
[1755163021.004][INFO]: [9525ab14013b9f10aa0f81426611405e] RESPONSE FindElements [ {
   "element-6066-11e4-a52e-4f735466cecf": "f.495C356B0656AF67333FEFF3EE6D4D65.d.F9059DA95EF9E2AB62B058F1065C4DED.e.25"
}, {
   "element-6066-11e4-a52e-4f735466cecf": "f.495C356B0656AF67333FEFF3EE6D4D65.d.F9059DA95EF9E2AB62B058F1065C4DED.e.26"
}, {
   "element-6066-11e4-a52e-4f735466cecf": "f.495C356B0656AF67333FEFF3EE6D4D65.d.F9059DA95EF9E2AB62B058F1065C4DED.e.27"
}, {
   "element-6066-11e4-a52e-4f735466cecf": "f.495C356B0656AF67333FEFF3EE6D4D65.d.F9059DA95EF9E2AB62B058F1065C4DED.e.28"
}, {
   "element-6066-11e4-a52e-4f735466cecf": "f.495C356B0656AF67333FEFF3EE6D4D65.d.F9059DA95EF9E2AB62B058F1065C4DED.e.29"
} ]
[1755163021.006][INFO]: [9525ab14013b9f10aa0f81426611405e] COMMAND FindChildElements {
   "id": "f.495C356B0656AF67333FEFF3EE6D4D65.d.F9059DA95EF9E2AB62B058F1065C4DED.e.25",
   "using": "tag name",
   "value": "td"
}
[1755163021.006][INFO]: Waiting for pending navigations...
[1755163021.007][INFO]: Done waiting for pending navigations. Status: ok
[1755163021.015][INFO]: Waiting for pending navigations...
[1755163021.016][INFO]: Done waiting for pending navigations. Status: ok
[1755163021.016][INFO]: [9525ab14013b9f10aa0f81426611405e] RESPONSE FindChildElements [ {
   "element-6066-11e4-a52e-4f735466cecf": "f.495C356B0656AF67333FEFF3EE6D4D65.d.F9059DA95EF9E2AB62B058F1065C4DED.e.30"
}, {
   "element-6066-11e4-a52e-4f735466cecf": "f.495C356B0656AF67333FEFF3EE6D4D65.d.F9059DA95EF9E2AB62B058F1065C4DED.e.31"
}, {
   "element-6066-11e4-a52e-4f735466cecf": "f.495C356B0656AF67333FEFF3EE6D4D65.d.F9059DA95EF9E2AB62B058F1065C4DED.e.32"
}, {
   "element-6066-11e4-a52e-4f735466cecf": "f.495C356B0656AF67333FEFF3EE6D4D65.d.F9059DA95EF9E2AB62B058F1065C4DED.e.33"
} ]
[1755163021.017][INFO]: [9525ab14013b9f10aa0f81426611405e] COMMAND GetElementText {
   "id": "f.495C356B0656AF67333FEFF3EE6D4D65.d.F9059DA95EF9E2AB62B058F1065C4DED.e.30"
}
[1755163021.017][INFO]: Waiting for pending navigations...
[1755163021.018][INFO]: Done waiting for pending navigations. Status: ok
[1755163021.030][INFO]: Waiting for pending navigations...
[1755163021.032][INFO]: Done waiting for pending navigations. Status: ok
[1755163021.032][INFO]: [9525ab14013b9f10aa0f81426611405e] RESPONSE GetElementText "【天津】\n中国电信天津分公司2025年武清数据中心BA系统维保服务项目成交候选人公示"
[1755163021.033][INFO]: [9525ab14013b9f10aa0f81426611405e] COMMAND GetElementText {
   "id": "f.495C356B0656AF67333FEFF3EE6D4D65.d.F9059DA95EF9E2AB62B058F1065C4DED.e.30"
}
[1755163021.033][INFO]: Waiting for pending navigations...
[1755163021.034][INFO]: Done waiting for pending navigations. Status: ok
[1755163021.046][INFO]: Waiting for pending navigations...
[1755163021.047][INFO]: Done waiting for pending navigations. Status: ok
[1755163021.047][INFO]: [9525ab14013b9f10aa0f81426611405e] RESPONSE GetElementText "【天津】\n中国电信天津分公司2025年武清数据中心BA系统维保服务项目成交候选人公示"
[1755163021.048][INFO]: [9525ab14013b9f10aa0f81426611405e] COMMAND GetElementText {
   "id": "f.495C356B0656AF67333FEFF3EE6D4D65.d.F9059DA95EF9E2AB62B058F1065C4DED.e.31"
}
[1755163021.048][INFO]: Waiting for pending navigations...
[1755163021.049][INFO]: Done waiting for pending navigations. Status: ok
[1755163021.058][INFO]: Waiting for pending navigations...
[1755163021.059][INFO]: Done waiting for pending navigations. Status: ok
[1755163021.059][INFO]: [9525ab14013b9f10aa0f81426611405e] RESPONSE GetElementText "2025-08-04"
[1755163021.061][INFO]: [9525ab14013b9f10aa0f81426611405e] COMMAND GetElementText {
   "id": "f.495C356B0656AF67333FEFF3EE6D4D65.d.F9059DA95EF9E2AB62B058F1065C4DED.e.32"
}
[1755163021.061][INFO]: Waiting for pending navigations...
[1755163021.062][INFO]: Done waiting for pending navigations. Status: ok
[1755163021.072][INFO]: Waiting for pending navigations...
[1755163021.072][INFO]: Done waiting for pending navigations. Status: ok
[1755163021.072][INFO]: [9525ab14013b9f10aa0f81426611405e] RESPONSE GetElementText "2025-08-06"
[1755163021.074][INFO]: [9525ab14013b9f10aa0f81426611405e] COMMAND GetElementText {
   "id": "f.495C356B0656AF67333FEFF3EE6D4D65.d.F9059DA95EF9E2AB62B058F1065C4DED.e.33"
}
[1755163021.074][INFO]: Waiting for pending navigations...
[1755163021.075][INFO]: Done waiting for pending navigations. Status: ok
[1755163021.085][INFO]: Waiting for pending navigations...
[1755163021.085][INFO]: Done waiting for pending navigations. Status: ok
[1755163021.085][INFO]: [9525ab14013b9f10aa0f81426611405e] RESPONSE GetElementText "2025-08-01"
[1755163021.087][INFO]: [9525ab14013b9f10aa0f81426611405e] COMMAND FindChildElements {
   "id": "f.495C356B0656AF67333FEFF3EE6D4D65.d.F9059DA95EF9E2AB62B058F1065C4DED.e.26",
   "using": "tag name",
   "value": "td"
}
[1755163021.087][INFO]: Waiting for pending navigations...
[1755163021.088][INFO]: Done waiting for pending navigations. Status: ok
[1755163021.099][INFO]: Waiting for pending navigations...
[1755163021.099][INFO]: Done waiting for pending navigations. Status: ok
[1755163021.099][INFO]: [9525ab14013b9f10aa0f81426611405e] RESPONSE FindChildElements [ {
   "element-6066-11e4-a52e-4f735466cecf": "f.495C356B0656AF67333FEFF3EE6D4D65.d.F9059DA95EF9E2AB62B058F1065C4DED.e.34"
}, {
   "element-6066-11e4-a52e-4f735466cecf": "f.495C356B0656AF67333FEFF3EE6D4D65.d.F9059DA95EF9E2AB62B058F1065C4DED.e.35"
}, {
   "element-6066-11e4-a52e-4f735466cecf": "f.495C356B0656AF67333FEFF3EE6D4D65.d.F9059DA95EF9E2AB62B058F1065C4DED.e.36"
}, {
   "element-6066-11e4-a52e-4f735466cecf": "f.495C356B0656AF67333FEFF3EE6D4D65.d.F9059DA95EF9E2AB62B058F1065C4DED.e.37"
} ]
[1755163021.101][INFO]: [9525ab14013b9f10aa0f81426611405e] COMMAND GetElementText {
   "id": "f.495C356B0656AF67333FEFF3EE6D4D65.d.F9059DA95EF9E2AB62B058F1065C4DED.e.34"
}
[1755163021.101][INFO]: Waiting for pending navigations...
[1755163021.102][INFO]: Done waiting for pending navigations. Status: ok
[1755163021.114][INFO]: Waiting for pending navigations...
[1755163021.114][INFO]: Done waiting for pending navigations. Status: ok
[1755163021.115][INFO]: [9525ab14013b9f10aa0f81426611405e] RESPONSE GetElementText "【天津】\n中国电信天津分公司2025年X私有云建设工程安全设备和密码设备DICT采购项目标包二询比文件"
[1755163021.116][INFO]: [9525ab14013b9f10aa0f81426611405e] COMMAND GetElementText {
   "id": "f.495C356B0656AF67333FEFF3EE6D4D65.d.F9059DA95EF9E2AB62B058F1065C4DED.e.34"
}
[1755163021.116][INFO]: Waiting for pending navigations...
[1755163021.117][INFO]: Done waiting for pending navigations. Status: ok
[1755163021.128][INFO]: Waiting for pending navigations...
[1755163021.129][INFO]: Done waiting for pending navigations. Status: ok
[1755163021.129][INFO]: [9525ab14013b9f10aa0f81426611405e] RESPONSE GetElementText "【天津】\n中国电信天津分公司2025年X私有云建设工程安全设备和密码设备DICT采购项目标包二询比文件"
[1755163021.130][INFO]: [9525ab14013b9f10aa0f81426611405e] COMMAND GetElementText {
   "id": "f.495C356B0656AF67333FEFF3EE6D4D65.d.F9059DA95EF9E2AB62B058F1065C4DED.e.35"
}
[1755163021.130][INFO]: Waiting for pending navigations...
[1755163021.131][INFO]: Done waiting for pending navigations. Status: ok
[1755163021.140][INFO]: Waiting for pending navigations...
[1755163021.141][INFO]: Done waiting for pending navigations. Status: ok
[1755163021.141][INFO]: [9525ab14013b9f10aa0f81426611405e] RESPONSE GetElementText "2025-08-01"
[1755163021.142][INFO]: [9525ab14013b9f10aa0f81426611405e] COMMAND GetElementText {
   "id": "f.495C356B0656AF67333FEFF3EE6D4D65.d.F9059DA95EF9E2AB62B058F1065C4DED.e.36"
}
[1755163021.142][INFO]: Waiting for pending navigations...
[1755163021.143][INFO]: Done waiting for pending navigations. Status: ok
[1755163021.153][INFO]: Waiting for pending navigations...
[1755163021.154][INFO]: Done waiting for pending navigations. Status: ok
[1755163021.154][INFO]: [9525ab14013b9f10aa0f81426611405e] RESPONSE GetElementText "2025-08-04"
[1755163021.156][INFO]: [9525ab14013b9f10aa0f81426611405e] COMMAND GetElementText {
   "id": "f.495C356B0656AF67333FEFF3EE6D4D65.d.F9059DA95EF9E2AB62B058F1065C4DED.e.37"
}
[1755163021.156][INFO]: Waiting for pending navigations...
[1755163021.157][INFO]: Done waiting for pending navigations. Status: ok
[1755163021.167][INFO]: Waiting for pending navigations...
[1755163021.168][INFO]: Done waiting for pending navigations. Status: ok
[1755163021.168][INFO]: [9525ab14013b9f10aa0f81426611405e] RESPONSE GetElementText "2025-07-31"
[1755163021.169][INFO]: [9525ab14013b9f10aa0f81426611405e] COMMAND FindChildElements {
   "id": "f.495C356B0656AF67333FEFF3EE6D4D65.d.F9059DA95EF9E2AB62B058F1065C4DED.e.27",
   "using": "tag name",
   "value": "td"
}
[1755163021.169][INFO]: Waiting for pending navigations...
[1755163021.170][INFO]: Done waiting for pending navigations. Status: ok
[1755163021.179][INFO]: Waiting for pending navigations...
[1755163021.180][INFO]: Done waiting for pending navigations. Status: ok
[1755163021.180][INFO]: [9525ab14013b9f10aa0f81426611405e] RESPONSE FindChildElements [ {
   "element-6066-11e4-a52e-4f735466cecf": "f.495C356B0656AF67333FEFF3EE6D4D65.d.F9059DA95EF9E2AB62B058F1065C4DED.e.38"
}, {
   "element-6066-11e4-a52e-4f735466cecf": "f.495C356B0656AF67333FEFF3EE6D4D65.d.F9059DA95EF9E2AB62B058F1065C4DED.e.39"
}, {
   "element-6066-11e4-a52e-4f735466cecf": "f.495C356B0656AF67333FEFF3EE6D4D65.d.F9059DA95EF9E2AB62B058F1065C4DED.e.40"
}, {
   "element-6066-11e4-a52e-4f735466cecf": "f.495C356B0656AF67333FEFF3EE6D4D65.d.F9059DA95EF9E2AB62B058F1065C4DED.e.41"
} ]
[1755163021.181][INFO]: [9525ab14013b9f10aa0f81426611405e] COMMAND GetElementText {
   "id": "f.495C356B0656AF67333FEFF3EE6D4D65.d.F9059DA95EF9E2AB62B058F1065C4DED.e.38"
}
[1755163021.181][INFO]: Waiting for pending navigations...
[1755163021.182][INFO]: Done waiting for pending navigations. Status: ok
[1755163021.194][INFO]: Waiting for pending navigations...
[1755163021.196][INFO]: Done waiting for pending navigations. Status: ok
[1755163021.196][INFO]: [9525ab14013b9f10aa0f81426611405e] RESPONSE GetElementText "【天津】\n中国电信天津分公司2025年腾讯云服务采购项目直接采购公示"
[1755163021.198][INFO]: [9525ab14013b9f10aa0f81426611405e] COMMAND GetElementText {
   "id": "f.495C356B0656AF67333FEFF3EE6D4D65.d.F9059DA95EF9E2AB62B058F1065C4DED.e.38"
}
[1755163021.198][INFO]: Waiting for pending navigations...
[1755163021.198][INFO]: Done waiting for pending navigations. Status: ok
[1755163021.215][INFO]: Waiting for pending navigations...
[1755163021.216][INFO]: Done waiting for pending navigations. Status: ok
[1755163021.216][INFO]: [9525ab14013b9f10aa0f81426611405e] RESPONSE GetElementText "【天津】\n中国电信天津分公司2025年腾讯云服务采购项目直接采购公示"
[1755163021.219][INFO]: [9525ab14013b9f10aa0f81426611405e] COMMAND GetElementText {
   "id": "f.495C356B0656AF67333FEFF3EE6D4D65.d.F9059DA95EF9E2AB62B058F1065C4DED.e.39"
}
[1755163021.219][INFO]: Waiting for pending navigations...
[1755163021.220][INFO]: Done waiting for pending navigations. Status: ok
[1755163021.230][INFO]: Waiting for pending navigations...
[1755163021.230][INFO]: Done waiting for pending navigations. Status: ok
[1755163021.230][INFO]: [9525ab14013b9f10aa0f81426611405e] RESPONSE GetElementText "2025-08-01"
[1755163021.232][INFO]: [9525ab14013b9f10aa0f81426611405e] COMMAND GetElementText {
   "id": "f.495C356B0656AF67333FEFF3EE6D4D65.d.F9059DA95EF9E2AB62B058F1065C4DED.e.40"
}
[1755163021.232][INFO]: Waiting for pending navigations...
[1755163021.233][INFO]: Done waiting for pending navigations. Status: ok
[1755163021.241][INFO]: Waiting for pending navigations...
[1755163021.242][INFO]: Done waiting for pending navigations. Status: ok
[1755163021.242][INFO]: [9525ab14013b9f10aa0f81426611405e] RESPONSE GetElementText "2025-08-04"
[1755163021.243][INFO]: [9525ab14013b9f10aa0f81426611405e] COMMAND GetElementText {
   "id": "f.495C356B0656AF67333FEFF3EE6D4D65.d.F9059DA95EF9E2AB62B058F1065C4DED.e.41"
}
[1755163021.243][INFO]: Waiting for pending navigations...
[1755163021.244][INFO]: Done waiting for pending navigations. Status: ok
[1755163021.257][INFO]: Waiting for pending navigations...
[1755163021.258][INFO]: Done waiting for pending navigations. Status: ok
[1755163021.258][INFO]: [9525ab14013b9f10aa0f81426611405e] RESPONSE GetElementText "2025-07-31"
[1755163021.260][INFO]: [9525ab14013b9f10aa0f81426611405e] COMMAND FindChildElements {
   "id": "f.495C356B0656AF67333FEFF3EE6D4D65.d.F9059DA95EF9E2AB62B058F1065C4DED.e.28",
   "using": "tag name",
   "value": "td"
}
[1755163021.260][INFO]: Waiting for pending navigations...
[1755163021.261][INFO]: Done waiting for pending navigations. Status: ok
[1755163021.269][INFO]: Waiting for pending navigations...
[1755163021.269][INFO]: Done waiting for pending navigations. Status: ok
[1755163021.269][INFO]: [9525ab14013b9f10aa0f81426611405e] RESPONSE FindChildElements [ {
   "element-6066-11e4-a52e-4f735466cecf": "f.495C356B0656AF67333FEFF3EE6D4D65.d.F9059DA95EF9E2AB62B058F1065C4DED.e.42"
}, {
   "element-6066-11e4-a52e-4f735466cecf": "f.495C356B0656AF67333FEFF3EE6D4D65.d.F9059DA95EF9E2AB62B058F1065C4DED.e.43"
}, {
   "element-6066-11e4-a52e-4f735466cecf": "f.495C356B0656AF67333FEFF3EE6D4D65.d.F9059DA95EF9E2AB62B058F1065C4DED.e.44"
}, {
   "element-6066-11e4-a52e-4f735466cecf": "f.495C356B0656AF67333FEFF3EE6D4D65.d.F9059DA95EF9E2AB62B058F1065C4DED.e.45"
} ]
[1755163021.271][INFO]: [9525ab14013b9f10aa0f81426611405e] COMMAND GetElementText {
   "id": "f.495C356B0656AF67333FEFF3EE6D4D65.d.F9059DA95EF9E2AB62B058F1065C4DED.e.42"
}
[1755163021.271][INFO]: Waiting for pending navigations...
[1755163021.272][INFO]: Done waiting for pending navigations. Status: ok
[1755163021.282][INFO]: Waiting for pending navigations...
[1755163021.283][INFO]: Done waiting for pending navigations. Status: ok
[1755163021.283][INFO]: [9525ab14013b9f10aa0f81426611405e] RESPONSE GetElementText "【天津】\n任职领导周转用房项目直接采购公示"
[1755163021.284][INFO]: [9525ab14013b9f10aa0f81426611405e] COMMAND GetElementText {
   "id": "f.495C356B0656AF67333FEFF3EE6D4D65.d.F9059DA95EF9E2AB62B058F1065C4DED.e.42"
}
[1755163021.284][INFO]: Waiting for pending navigations...
[1755163021.285][INFO]: Done waiting for pending navigations. Status: ok
[1755163021.298][INFO]: Waiting for pending navigations...
[1755163021.299][INFO]: Done waiting for pending navigations. Status: ok
[1755163021.299][INFO]: [9525ab14013b9f10aa0f81426611405e] RESPONSE GetElementText "【天津】\n任职领导周转用房项目直接采购公示"
[1755163021.300][INFO]: [9525ab14013b9f10aa0f81426611405e] COMMAND GetElementText {
   "id": "f.495C356B0656AF67333FEFF3EE6D4D65.d.F9059DA95EF9E2AB62B058F1065C4DED.e.43"
}
[1755163021.300][INFO]: Waiting for pending navigations...
[1755163021.301][INFO]: Done waiting for pending navigations. Status: ok
[1755163021.311][INFO]: Waiting for pending navigations...
[1755163021.312][INFO]: Done waiting for pending navigations. Status: ok
[1755163021.312][INFO]: [9525ab14013b9f10aa0f81426611405e] RESPONSE GetElementText "2025-07-31"
[1755163021.313][INFO]: [9525ab14013b9f10aa0f81426611405e] COMMAND GetElementText {
   "id": "f.495C356B0656AF67333FEFF3EE6D4D65.d.F9059DA95EF9E2AB62B058F1065C4DED.e.44"
}
[1755163021.313][INFO]: Waiting for pending navigations...
[1755163021.314][INFO]: Done waiting for pending navigations. Status: ok
[1755163021.325][INFO]: Waiting for pending navigations...
[1755163021.326][INFO]: Done waiting for pending navigations. Status: ok
[1755163021.326][INFO]: [9525ab14013b9f10aa0f81426611405e] RESPONSE GetElementText "2025-08-03"
[1755163021.328][INFO]: [9525ab14013b9f10aa0f81426611405e] COMMAND GetElementText {
   "id": "f.495C356B0656AF67333FEFF3EE6D4D65.d.F9059DA95EF9E2AB62B058F1065C4DED.e.45"
}
[1755163021.328][INFO]: Waiting for pending navigations...
[1755163021.329][INFO]: Done waiting for pending navigations. Status: ok
[1755163021.339][INFO]: Waiting for pending navigations...
[1755163021.340][INFO]: Done waiting for pending navigations. Status: ok
[1755163021.340][INFO]: [9525ab14013b9f10aa0f81426611405e] RESPONSE GetElementText "2025-07-31"
[1755163021.342][INFO]: [9525ab14013b9f10aa0f81426611405e] COMMAND FindChildElements {
   "id": "f.495C356B0656AF67333FEFF3EE6D4D65.d.F9059DA95EF9E2AB62B058F1065C4DED.e.29",
   "using": "tag name",
   "value": "td"
}
[1755163021.342][INFO]: Waiting for pending navigations...
[1755163021.343][INFO]: Done waiting for pending navigations. Status: ok
[1755163021.353][INFO]: Waiting for pending navigations...
[1755163021.354][INFO]: Done waiting for pending navigations. Status: ok
[1755163021.354][INFO]: [9525ab14013b9f10aa0f81426611405e] RESPONSE FindChildElements [ {
   "element-6066-11e4-a52e-4f735466cecf": "f.495C356B0656AF67333FEFF3EE6D4D65.d.F9059DA95EF9E2AB62B058F1065C4DED.e.46"
}, {
   "element-6066-11e4-a52e-4f735466cecf": "f.495C356B0656AF67333FEFF3EE6D4D65.d.F9059DA95EF9E2AB62B058F1065C4DED.e.47"
}, {
   "element-6066-11e4-a52e-4f735466cecf": "f.495C356B0656AF67333FEFF3EE6D4D65.d.F9059DA95EF9E2AB62B058F1065C4DED.e.48"
}, {
   "element-6066-11e4-a52e-4f735466cecf": "f.495C356B0656AF67333FEFF3EE6D4D65.d.F9059DA95EF9E2AB62B058F1065C4DED.e.49"
} ]
[1755163021.356][INFO]: [9525ab14013b9f10aa0f81426611405e] COMMAND GetElementText {
   "id": "f.495C356B0656AF67333FEFF3EE6D4D65.d.F9059DA95EF9E2AB62B058F1065C4DED.e.46"
}
[1755163021.356][INFO]: Waiting for pending navigations...
[1755163021.357][INFO]: Done waiting for pending navigations. Status: ok
[1755163021.370][INFO]: Waiting for pending navigations...
[1755163021.371][INFO]: Done waiting for pending navigations. Status: ok
[1755163021.371][INFO]: [9525ab14013b9f10aa0f81426611405e] RESPONSE GetElementText "【天津】\n2025滨海分公司创展大厦机房用电协议"
[1755163021.373][INFO]: [9525ab14013b9f10aa0f81426611405e] COMMAND GetElementText {
   "id": "f.495C356B0656AF67333FEFF3EE6D4D65.d.F9059DA95EF9E2AB62B058F1065C4DED.e.46"
}
[1755163021.373][INFO]: Waiting for pending navigations...
[1755163021.374][INFO]: Done waiting for pending navigations. Status: ok
[1755163021.385][INFO]: Waiting for pending navigations...
[1755163021.385][INFO]: Done waiting for pending navigations. Status: ok
[1755163021.385][INFO]: [9525ab14013b9f10aa0f81426611405e] RESPONSE GetElementText "【天津】\n2025滨海分公司创展大厦机房用电协议"
[1755163021.387][INFO]: [9525ab14013b9f10aa0f81426611405e] COMMAND GetElementText {
   "id": "f.495C356B0656AF67333FEFF3EE6D4D65.d.F9059DA95EF9E2AB62B058F1065C4DED.e.47"
}
[1755163021.387][INFO]: Waiting for pending navigations...
[1755163021.388][INFO]: Done waiting for pending navigations. Status: ok
[1755163021.397][INFO]: Waiting for pending navigations...
[1755163021.397][INFO]: Done waiting for pending navigations. Status: ok
[1755163021.397][INFO]: [9525ab14013b9f10aa0f81426611405e] RESPONSE GetElementText "2025-07-31"
[1755163021.399][INFO]: [9525ab14013b9f10aa0f81426611405e] COMMAND GetElementText {
   "id": "f.495C356B0656AF67333FEFF3EE6D4D65.d.F9059DA95EF9E2AB62B058F1065C4DED.e.48"
}
[1755163021.399][INFO]: Waiting for pending navigations...
[1755163021.400][INFO]: Done waiting for pending navigations. Status: ok
[1755163021.408][INFO]: Waiting for pending navigations...
[1755163021.409][INFO]: Done waiting for pending navigations. Status: ok
[1755163021.409][INFO]: [9525ab14013b9f10aa0f81426611405e] RESPONSE GetElementText "2025-08-04"
[1755163021.410][INFO]: [9525ab14013b9f10aa0f81426611405e] COMMAND GetElementText {
   "id": "f.495C356B0656AF67333FEFF3EE6D4D65.d.F9059DA95EF9E2AB62B058F1065C4DED.e.49"
}
[1755163021.410][INFO]: Waiting for pending navigations...
[1755163021.411][INFO]: Done waiting for pending navigations. Status: ok
[1755163021.420][INFO]: Waiting for pending navigations...
[1755163021.421][INFO]: Done waiting for pending navigations. Status: ok
[1755163021.421][INFO]: [9525ab14013b9f10aa0f81426611405e] RESPONSE GetElementText "2025-07-31"
[1755163021.422][INFO]: [9525ab14013b9f10aa0f81426611405e] COMMAND FindElement {
   "using": "xpath",
   "value": "//button[contains(@class, 'btn-next')]"
}
[1755163021.422][INFO]: Waiting for pending navigations...
[1755163021.423][INFO]: Done waiting for pending navigations. Status: ok
[1755163021.430][INFO]: Waiting for pending navigations...
[1755163021.430][INFO]: Done waiting for pending navigations. Status: ok
[1755163021.431][INFO]: [9525ab14013b9f10aa0f81426611405e] RESPONSE FindElement {
   "element-6066-11e4-a52e-4f735466cecf": "f.495C356B0656AF67333FEFF3EE6D4D65.d.F9059DA95EF9E2AB62B058F1065C4DED.e.50"
}
[1755163021.432][INFO]: [9525ab14013b9f10aa0f81426611405e] COMMAND IsElementEnabled {
   "id": "f.495C356B0656AF67333FEFF3EE6D4D65.d.F9059DA95EF9E2AB62B058F1065C4DED.e.50"
}
[1755163021.432][INFO]: Waiting for pending navigations...
[1755163021.433][INFO]: Done waiting for pending navigations. Status: ok
[1755163021.439][INFO]: Waiting for pending navigations...
[1755163021.440][INFO]: Done waiting for pending navigations. Status: ok
[1755163021.440][INFO]: [9525ab14013b9f10aa0f81426611405e] RESPONSE IsElementEnabled true
[1755163021.442][INFO]: [9525ab14013b9f10aa0f81426611405e] COMMAND FindElement {
   "using": "xpath",
   "value": "//div[contains(@class, 'el-table__body-wrapper')]//tr[@class='el-table__row'][1]/td[1]"
}
[1755163021.442][INFO]: Waiting for pending navigations...
[1755163021.443][INFO]: Done waiting for pending navigations. Status: ok
[1755163021.450][INFO]: Waiting for pending navigations...
[1755163021.451][INFO]: Done waiting for pending navigations. Status: ok
[1755163021.451][INFO]: [9525ab14013b9f10aa0f81426611405e] RESPONSE FindElement {
   "element-6066-11e4-a52e-4f735466cecf": "f.495C356B0656AF67333FEFF3EE6D4D65.d.F9059DA95EF9E2AB62B058F1065C4DED.e.30"
}
[1755163021.452][INFO]: [9525ab14013b9f10aa0f81426611405e] COMMAND GetElementText {
   "id": "f.495C356B0656AF67333FEFF3EE6D4D65.d.F9059DA95EF9E2AB62B058F1065C4DED.e.30"
}
[1755163021.452][INFO]: Waiting for pending navigations...
[1755163021.453][INFO]: Done waiting for pending navigations. Status: ok
[1755163021.464][INFO]: Waiting for pending navigations...
[1755163021.464][INFO]: Done waiting for pending navigations. Status: ok
[1755163021.464][INFO]: [9525ab14013b9f10aa0f81426611405e] RESPONSE GetElementText "【天津】\n中国电信天津分公司2025年武清数据中心BA系统维保服务项目成交候选人公示"
[1755163021.466][INFO]: [9525ab14013b9f10aa0f81426611405e] COMMAND ExecuteScript {
   "args": [ {
      "element-6066-11e4-a52e-4f735466cecf": "f.495C356B0656AF67333FEFF3EE6D4D65.d.F9059DA95EF9E2AB62B058F1065C4DED.e.50"
   } ],
   "script": "arguments[0].click();"
}
[1755163021.466][INFO]: Waiting for pending navigations...
[1755163021.467][INFO]: Done waiting for pending navigations. Status: ok
[1755163021.496][INFO]: Waiting for pending navigations...
[1755163021.501][INFO]: Done waiting for pending navigations. Status: ok
[1755163021.501][INFO]: [9525ab14013b9f10aa0f81426611405e] RESPONSE ExecuteScript null
[1755163021.504][INFO]: [9525ab14013b9f10aa0f81426611405e] COMMAND FindElement {
   "using": "xpath",
   "value": "//div[contains(@class, 'el-table__body-wrapper')]//tr[@class='el-table__row'][1]/td[1]"
}
[1755163021.504][INFO]: Waiting for pending navigations...
[1755163021.505][INFO]: Done waiting for pending navigations. Status: ok
[1755163021.534][INFO]: Waiting for pending navigations...
[1755163021.537][INFO]: Done waiting for pending navigations. Status: ok
[1755163021.537][INFO]: [9525ab14013b9f10aa0f81426611405e] RESPONSE FindElement {
   "element-6066-11e4-a52e-4f735466cecf": "f.495C356B0656AF67333FEFF3EE6D4D65.d.F9059DA95EF9E2AB62B058F1065C4DED.e.30"
}
[1755163021.538][INFO]: [9525ab14013b9f10aa0f81426611405e] COMMAND GetElementText {
   "id": "f.495C356B0656AF67333FEFF3EE6D4D65.d.F9059DA95EF9E2AB62B058F1065C4DED.e.30"
}
[1755163021.538][INFO]: Waiting for pending navigations...
[1755163021.539][INFO]: Done waiting for pending navigations. Status: ok
[1755163021.550][INFO]: Waiting for pending navigations...
[1755163021.551][INFO]: Done waiting for pending navigations. Status: ok
[1755163021.551][INFO]: [9525ab14013b9f10aa0f81426611405e] RESPONSE GetElementText "【天津】\n中国电信天津分公司2025年武清数据中心BA系统维保服务项目成交候选人公示"
[1755163022.053][INFO]: [9525ab14013b9f10aa0f81426611405e] COMMAND FindElement {
   "using": "xpath",
   "value": "//div[contains(@class, 'el-table__body-wrapper')]//tr[@class='el-table__row'][1]/td[1]"
}
[1755163022.053][INFO]: Waiting for pending navigations...
[1755163022.054][INFO]: Done waiting for pending navigations. Status: ok
[1755163022.062][INFO]: Waiting for pending navigations...
[1755163022.063][INFO]: Done waiting for pending navigations. Status: ok
[1755163022.063][INFO]: [9525ab14013b9f10aa0f81426611405e] RESPONSE FindElement {
   "element-6066-11e4-a52e-4f735466cecf": "f.495C356B0656AF67333FEFF3EE6D4D65.d.F9059DA95EF9E2AB62B058F1065C4DED.e.30"
}
[1755163022.065][INFO]: [9525ab14013b9f10aa0f81426611405e] COMMAND GetElementText {
   "id": "f.495C356B0656AF67333FEFF3EE6D4D65.d.F9059DA95EF9E2AB62B058F1065C4DED.e.30"
}
[1755163022.065][INFO]: Waiting for pending navigations...
[1755163022.106][INFO]: Done waiting for pending navigations. Status: ok
[1755163022.132][INFO]: Waiting for pending navigations...
[1755163022.133][INFO]: Done waiting for pending navigations. Status: ok
[1755163022.133][INFO]: [9525ab14013b9f10aa0f81426611405e] RESPONSE GetElementText "【天津】\n2025年滨海分公司滨海万达广场商业室分电费协议"
[1755163022.135][INFO]: [9525ab14013b9f10aa0f81426611405e] COMMAND FindElement {
   "using": "css selector",
   "value": ".tableList"
}
[1755163022.135][INFO]: Waiting for pending navigations...
[1755163022.136][INFO]: Done waiting for pending navigations. Status: ok
[1755163022.142][INFO]: Waiting for pending navigations...
[1755163022.143][INFO]: Done waiting for pending navigations. Status: ok
[1755163022.143][INFO]: [9525ab14013b9f10aa0f81426611405e] RESPONSE FindElement {
   "element-6066-11e4-a52e-4f735466cecf": "f.495C356B0656AF67333FEFF3EE6D4D65.d.F9059DA95EF9E2AB62B058F1065C4DED.e.24"
}
[1755163022.145][INFO]: [9525ab14013b9f10aa0f81426611405e] COMMAND FindElements {
   "using": "xpath",
   "value": "//div[contains(@class, 'el-table__body-wrapper')]//tr[@class='el-table__row']"
}
[1755163022.145][INFO]: Waiting for pending navigations...
[1755163022.146][INFO]: Done waiting for pending navigations. Status: ok
[1755163022.154][INFO]: Waiting for pending navigations...
[1755163022.155][INFO]: Done waiting for pending navigations. Status: ok
[1755163022.156][INFO]: [9525ab14013b9f10aa0f81426611405e] RESPONSE FindElements [ {
   "element-6066-11e4-a52e-4f735466cecf": "f.495C356B0656AF67333FEFF3EE6D4D65.d.F9059DA95EF9E2AB62B058F1065C4DED.e.25"
}, {
   "element-6066-11e4-a52e-4f735466cecf": "f.495C356B0656AF67333FEFF3EE6D4D65.d.F9059DA95EF9E2AB62B058F1065C4DED.e.26"
}, {
   "element-6066-11e4-a52e-4f735466cecf": "f.495C356B0656AF67333FEFF3EE6D4D65.d.F9059DA95EF9E2AB62B058F1065C4DED.e.27"
}, {
   "element-6066-11e4-a52e-4f735466cecf": "f.495C356B0656AF67333FEFF3EE6D4D65.d.F9059DA95EF9E2AB62B058F1065C4DED.e.28"
}, {
   "element-6066-11e4-a52e-4f735466cecf": "f.495C356B0656AF67333FEFF3EE6D4D65.d.F9059DA95EF9E2AB62B058F1065C4DED.e.29"
} ]
[1755163022.157][INFO]: [9525ab14013b9f10aa0f81426611405e] COMMAND FindChildElements {
   "id": "f.495C356B0656AF67333FEFF3EE6D4D65.d.F9059DA95EF9E2AB62B058F1065C4DED.e.25",
   "using": "tag name",
   "value": "td"
}
[1755163022.157][INFO]: Waiting for pending navigations...
[1755163022.158][INFO]: Done waiting for pending navigations. Status: ok
[1755163022.166][INFO]: Waiting for pending navigations...
[1755163022.167][INFO]: Done waiting for pending navigations. Status: ok
[1755163022.168][INFO]: [9525ab14013b9f10aa0f81426611405e] RESPONSE FindChildElements [ {
   "element-6066-11e4-a52e-4f735466cecf": "f.495C356B0656AF67333FEFF3EE6D4D65.d.F9059DA95EF9E2AB62B058F1065C4DED.e.30"
}, {
   "element-6066-11e4-a52e-4f735466cecf": "f.495C356B0656AF67333FEFF3EE6D4D65.d.F9059DA95EF9E2AB62B058F1065C4DED.e.31"
}, {
   "element-6066-11e4-a52e-4f735466cecf": "f.495C356B0656AF67333FEFF3EE6D4D65.d.F9059DA95EF9E2AB62B058F1065C4DED.e.32"
}, {
   "element-6066-11e4-a52e-4f735466cecf": "f.495C356B0656AF67333FEFF3EE6D4D65.d.F9059DA95EF9E2AB62B058F1065C4DED.e.33"
} ]
[1755163022.169][INFO]: [9525ab14013b9f10aa0f81426611405e] COMMAND GetElementText {
   "id": "f.495C356B0656AF67333FEFF3EE6D4D65.d.F9059DA95EF9E2AB62B058F1065C4DED.e.30"
}
[1755163022.169][INFO]: Waiting for pending navigations...
[1755163022.170][INFO]: Done waiting for pending navigations. Status: ok
[1755163022.182][INFO]: Waiting for pending navigations...
[1755163022.183][INFO]: Done waiting for pending navigations. Status: ok
[1755163022.183][INFO]: [9525ab14013b9f10aa0f81426611405e] RESPONSE GetElementText "【天津】\n2025年滨海分公司滨海万达广场商业室分电费协议"
[1755163022.185][INFO]: [9525ab14013b9f10aa0f81426611405e] COMMAND GetElementText {
   "id": "f.495C356B0656AF67333FEFF3EE6D4D65.d.F9059DA95EF9E2AB62B058F1065C4DED.e.30"
}
[1755163022.185][INFO]: Waiting for pending navigations...
[1755163022.185][INFO]: Done waiting for pending navigations. Status: ok
[1755163022.196][INFO]: Waiting for pending navigations...
[1755163022.197][INFO]: Done waiting for pending navigations. Status: ok
[1755163022.197][INFO]: [9525ab14013b9f10aa0f81426611405e] RESPONSE GetElementText "【天津】\n2025年滨海分公司滨海万达广场商业室分电费协议"
[1755163022.199][INFO]: [9525ab14013b9f10aa0f81426611405e] COMMAND GetElementText {
   "id": "f.495C356B0656AF67333FEFF3EE6D4D65.d.F9059DA95EF9E2AB62B058F1065C4DED.e.31"
}
[1755163022.199][INFO]: Waiting for pending navigations...
[1755163022.200][INFO]: Done waiting for pending navigations. Status: ok
[1755163022.209][INFO]: Waiting for pending navigations...
[1755163022.210][INFO]: Done waiting for pending navigations. Status: ok
[1755163022.210][INFO]: [9525ab14013b9f10aa0f81426611405e] RESPONSE GetElementText "2025-07-31"
[1755163022.211][INFO]: [9525ab14013b9f10aa0f81426611405e] COMMAND GetElementText {
   "id": "f.495C356B0656AF67333FEFF3EE6D4D65.d.F9059DA95EF9E2AB62B058F1065C4DED.e.32"
}
[1755163022.211][INFO]: Waiting for pending navigations...
[1755163022.212][INFO]: Done waiting for pending navigations. Status: ok
[1755163022.221][INFO]: Waiting for pending navigations...
[1755163022.222][INFO]: Done waiting for pending navigations. Status: ok
[1755163022.222][INFO]: [9525ab14013b9f10aa0f81426611405e] RESPONSE GetElementText "2025-08-04"
[1755163022.224][INFO]: [9525ab14013b9f10aa0f81426611405e] COMMAND GetElementText {
   "id": "f.495C356B0656AF67333FEFF3EE6D4D65.d.F9059DA95EF9E2AB62B058F1065C4DED.e.33"
}
[1755163022.224][INFO]: Waiting for pending navigations...
[1755163022.225][INFO]: Done waiting for pending navigations. Status: ok
[1755163022.234][INFO]: Waiting for pending navigations...
[1755163022.234][INFO]: Done waiting for pending navigations. Status: ok
[1755163022.234][INFO]: [9525ab14013b9f10aa0f81426611405e] RESPONSE GetElementText "2025-07-31"
[1755163022.236][INFO]: [9525ab14013b9f10aa0f81426611405e] COMMAND FindChildElements {
   "id": "f.495C356B0656AF67333FEFF3EE6D4D65.d.F9059DA95EF9E2AB62B058F1065C4DED.e.26",
   "using": "tag name",
   "value": "td"
}
[1755163022.236][INFO]: Waiting for pending navigations...
[1755163022.237][INFO]: Done waiting for pending navigations. Status: ok
[1755163022.246][INFO]: Waiting for pending navigations...
[1755163022.247][INFO]: Done waiting for pending navigations. Status: ok
[1755163022.247][INFO]: [9525ab14013b9f10aa0f81426611405e] RESPONSE FindChildElements [ {
   "element-6066-11e4-a52e-4f735466cecf": "f.495C356B0656AF67333FEFF3EE6D4D65.d.F9059DA95EF9E2AB62B058F1065C4DED.e.34"
}, {
   "element-6066-11e4-a52e-4f735466cecf": "f.495C356B0656AF67333FEFF3EE6D4D65.d.F9059DA95EF9E2AB62B058F1065C4DED.e.35"
}, {
   "element-6066-11e4-a52e-4f735466cecf": "f.495C356B0656AF67333FEFF3EE6D4D65.d.F9059DA95EF9E2AB62B058F1065C4DED.e.36"
}, {
   "element-6066-11e4-a52e-4f735466cecf": "f.495C356B0656AF67333FEFF3EE6D4D65.d.F9059DA95EF9E2AB62B058F1065C4DED.e.37"
} ]
[1755163022.248][INFO]: [9525ab14013b9f10aa0f81426611405e] COMMAND GetElementText {
   "id": "f.495C356B0656AF67333FEFF3EE6D4D65.d.F9059DA95EF9E2AB62B058F1065C4DED.e.34"
}
[1755163022.248][INFO]: Waiting for pending navigations...
[1755163022.249][INFO]: Done waiting for pending navigations. Status: ok
[1755163022.259][INFO]: Waiting for pending navigations...
[1755163022.260][INFO]: Done waiting for pending navigations. Status: ok
[1755163022.260][INFO]: [9525ab14013b9f10aa0f81426611405e] RESPONSE GetElementText "【天津】\n2025年度天津海河传媒广告有限公司宣传合作项目直接采购公示"
[1755163022.261][INFO]: [9525ab14013b9f10aa0f81426611405e] COMMAND GetElementText {
   "id": "f.495C356B0656AF67333FEFF3EE6D4D65.d.F9059DA95EF9E2AB62B058F1065C4DED.e.34"
}
[1755163022.261][INFO]: Waiting for pending navigations...
[1755163022.262][INFO]: Done waiting for pending navigations. Status: ok
[1755163022.273][INFO]: Waiting for pending navigations...
[1755163022.274][INFO]: Done waiting for pending navigations. Status: ok
[1755163022.274][INFO]: [9525ab14013b9f10aa0f81426611405e] RESPONSE GetElementText "【天津】\n2025年度天津海河传媒广告有限公司宣传合作项目直接采购公示"
[1755163022.275][INFO]: [9525ab14013b9f10aa0f81426611405e] COMMAND GetElementText {
   "id": "f.495C356B0656AF67333FEFF3EE6D4D65.d.F9059DA95EF9E2AB62B058F1065C4DED.e.35"
}
[1755163022.275][INFO]: Waiting for pending navigations...
[1755163022.276][INFO]: Done waiting for pending navigations. Status: ok
[1755163022.286][INFO]: Waiting for pending navigations...
[1755163022.287][INFO]: Done waiting for pending navigations. Status: ok
[1755163022.287][INFO]: [9525ab14013b9f10aa0f81426611405e] RESPONSE GetElementText "2025-07-31"
[1755163022.288][INFO]: [9525ab14013b9f10aa0f81426611405e] COMMAND GetElementText {
   "id": "f.495C356B0656AF67333FEFF3EE6D4D65.d.F9059DA95EF9E2AB62B058F1065C4DED.e.36"
}
[1755163022.288][INFO]: Waiting for pending navigations...
[1755163022.289][INFO]: Done waiting for pending navigations. Status: ok
[1755163022.300][INFO]: Waiting for pending navigations...
[1755163022.301][INFO]: Done waiting for pending navigations. Status: ok
[1755163022.301][INFO]: [9525ab14013b9f10aa0f81426611405e] RESPONSE GetElementText "2025-08-04"
[1755163022.302][INFO]: [9525ab14013b9f10aa0f81426611405e] COMMAND GetElementText {
   "id": "f.495C356B0656AF67333FEFF3EE6D4D65.d.F9059DA95EF9E2AB62B058F1065C4DED.e.37"
}
[1755163022.302][INFO]: Waiting for pending navigations...
[1755163022.303][INFO]: Done waiting for pending navigations. Status: ok
[1755163022.312][INFO]: Waiting for pending navigations...
[1755163022.313][INFO]: Done waiting for pending navigations. Status: ok
[1755163022.313][INFO]: [9525ab14013b9f10aa0f81426611405e] RESPONSE GetElementText "2025-07-30"
[1755163022.315][INFO]: [9525ab14013b9f10aa0f81426611405e] COMMAND FindChildElements {
   "id": "f.495C356B0656AF67333FEFF3EE6D4D65.d.F9059DA95EF9E2AB62B058F1065C4DED.e.27",
   "using": "tag name",
   "value": "td"
}
[1755163022.315][INFO]: Waiting for pending navigations...
[1755163022.316][INFO]: Done waiting for pending navigations. Status: ok
[1755163022.325][INFO]: Waiting for pending navigations...
[1755163022.326][INFO]: Done waiting for pending navigations. Status: ok
[1755163022.326][INFO]: [9525ab14013b9f10aa0f81426611405e] RESPONSE FindChildElements [ {
   "element-6066-11e4-a52e-4f735466cecf": "f.495C356B0656AF67333FEFF3EE6D4D65.d.F9059DA95EF9E2AB62B058F1065C4DED.e.38"
}, {
   "element-6066-11e4-a52e-4f735466cecf": "f.495C356B0656AF67333FEFF3EE6D4D65.d.F9059DA95EF9E2AB62B058F1065C4DED.e.39"
}, {
   "element-6066-11e4-a52e-4f735466cecf": "f.495C356B0656AF67333FEFF3EE6D4D65.d.F9059DA95EF9E2AB62B058F1065C4DED.e.40"
}, {
   "element-6066-11e4-a52e-4f735466cecf": "f.495C356B0656AF67333FEFF3EE6D4D65.d.F9059DA95EF9E2AB62B058F1065C4DED.e.41"
} ]
[1755163022.327][INFO]: [9525ab14013b9f10aa0f81426611405e] COMMAND GetElementText {
   "id": "f.495C356B0656AF67333FEFF3EE6D4D65.d.F9059DA95EF9E2AB62B058F1065C4DED.e.38"
}
[1755163022.327][INFO]: Waiting for pending navigations...
[1755163022.329][INFO]: Done waiting for pending navigations. Status: ok
[1755163022.340][INFO]: Waiting for pending navigations...
[1755163022.341][INFO]: Done waiting for pending navigations. Status: ok
[1755163022.341][INFO]: [9525ab14013b9f10aa0f81426611405e] RESPONSE GetElementText "【天津】\n中国电信天津分公司2025年室外光缆集团集采过渡期省采框架采购项目的询比公告"
[1755163022.343][INFO]: [9525ab14013b9f10aa0f81426611405e] COMMAND GetElementText {
   "id": "f.495C356B0656AF67333FEFF3EE6D4D65.d.F9059DA95EF9E2AB62B058F1065C4DED.e.38"
}
[1755163022.343][INFO]: Waiting for pending navigations...
[1755163022.344][INFO]: Done waiting for pending navigations. Status: ok
[1755163022.354][INFO]: Waiting for pending navigations...
[1755163022.355][INFO]: Done waiting for pending navigations. Status: ok
[1755163022.355][INFO]: [9525ab14013b9f10aa0f81426611405e] RESPONSE GetElementText "【天津】\n中国电信天津分公司2025年室外光缆集团集采过渡期省采框架采购项目的询比公告"
[1755163022.357][INFO]: [9525ab14013b9f10aa0f81426611405e] COMMAND GetElementText {
   "id": "f.495C356B0656AF67333FEFF3EE6D4D65.d.F9059DA95EF9E2AB62B058F1065C4DED.e.39"
}
[1755163022.357][INFO]: Waiting for pending navigations...
[1755163022.358][INFO]: Done waiting for pending navigations. Status: ok
[1755163022.368][INFO]: Waiting for pending navigations...
[1755163022.369][INFO]: Done waiting for pending navigations. Status: ok
[1755163022.369][INFO]: [9525ab14013b9f10aa0f81426611405e] RESPONSE GetElementText "2025-07-31"
[1755163022.370][INFO]: [9525ab14013b9f10aa0f81426611405e] COMMAND GetElementText {
   "id": "f.495C356B0656AF67333FEFF3EE6D4D65.d.F9059DA95EF9E2AB62B058F1065C4DED.e.40"
}
[1755163022.370][INFO]: Waiting for pending navigations...
[1755163022.371][INFO]: Done waiting for pending navigations. Status: ok
[1755163022.382][INFO]: Waiting for pending navigations...
[1755163022.383][INFO]: Done waiting for pending navigations. Status: ok
[1755163022.383][INFO]: [9525ab14013b9f10aa0f81426611405e] RESPONSE GetElementText "2025-08-04"
[1755163022.385][INFO]: [9525ab14013b9f10aa0f81426611405e] COMMAND GetElementText {
   "id": "f.495C356B0656AF67333FEFF3EE6D4D65.d.F9059DA95EF9E2AB62B058F1065C4DED.e.41"
}
[1755163022.385][INFO]: Waiting for pending navigations...
[1755163022.386][INFO]: Done waiting for pending navigations. Status: ok
[1755163022.396][INFO]: Waiting for pending navigations...
[1755163022.397][INFO]: Done waiting for pending navigations. Status: ok
[1755163022.397][INFO]: [9525ab14013b9f10aa0f81426611405e] RESPONSE GetElementText "2025-07-30"
[1755163022.398][INFO]: [9525ab14013b9f10aa0f81426611405e] COMMAND FindChildElements {
   "id": "f.495C356B0656AF67333FEFF3EE6D4D65.d.F9059DA95EF9E2AB62B058F1065C4DED.e.28",
   "using": "tag name",
   "value": "td"
}
[1755163022.398][INFO]: Waiting for pending navigations...
[1755163022.399][INFO]: Done waiting for pending navigations. Status: ok
[1755163022.408][INFO]: Waiting for pending navigations...
[1755163022.409][INFO]: Done waiting for pending navigations. Status: ok
[1755163022.409][INFO]: [9525ab14013b9f10aa0f81426611405e] RESPONSE FindChildElements [ {
   "element-6066-11e4-a52e-4f735466cecf": "f.495C356B0656AF67333FEFF3EE6D4D65.d.F9059DA95EF9E2AB62B058F1065C4DED.e.42"
}, {
   "element-6066-11e4-a52e-4f735466cecf": "f.495C356B0656AF67333FEFF3EE6D4D65.d.F9059DA95EF9E2AB62B058F1065C4DED.e.43"
}, {
   "element-6066-11e4-a52e-4f735466cecf": "f.495C356B0656AF67333FEFF3EE6D4D65.d.F9059DA95EF9E2AB62B058F1065C4DED.e.44"
}, {
   "element-6066-11e4-a52e-4f735466cecf": "f.495C356B0656AF67333FEFF3EE6D4D65.d.F9059DA95EF9E2AB62B058F1065C4DED.e.45"
} ]
[1755163022.410][INFO]: [9525ab14013b9f10aa0f81426611405e] COMMAND GetElementText {
   "id": "f.495C356B0656AF67333FEFF3EE6D4D65.d.F9059DA95EF9E2AB62B058F1065C4DED.e.42"
}
[1755163022.410][INFO]: Waiting for pending navigations...
[1755163022.411][INFO]: Done waiting for pending navigations. Status: ok
[1755163022.422][INFO]: Waiting for pending navigations...
[1755163022.423][INFO]: Done waiting for pending navigations. Status: ok
[1755163022.423][INFO]: [9525ab14013b9f10aa0f81426611405e] RESPONSE GetElementText "【天津】\n中国电信天津分公司2025年风控扩容工程项目询比公告"
[1755163022.425][INFO]: [9525ab14013b9f10aa0f81426611405e] COMMAND GetElementText {
   "id": "f.495C356B0656AF67333FEFF3EE6D4D65.d.F9059DA95EF9E2AB62B058F1065C4DED.e.42"
}
[1755163022.425][INFO]: Waiting for pending navigations...
[1755163022.426][INFO]: Done waiting for pending navigations. Status: ok
[1755163022.441][INFO]: Waiting for pending navigations...
[1755163022.441][INFO]: Done waiting for pending navigations. Status: ok
[1755163022.441][INFO]: [9525ab14013b9f10aa0f81426611405e] RESPONSE GetElementText "【天津】\n中国电信天津分公司2025年风控扩容工程项目询比公告"
[1755163022.443][INFO]: [9525ab14013b9f10aa0f81426611405e] COMMAND GetElementText {
   "id": "f.495C356B0656AF67333FEFF3EE6D4D65.d.F9059DA95EF9E2AB62B058F1065C4DED.e.43"
}
[1755163022.443][INFO]: Waiting for pending navigations...
[1755163022.444][INFO]: Done waiting for pending navigations. Status: ok
[1755163022.454][INFO]: Waiting for pending navigations...
[1755163022.454][INFO]: Done waiting for pending navigations. Status: ok
[1755163022.454][INFO]: [9525ab14013b9f10aa0f81426611405e] RESPONSE GetElementText "2025-07-30"
[1755163022.456][INFO]: [9525ab14013b9f10aa0f81426611405e] COMMAND GetElementText {
   "id": "f.495C356B0656AF67333FEFF3EE6D4D65.d.F9059DA95EF9E2AB62B058F1065C4DED.e.44"
}
[1755163022.456][INFO]: Waiting for pending navigations...
[1755163022.457][INFO]: Done waiting for pending navigations. Status: ok
[1755163022.467][INFO]: Waiting for pending navigations...
[1755163022.468][INFO]: Done waiting for pending navigations. Status: ok
[1755163022.468][INFO]: [9525ab14013b9f10aa0f81426611405e] RESPONSE GetElementText "2025-08-04"
[1755163022.469][INFO]: [9525ab14013b9f10aa0f81426611405e] COMMAND GetElementText {
   "id": "f.495C356B0656AF67333FEFF3EE6D4D65.d.F9059DA95EF9E2AB62B058F1065C4DED.e.45"
}
[1755163022.469][INFO]: Waiting for pending navigations...
[1755163022.470][INFO]: Done waiting for pending navigations. Status: ok
[1755163022.481][INFO]: Waiting for pending navigations...
[1755163022.481][INFO]: Done waiting for pending navigations. Status: ok
[1755163022.481][INFO]: [9525ab14013b9f10aa0f81426611405e] RESPONSE GetElementText "2025-07-30"
[1755163022.483][INFO]: [9525ab14013b9f10aa0f81426611405e] COMMAND FindChildElements {
   "id": "f.495C356B0656AF67333FEFF3EE6D4D65.d.F9059DA95EF9E2AB62B058F1065C4DED.e.29",
   "using": "tag name",
   "value": "td"
}
[1755163022.483][INFO]: Waiting for pending navigations...
[1755163022.484][INFO]: Done waiting for pending navigations. Status: ok
[1755163022.492][INFO]: Waiting for pending navigations...
[1755163022.492][INFO]: Done waiting for pending navigations. Status: ok
[1755163022.492][INFO]: [9525ab14013b9f10aa0f81426611405e] RESPONSE FindChildElements [ {
   "element-6066-11e4-a52e-4f735466cecf": "f.495C356B0656AF67333FEFF3EE6D4D65.d.F9059DA95EF9E2AB62B058F1065C4DED.e.46"
}, {
   "element-6066-11e4-a52e-4f735466cecf": "f.495C356B0656AF67333FEFF3EE6D4D65.d.F9059DA95EF9E2AB62B058F1065C4DED.e.47"
}, {
   "element-6066-11e4-a52e-4f735466cecf": "f.495C356B0656AF67333FEFF3EE6D4D65.d.F9059DA95EF9E2AB62B058F1065C4DED.e.48"
}, {
   "element-6066-11e4-a52e-4f735466cecf": "f.495C356B0656AF67333FEFF3EE6D4D65.d.F9059DA95EF9E2AB62B058F1065C4DED.e.49"
} ]
[1755163022.494][INFO]: [9525ab14013b9f10aa0f81426611405e] COMMAND GetElementText {
   "id": "f.495C356B0656AF67333FEFF3EE6D4D65.d.F9059DA95EF9E2AB62B058F1065C4DED.e.46"
}
[1755163022.494][INFO]: Waiting for pending navigations...
[1755163022.495][INFO]: Done waiting for pending navigations. Status: ok
[1755163022.505][INFO]: Waiting for pending navigations...
[1755163022.506][INFO]: Done waiting for pending navigations. Status: ok
[1755163022.506][INFO]: [9525ab14013b9f10aa0f81426611405e] RESPONSE GetElementText "【天津】\n中国电信天津分公司（武清爱车汇地下车库）室内分布系统覆盖协议"
[1755163022.507][INFO]: [9525ab14013b9f10aa0f81426611405e] COMMAND GetElementText {
   "id": "f.495C356B0656AF67333FEFF3EE6D4D65.d.F9059DA95EF9E2AB62B058F1065C4DED.e.46"
}
[1755163022.507][INFO]: Waiting for pending navigations...
[1755163022.508][INFO]: Done waiting for pending navigations. Status: ok
[1755163022.518][INFO]: Waiting for pending navigations...
[1755163022.519][INFO]: Done waiting for pending navigations. Status: ok
[1755163022.519][INFO]: [9525ab14013b9f10aa0f81426611405e] RESPONSE GetElementText "【天津】\n中国电信天津分公司（武清爱车汇地下车库）室内分布系统覆盖协议"
[1755163022.521][INFO]: [9525ab14013b9f10aa0f81426611405e] COMMAND GetElementText {
   "id": "f.495C356B0656AF67333FEFF3EE6D4D65.d.F9059DA95EF9E2AB62B058F1065C4DED.e.47"
}
[1755163022.521][INFO]: Waiting for pending navigations...
[1755163022.522][INFO]: Done waiting for pending navigations. Status: ok
[1755163022.531][INFO]: Waiting for pending navigations...
[1755163022.531][INFO]: Done waiting for pending navigations. Status: ok
[1755163022.531][INFO]: [9525ab14013b9f10aa0f81426611405e] RESPONSE GetElementText "2025-07-30"
[1755163022.533][INFO]: [9525ab14013b9f10aa0f81426611405e] COMMAND GetElementText {
   "id": "f.495C356B0656AF67333FEFF3EE6D4D65.d.F9059DA95EF9E2AB62B058F1065C4DED.e.48"
}
[1755163022.533][INFO]: Waiting for pending navigations...
[1755163022.534][INFO]: Done waiting for pending navigations. Status: ok
[1755163022.543][INFO]: Waiting for pending navigations...
[1755163022.544][INFO]: Done waiting for pending navigations. Status: ok
[1755163022.544][INFO]: [9525ab14013b9f10aa0f81426611405e] RESPONSE GetElementText "2025-08-01"
[1755163022.546][INFO]: [9525ab14013b9f10aa0f81426611405e] COMMAND GetElementText {
   "id": "f.495C356B0656AF67333FEFF3EE6D4D65.d.F9059DA95EF9E2AB62B058F1065C4DED.e.49"
}
[1755163022.546][INFO]: Waiting for pending navigations...
[1755163022.546][INFO]: Done waiting for pending navigations. Status: ok
[1755163022.556][INFO]: Waiting for pending navigations...
[1755163022.557][INFO]: Done waiting for pending navigations. Status: ok
[1755163022.557][INFO]: [9525ab14013b9f10aa0f81426611405e] RESPONSE GetElementText "2025-07-29"
[1755163022.558][INFO]: [9525ab14013b9f10aa0f81426611405e] COMMAND FindElement {
   "using": "xpath",
   "value": "//button[contains(@class, 'btn-next')]"
}
[1755163022.558][INFO]: Waiting for pending navigations...
[1755163022.559][INFO]: Done waiting for pending navigations. Status: ok
[1755163022.566][INFO]: Waiting for pending navigations...
[1755163022.567][INFO]: Done waiting for pending navigations. Status: ok
[1755163022.567][INFO]: [9525ab14013b9f10aa0f81426611405e] RESPONSE FindElement {
   "element-6066-11e4-a52e-4f735466cecf": "f.495C356B0656AF67333FEFF3EE6D4D65.d.F9059DA95EF9E2AB62B058F1065C4DED.e.50"
}
[1755163022.568][INFO]: [9525ab14013b9f10aa0f81426611405e] COMMAND IsElementEnabled {
   "id": "f.495C356B0656AF67333FEFF3EE6D4D65.d.F9059DA95EF9E2AB62B058F1065C4DED.e.50"
}
[1755163022.568][INFO]: Waiting for pending navigations...
[1755163022.569][INFO]: Done waiting for pending navigations. Status: ok
[1755163022.576][INFO]: Waiting for pending navigations...
[1755163022.577][INFO]: Done waiting for pending navigations. Status: ok
[1755163022.577][INFO]: [9525ab14013b9f10aa0f81426611405e] RESPONSE IsElementEnabled true
[1755163022.578][INFO]: [9525ab14013b9f10aa0f81426611405e] COMMAND FindElement {
   "using": "xpath",
   "value": "//div[contains(@class, 'el-table__body-wrapper')]//tr[@class='el-table__row'][1]/td[1]"
}
[1755163022.578][INFO]: Waiting for pending navigations...
[1755163022.579][INFO]: Done waiting for pending navigations. Status: ok
[1755163022.586][INFO]: Waiting for pending navigations...
[1755163022.587][INFO]: Done waiting for pending navigations. Status: ok
[1755163022.587][INFO]: [9525ab14013b9f10aa0f81426611405e] RESPONSE FindElement {
   "element-6066-11e4-a52e-4f735466cecf": "f.495C356B0656AF67333FEFF3EE6D4D65.d.F9059DA95EF9E2AB62B058F1065C4DED.e.30"
}
[1755163022.589][INFO]: [9525ab14013b9f10aa0f81426611405e] COMMAND GetElementText {
   "id": "f.495C356B0656AF67333FEFF3EE6D4D65.d.F9059DA95EF9E2AB62B058F1065C4DED.e.30"
}
[1755163022.589][INFO]: Waiting for pending navigations...
[1755163022.590][INFO]: Done waiting for pending navigations. Status: ok
[1755163022.602][INFO]: Waiting for pending navigations...
[1755163022.603][INFO]: Done waiting for pending navigations. Status: ok
[1755163022.603][INFO]: [9525ab14013b9f10aa0f81426611405e] RESPONSE GetElementText "【天津】\n2025年滨海分公司滨海万达广场商业室分电费协议"
[1755163022.604][INFO]: [9525ab14013b9f10aa0f81426611405e] COMMAND ExecuteScript {
   "args": [ {
      "element-6066-11e4-a52e-4f735466cecf": "f.495C356B0656AF67333FEFF3EE6D4D65.d.F9059DA95EF9E2AB62B058F1065C4DED.e.50"
   } ],
   "script": "arguments[0].click();"
}
[1755163022.604][INFO]: Waiting for pending navigations...
[1755163022.605][INFO]: Done waiting for pending navigations. Status: ok
[1755163022.641][INFO]: Waiting for pending navigations...
[1755163022.646][INFO]: Done waiting for pending navigations. Status: ok
[1755163022.646][INFO]: [9525ab14013b9f10aa0f81426611405e] RESPONSE ExecuteScript null
[1755163022.647][INFO]: [9525ab14013b9f10aa0f81426611405e] COMMAND FindElement {
   "using": "xpath",
   "value": "//div[contains(@class, 'el-table__body-wrapper')]//tr[@class='el-table__row'][1]/td[1]"
}
[1755163022.647][INFO]: Waiting for pending navigations...
[1755163022.650][INFO]: Done waiting for pending navigations. Status: ok
[1755163022.659][INFO]: Waiting for pending navigations...
[1755163022.659][INFO]: Done waiting for pending navigations. Status: ok
[1755163022.659][INFO]: [9525ab14013b9f10aa0f81426611405e] RESPONSE FindElement {
   "element-6066-11e4-a52e-4f735466cecf": "f.495C356B0656AF67333FEFF3EE6D4D65.d.F9059DA95EF9E2AB62B058F1065C4DED.e.30"
}
[1755163022.661][INFO]: [9525ab14013b9f10aa0f81426611405e] COMMAND GetElementText {
   "id": "f.495C356B0656AF67333FEFF3EE6D4D65.d.F9059DA95EF9E2AB62B058F1065C4DED.e.30"
}
[1755163022.661][INFO]: Waiting for pending navigations...
[1755163022.663][INFO]: Done waiting for pending navigations. Status: ok
[1755163022.673][INFO]: Waiting for pending navigations...
[1755163022.674][INFO]: Done waiting for pending navigations. Status: ok
[1755163022.674][INFO]: [9525ab14013b9f10aa0f81426611405e] RESPONSE GetElementText "【天津】\n2025年滨海分公司滨海万达广场商业室分电费协议"
[1755163023.176][INFO]: [9525ab14013b9f10aa0f81426611405e] COMMAND FindElement {
   "using": "xpath",
   "value": "//div[contains(@class, 'el-table__body-wrapper')]//tr[@class='el-table__row'][1]/td[1]"
}
[1755163023.176][INFO]: Waiting for pending navigations...
[1755163023.177][INFO]: Done waiting for pending navigations. Status: ok
[1755163023.185][INFO]: Waiting for pending navigations...
[1755163023.226][INFO]: Done waiting for pending navigations. Status: ok
[1755163023.226][INFO]: [9525ab14013b9f10aa0f81426611405e] RESPONSE FindElement {
   "element-6066-11e4-a52e-4f735466cecf": "f.495C356B0656AF67333FEFF3EE6D4D65.d.F9059DA95EF9E2AB62B058F1065C4DED.e.30"
}
[1755163023.228][INFO]: [9525ab14013b9f10aa0f81426611405e] COMMAND GetElementText {
   "id": "f.495C356B0656AF67333FEFF3EE6D4D65.d.F9059DA95EF9E2AB62B058F1065C4DED.e.30"
}
[1755163023.228][INFO]: Waiting for pending navigations...
[1755163023.238][INFO]: Done waiting for pending navigations. Status: ok
[1755163023.252][INFO]: Waiting for pending navigations...
[1755163023.253][INFO]: Done waiting for pending navigations. Status: ok
[1755163023.253][INFO]: [9525ab14013b9f10aa0f81426611405e] RESPONSE GetElementText "【天津】\n关于[2025年北辰分公司北辰李家房子方舱用电协议]单一来源采购公示"
[1755163023.255][INFO]: [9525ab14013b9f10aa0f81426611405e] COMMAND FindElement {
   "using": "css selector",
   "value": ".tableList"
}
[1755163023.255][INFO]: Waiting for pending navigations...
[1755163023.256][INFO]: Done waiting for pending navigations. Status: ok
[1755163023.263][INFO]: Waiting for pending navigations...
[1755163023.263][INFO]: Done waiting for pending navigations. Status: ok
[1755163023.263][INFO]: [9525ab14013b9f10aa0f81426611405e] RESPONSE FindElement {
   "element-6066-11e4-a52e-4f735466cecf": "f.495C356B0656AF67333FEFF3EE6D4D65.d.F9059DA95EF9E2AB62B058F1065C4DED.e.24"
}
[1755163023.265][INFO]: [9525ab14013b9f10aa0f81426611405e] COMMAND FindElements {
   "using": "xpath",
   "value": "//div[contains(@class, 'el-table__body-wrapper')]//tr[@class='el-table__row']"
}
[1755163023.265][INFO]: Waiting for pending navigations...
[1755163023.266][INFO]: Done waiting for pending navigations. Status: ok
[1755163023.274][INFO]: Waiting for pending navigations...
[1755163023.274][INFO]: Done waiting for pending navigations. Status: ok
[1755163023.274][INFO]: [9525ab14013b9f10aa0f81426611405e] RESPONSE FindElements [ {
   "element-6066-11e4-a52e-4f735466cecf": "f.495C356B0656AF67333FEFF3EE6D4D65.d.F9059DA95EF9E2AB62B058F1065C4DED.e.25"
}, {
   "element-6066-11e4-a52e-4f735466cecf": "f.495C356B0656AF67333FEFF3EE6D4D65.d.F9059DA95EF9E2AB62B058F1065C4DED.e.26"
}, {
   "element-6066-11e4-a52e-4f735466cecf": "f.495C356B0656AF67333FEFF3EE6D4D65.d.F9059DA95EF9E2AB62B058F1065C4DED.e.27"
}, {
   "element-6066-11e4-a52e-4f735466cecf": "f.495C356B0656AF67333FEFF3EE6D4D65.d.F9059DA95EF9E2AB62B058F1065C4DED.e.28"
}, {
   "element-6066-11e4-a52e-4f735466cecf": "f.495C356B0656AF67333FEFF3EE6D4D65.d.F9059DA95EF9E2AB62B058F1065C4DED.e.29"
} ]
[1755163023.276][INFO]: [9525ab14013b9f10aa0f81426611405e] COMMAND FindChildElements {
   "id": "f.495C356B0656AF67333FEFF3EE6D4D65.d.F9059DA95EF9E2AB62B058F1065C4DED.e.25",
   "using": "tag name",
   "value": "td"
}
[1755163023.276][INFO]: Waiting for pending navigations...
[1755163023.277][INFO]: Done waiting for pending navigations. Status: ok
[1755163023.285][INFO]: Waiting for pending navigations...
[1755163023.286][INFO]: Done waiting for pending navigations. Status: ok
[1755163023.286][INFO]: [9525ab14013b9f10aa0f81426611405e] RESPONSE FindChildElements [ {
   "element-6066-11e4-a52e-4f735466cecf": "f.495C356B0656AF67333FEFF3EE6D4D65.d.F9059DA95EF9E2AB62B058F1065C4DED.e.30"
}, {
   "element-6066-11e4-a52e-4f735466cecf": "f.495C356B0656AF67333FEFF3EE6D4D65.d.F9059DA95EF9E2AB62B058F1065C4DED.e.31"
}, {
   "element-6066-11e4-a52e-4f735466cecf": "f.495C356B0656AF67333FEFF3EE6D4D65.d.F9059DA95EF9E2AB62B058F1065C4DED.e.32"
}, {
   "element-6066-11e4-a52e-4f735466cecf": "f.495C356B0656AF67333FEFF3EE6D4D65.d.F9059DA95EF9E2AB62B058F1065C4DED.e.33"
} ]
[1755163023.287][INFO]: [9525ab14013b9f10aa0f81426611405e] COMMAND GetElementText {
   "id": "f.495C356B0656AF67333FEFF3EE6D4D65.d.F9059DA95EF9E2AB62B058F1065C4DED.e.30"
}
[1755163023.287][INFO]: Waiting for pending navigations...
[1755163023.288][INFO]: Done waiting for pending navigations. Status: ok
[1755163023.299][INFO]: Waiting for pending navigations...
[1755163023.300][INFO]: Done waiting for pending navigations. Status: ok
[1755163023.300][INFO]: [9525ab14013b9f10aa0f81426611405e] RESPONSE GetElementText "【天津】\n关于[2025年北辰分公司北辰李家房子方舱用电协议]单一来源采购公示"
[1755163023.301][INFO]: [9525ab14013b9f10aa0f81426611405e] COMMAND GetElementText {
   "id": "f.495C356B0656AF67333FEFF3EE6D4D65.d.F9059DA95EF9E2AB62B058F1065C4DED.e.30"
}
[1755163023.301][INFO]: Waiting for pending navigations...
[1755163023.302][INFO]: Done waiting for pending navigations. Status: ok
[1755163023.313][INFO]: Waiting for pending navigations...
[1755163023.314][INFO]: Done waiting for pending navigations. Status: ok
[1755163023.314][INFO]: [9525ab14013b9f10aa0f81426611405e] RESPONSE GetElementText "【天津】\n关于[2025年北辰分公司北辰李家房子方舱用电协议]单一来源采购公示"
[1755163023.315][INFO]: [9525ab14013b9f10aa0f81426611405e] COMMAND GetElementText {
   "id": "f.495C356B0656AF67333FEFF3EE6D4D65.d.F9059DA95EF9E2AB62B058F1065C4DED.e.31"
}
[1755163023.315][INFO]: Waiting for pending navigations...
[1755163023.316][INFO]: Done waiting for pending navigations. Status: ok
[1755163023.325][INFO]: Waiting for pending navigations...
[1755163023.326][INFO]: Done waiting for pending navigations. Status: ok
[1755163023.326][INFO]: [9525ab14013b9f10aa0f81426611405e] RESPONSE GetElementText "2025-07-30"
[1755163023.327][INFO]: [9525ab14013b9f10aa0f81426611405e] COMMAND GetElementText {
   "id": "f.495C356B0656AF67333FEFF3EE6D4D65.d.F9059DA95EF9E2AB62B058F1065C4DED.e.32"
}
[1755163023.327][INFO]: Waiting for pending navigations...
[1755163023.329][INFO]: Done waiting for pending navigations. Status: ok
[1755163023.338][INFO]: Waiting for pending navigations...
[1755163023.339][INFO]: Done waiting for pending navigations. Status: ok
[1755163023.339][INFO]: [9525ab14013b9f10aa0f81426611405e] RESPONSE GetElementText "2025-08-04"
[1755163023.341][INFO]: [9525ab14013b9f10aa0f81426611405e] COMMAND GetElementText {
   "id": "f.495C356B0656AF67333FEFF3EE6D4D65.d.F9059DA95EF9E2AB62B058F1065C4DED.e.33"
}
[1755163023.341][INFO]: Waiting for pending navigations...
[1755163023.342][INFO]: Done waiting for pending navigations. Status: ok
[1755163023.352][INFO]: Waiting for pending navigations...
[1755163023.352][INFO]: Done waiting for pending navigations. Status: ok
[1755163023.352][INFO]: [9525ab14013b9f10aa0f81426611405e] RESPONSE GetElementText "2025-07-29"
[1755163023.354][INFO]: [9525ab14013b9f10aa0f81426611405e] COMMAND FindChildElements {
   "id": "f.495C356B0656AF67333FEFF3EE6D4D65.d.F9059DA95EF9E2AB62B058F1065C4DED.e.26",
   "using": "tag name",
   "value": "td"
}
[1755163023.354][INFO]: Waiting for pending navigations...
[1755163023.355][INFO]: Done waiting for pending navigations. Status: ok
[1755163023.363][INFO]: Waiting for pending navigations...
[1755163023.363][INFO]: Done waiting for pending navigations. Status: ok
[1755163023.363][INFO]: [9525ab14013b9f10aa0f81426611405e] RESPONSE FindChildElements [ {
   "element-6066-11e4-a52e-4f735466cecf": "f.495C356B0656AF67333FEFF3EE6D4D65.d.F9059DA95EF9E2AB62B058F1065C4DED.e.34"
}, {
   "element-6066-11e4-a52e-4f735466cecf": "f.495C356B0656AF67333FEFF3EE6D4D65.d.F9059DA95EF9E2AB62B058F1065C4DED.e.35"
}, {
   "element-6066-11e4-a52e-4f735466cecf": "f.495C356B0656AF67333FEFF3EE6D4D65.d.F9059DA95EF9E2AB62B058F1065C4DED.e.36"
}, {
   "element-6066-11e4-a52e-4f735466cecf": "f.495C356B0656AF67333FEFF3EE6D4D65.d.F9059DA95EF9E2AB62B058F1065C4DED.e.37"
} ]
[1755163023.365][INFO]: [9525ab14013b9f10aa0f81426611405e] COMMAND GetElementText {
   "id": "f.495C356B0656AF67333FEFF3EE6D4D65.d.F9059DA95EF9E2AB62B058F1065C4DED.e.34"
}
[1755163023.365][INFO]: Waiting for pending navigations...
[1755163023.366][INFO]: Done waiting for pending navigations. Status: ok
[1755163023.376][INFO]: Waiting for pending navigations...
[1755163023.377][INFO]: Done waiting for pending navigations. Status: ok
[1755163023.377][INFO]: [9525ab14013b9f10aa0f81426611405e] RESPONSE GetElementText "【天津】\n2025-2027年宁河分公司宁河柏林雅墅室内分布系统覆盖用电项目直接采购公示"
[1755163023.378][INFO]: [9525ab14013b9f10aa0f81426611405e] COMMAND GetElementText {
   "id": "f.495C356B0656AF67333FEFF3EE6D4D65.d.F9059DA95EF9E2AB62B058F1065C4DED.e.34"
}
[1755163023.378][INFO]: Waiting for pending navigations...
[1755163023.379][INFO]: Done waiting for pending navigations. Status: ok
[1755163023.388][INFO]: Waiting for pending navigations...
[1755163023.389][INFO]: Done waiting for pending navigations. Status: ok
[1755163023.389][INFO]: [9525ab14013b9f10aa0f81426611405e] RESPONSE GetElementText "【天津】\n2025-2027年宁河分公司宁河柏林雅墅室内分布系统覆盖用电项目直接采购公示"
[1755163023.390][INFO]: [9525ab14013b9f10aa0f81426611405e] COMMAND GetElementText {
   "id": "f.495C356B0656AF67333FEFF3EE6D4D65.d.F9059DA95EF9E2AB62B058F1065C4DED.e.35"
}
[1755163023.390][INFO]: Waiting for pending navigations...
[1755163023.391][INFO]: Done waiting for pending navigations. Status: ok
[1755163023.400][INFO]: Waiting for pending navigations...
[1755163023.400][INFO]: Done waiting for pending navigations. Status: ok
[1755163023.400][INFO]: [9525ab14013b9f10aa0f81426611405e] RESPONSE GetElementText "2025-07-29"
[1755163023.401][INFO]: [9525ab14013b9f10aa0f81426611405e] COMMAND GetElementText {
   "id": "f.495C356B0656AF67333FEFF3EE6D4D65.d.F9059DA95EF9E2AB62B058F1065C4DED.e.36"
}
[1755163023.401][INFO]: Waiting for pending navigations...
[1755163023.402][INFO]: Done waiting for pending navigations. Status: ok
[1755163023.410][INFO]: Waiting for pending navigations...
[1755163023.411][INFO]: Done waiting for pending navigations. Status: ok
[1755163023.411][INFO]: [9525ab14013b9f10aa0f81426611405e] RESPONSE GetElementText "2025-07-31"
[1755163023.413][INFO]: [9525ab14013b9f10aa0f81426611405e] COMMAND GetElementText {
   "id": "f.495C356B0656AF67333FEFF3EE6D4D65.d.F9059DA95EF9E2AB62B058F1065C4DED.e.37"
}
[1755163023.413][INFO]: Waiting for pending navigations...
[1755163023.413][INFO]: Done waiting for pending navigations. Status: ok
[1755163023.421][INFO]: Waiting for pending navigations...
[1755163023.422][INFO]: Done waiting for pending navigations. Status: ok
[1755163023.422][INFO]: [9525ab14013b9f10aa0f81426611405e] RESPONSE GetElementText "2025-07-29"
[1755163023.423][INFO]: [9525ab14013b9f10aa0f81426611405e] COMMAND FindChildElements {
   "id": "f.495C356B0656AF67333FEFF3EE6D4D65.d.F9059DA95EF9E2AB62B058F1065C4DED.e.27",
   "using": "tag name",
   "value": "td"
}
[1755163023.423][INFO]: Waiting for pending navigations...
[1755163023.424][INFO]: Done waiting for pending navigations. Status: ok
[1755163023.432][INFO]: Waiting for pending navigations...
[1755163023.432][INFO]: Done waiting for pending navigations. Status: ok
[1755163023.432][INFO]: [9525ab14013b9f10aa0f81426611405e] RESPONSE FindChildElements [ {
   "element-6066-11e4-a52e-4f735466cecf": "f.495C356B0656AF67333FEFF3EE6D4D65.d.F9059DA95EF9E2AB62B058F1065C4DED.e.38"
}, {
   "element-6066-11e4-a52e-4f735466cecf": "f.495C356B0656AF67333FEFF3EE6D4D65.d.F9059DA95EF9E2AB62B058F1065C4DED.e.39"
}, {
   "element-6066-11e4-a52e-4f735466cecf": "f.495C356B0656AF67333FEFF3EE6D4D65.d.F9059DA95EF9E2AB62B058F1065C4DED.e.40"
}, {
   "element-6066-11e4-a52e-4f735466cecf": "f.495C356B0656AF67333FEFF3EE6D4D65.d.F9059DA95EF9E2AB62B058F1065C4DED.e.41"
} ]
[1755163023.434][INFO]: [9525ab14013b9f10aa0f81426611405e] COMMAND GetElementText {
   "id": "f.495C356B0656AF67333FEFF3EE6D4D65.d.F9059DA95EF9E2AB62B058F1065C4DED.e.38"
}
[1755163023.434][INFO]: Waiting for pending navigations...
[1755163023.434][INFO]: Done waiting for pending navigations. Status: ok
[1755163023.444][INFO]: Waiting for pending navigations...
[1755163023.445][INFO]: Done waiting for pending navigations. Status: ok
[1755163023.445][INFO]: [9525ab14013b9f10aa0f81426611405e] RESPONSE GetElementText "【天津】\n2025年中国电信天津分公司静海区澜境西苑地下车库室内分布系统覆盖协议"
[1755163023.447][INFO]: [9525ab14013b9f10aa0f81426611405e] COMMAND GetElementText {
   "id": "f.495C356B0656AF67333FEFF3EE6D4D65.d.F9059DA95EF9E2AB62B058F1065C4DED.e.38"
}
[1755163023.447][INFO]: Waiting for pending navigations...
[1755163023.447][INFO]: Done waiting for pending navigations. Status: ok
[1755163023.457][INFO]: Waiting for pending navigations...
[1755163023.457][INFO]: Done waiting for pending navigations. Status: ok
[1755163023.457][INFO]: [9525ab14013b9f10aa0f81426611405e] RESPONSE GetElementText "【天津】\n2025年中国电信天津分公司静海区澜境西苑地下车库室内分布系统覆盖协议"
[1755163023.459][INFO]: [9525ab14013b9f10aa0f81426611405e] COMMAND GetElementText {
   "id": "f.495C356B0656AF67333FEFF3EE6D4D65.d.F9059DA95EF9E2AB62B058F1065C4DED.e.39"
}
[1755163023.459][INFO]: Waiting for pending navigations...
[1755163023.459][INFO]: Done waiting for pending navigations. Status: ok
[1755163023.468][INFO]: Waiting for pending navigations...
[1755163023.468][INFO]: Done waiting for pending navigations. Status: ok
[1755163023.468][INFO]: [9525ab14013b9f10aa0f81426611405e] RESPONSE GetElementText "2025-07-28"
[1755163023.470][INFO]: [9525ab14013b9f10aa0f81426611405e] COMMAND GetElementText {
   "id": "f.495C356B0656AF67333FEFF3EE6D4D65.d.F9059DA95EF9E2AB62B058F1065C4DED.e.40"
}
[1755163023.470][INFO]: Waiting for pending navigations...
[1755163023.470][INFO]: Done waiting for pending navigations. Status: ok
[1755163023.478][INFO]: Waiting for pending navigations...
[1755163023.479][INFO]: Done waiting for pending navigations. Status: ok
[1755163023.479][INFO]: [9525ab14013b9f10aa0f81426611405e] RESPONSE GetElementText "2025-07-30"
[1755163023.480][INFO]: [9525ab14013b9f10aa0f81426611405e] COMMAND GetElementText {
   "id": "f.495C356B0656AF67333FEFF3EE6D4D65.d.F9059DA95EF9E2AB62B058F1065C4DED.e.41"
}
[1755163023.480][INFO]: Waiting for pending navigations...
[1755163023.481][INFO]: Done waiting for pending navigations. Status: ok
[1755163023.490][INFO]: Waiting for pending navigations...
[1755163023.490][INFO]: Done waiting for pending navigations. Status: ok
[1755163023.490][INFO]: [9525ab14013b9f10aa0f81426611405e] RESPONSE GetElementText "2025-07-28"
[1755163023.492][INFO]: [9525ab14013b9f10aa0f81426611405e] COMMAND FindChildElements {
   "id": "f.495C356B0656AF67333FEFF3EE6D4D65.d.F9059DA95EF9E2AB62B058F1065C4DED.e.28",
   "using": "tag name",
   "value": "td"
}
[1755163023.492][INFO]: Waiting for pending navigations...
[1755163023.493][INFO]: Done waiting for pending navigations. Status: ok
[1755163023.501][INFO]: Waiting for pending navigations...
[1755163023.502][INFO]: Done waiting for pending navigations. Status: ok
[1755163023.502][INFO]: [9525ab14013b9f10aa0f81426611405e] RESPONSE FindChildElements [ {
   "element-6066-11e4-a52e-4f735466cecf": "f.495C356B0656AF67333FEFF3EE6D4D65.d.F9059DA95EF9E2AB62B058F1065C4DED.e.42"
}, {
   "element-6066-11e4-a52e-4f735466cecf": "f.495C356B0656AF67333FEFF3EE6D4D65.d.F9059DA95EF9E2AB62B058F1065C4DED.e.43"
}, {
   "element-6066-11e4-a52e-4f735466cecf": "f.495C356B0656AF67333FEFF3EE6D4D65.d.F9059DA95EF9E2AB62B058F1065C4DED.e.44"
}, {
   "element-6066-11e4-a52e-4f735466cecf": "f.495C356B0656AF67333FEFF3EE6D4D65.d.F9059DA95EF9E2AB62B058F1065C4DED.e.45"
} ]
[1755163023.503][INFO]: [9525ab14013b9f10aa0f81426611405e] COMMAND GetElementText {
   "id": "f.495C356B0656AF67333FEFF3EE6D4D65.d.F9059DA95EF9E2AB62B058F1065C4DED.e.42"
}
[1755163023.503][INFO]: Waiting for pending navigations...
[1755163023.504][INFO]: Done waiting for pending navigations. Status: ok
[1755163023.517][INFO]: Waiting for pending navigations...
[1755163023.519][INFO]: Done waiting for pending navigations. Status: ok
[1755163023.519][INFO]: [9525ab14013b9f10aa0f81426611405e] RESPONSE GetElementText "【天津】\n中国电信天津分公司2025年垃圾短信过滤系统升级研发工程直接采购终止公示"
[1755163023.520][INFO]: [9525ab14013b9f10aa0f81426611405e] COMMAND GetElementText {
   "id": "f.495C356B0656AF67333FEFF3EE6D4D65.d.F9059DA95EF9E2AB62B058F1065C4DED.e.42"
}
[1755163023.520][INFO]: Waiting for pending navigations...
[1755163023.521][INFO]: Done waiting for pending navigations. Status: ok
[1755163023.532][INFO]: Waiting for pending navigations...
[1755163023.535][INFO]: Done waiting for pending navigations. Status: ok
[1755163023.535][INFO]: [9525ab14013b9f10aa0f81426611405e] RESPONSE GetElementText "【天津】\n中国电信天津分公司2025年垃圾短信过滤系统升级研发工程直接采购终止公示"
[1755163023.536][INFO]: [9525ab14013b9f10aa0f81426611405e] COMMAND GetElementText {
   "id": "f.495C356B0656AF67333FEFF3EE6D4D65.d.F9059DA95EF9E2AB62B058F1065C4DED.e.43"
}
[1755163023.536][INFO]: Waiting for pending navigations...
[1755163023.537][INFO]: Done waiting for pending navigations. Status: ok
[1755163023.546][INFO]: Waiting for pending navigations...
[1755163023.546][INFO]: Done waiting for pending navigations. Status: ok
[1755163023.546][INFO]: [9525ab14013b9f10aa0f81426611405e] RESPONSE GetElementText "2025-07-29"
[1755163023.547][INFO]: [9525ab14013b9f10aa0f81426611405e] COMMAND GetElementText {
   "id": "f.495C356B0656AF67333FEFF3EE6D4D65.d.F9059DA95EF9E2AB62B058F1065C4DED.e.44"
}
[1755163023.547][INFO]: Waiting for pending navigations...
[1755163023.548][INFO]: Done waiting for pending navigations. Status: ok
[1755163023.557][INFO]: Waiting for pending navigations...
[1755163023.558][INFO]: Done waiting for pending navigations. Status: ok
[1755163023.558][INFO]: [9525ab14013b9f10aa0f81426611405e] RESPONSE GetElementText "2025-07-31"
[1755163023.559][INFO]: [9525ab14013b9f10aa0f81426611405e] COMMAND GetElementText {
   "id": "f.495C356B0656AF67333FEFF3EE6D4D65.d.F9059DA95EF9E2AB62B058F1065C4DED.e.45"
}
[1755163023.559][INFO]: Waiting for pending navigations...
[1755163023.560][INFO]: Done waiting for pending navigations. Status: ok
[1755163023.568][INFO]: Waiting for pending navigations...
[1755163023.568][INFO]: Done waiting for pending navigations. Status: ok
[1755163023.568][INFO]: [9525ab14013b9f10aa0f81426611405e] RESPONSE GetElementText "2025-07-28"
[1755163023.570][INFO]: [9525ab14013b9f10aa0f81426611405e] COMMAND FindChildElements {
   "id": "f.495C356B0656AF67333FEFF3EE6D4D65.d.F9059DA95EF9E2AB62B058F1065C4DED.e.29",
   "using": "tag name",
   "value": "td"
}
[1755163023.570][INFO]: Waiting for pending navigations...
[1755163023.570][INFO]: Done waiting for pending navigations. Status: ok
[1755163023.578][INFO]: Waiting for pending navigations...
[1755163023.579][INFO]: Done waiting for pending navigations. Status: ok
[1755163023.579][INFO]: [9525ab14013b9f10aa0f81426611405e] RESPONSE FindChildElements [ {
   "element-6066-11e4-a52e-4f735466cecf": "f.495C356B0656AF67333FEFF3EE6D4D65.d.F9059DA95EF9E2AB62B058F1065C4DED.e.46"
}, {
   "element-6066-11e4-a52e-4f735466cecf": "f.495C356B0656AF67333FEFF3EE6D4D65.d.F9059DA95EF9E2AB62B058F1065C4DED.e.47"
}, {
   "element-6066-11e4-a52e-4f735466cecf": "f.495C356B0656AF67333FEFF3EE6D4D65.d.F9059DA95EF9E2AB62B058F1065C4DED.e.48"
}, {
   "element-6066-11e4-a52e-4f735466cecf": "f.495C356B0656AF67333FEFF3EE6D4D65.d.F9059DA95EF9E2AB62B058F1065C4DED.e.49"
} ]
[1755163023.580][INFO]: [9525ab14013b9f10aa0f81426611405e] COMMAND GetElementText {
   "id": "f.495C356B0656AF67333FEFF3EE6D4D65.d.F9059DA95EF9E2AB62B058F1065C4DED.e.46"
}
[1755163023.580][INFO]: Waiting for pending navigations...
[1755163023.581][INFO]: Done waiting for pending navigations. Status: ok
[1755163023.591][INFO]: Waiting for pending navigations...
[1755163023.594][INFO]: Done waiting for pending navigations. Status: ok
[1755163023.594][INFO]: [9525ab14013b9f10aa0f81426611405e] RESPONSE GetElementText "【天津】\n天津电信2025-2026年度通信局站在用防雷系统检测技术服务项目成交候选人公示"
[1755163023.595][INFO]: [9525ab14013b9f10aa0f81426611405e] COMMAND GetElementText {
   "id": "f.495C356B0656AF67333FEFF3EE6D4D65.d.F9059DA95EF9E2AB62B058F1065C4DED.e.46"
}
[1755163023.595][INFO]: Waiting for pending navigations...
[1755163023.596][INFO]: Done waiting for pending navigations. Status: ok
[1755163023.606][INFO]: Waiting for pending navigations...
[1755163023.606][INFO]: Done waiting for pending navigations. Status: ok
[1755163023.606][INFO]: [9525ab14013b9f10aa0f81426611405e] RESPONSE GetElementText "【天津】\n天津电信2025-2026年度通信局站在用防雷系统检测技术服务项目成交候选人公示"
[1755163023.608][INFO]: [9525ab14013b9f10aa0f81426611405e] COMMAND GetElementText {
   "id": "f.495C356B0656AF67333FEFF3EE6D4D65.d.F9059DA95EF9E2AB62B058F1065C4DED.e.47"
}
[1755163023.608][INFO]: Waiting for pending navigations...
[1755163023.608][INFO]: Done waiting for pending navigations. Status: ok
[1755163023.618][INFO]: Waiting for pending navigations...
[1755163023.618][INFO]: Done waiting for pending navigations. Status: ok
[1755163023.618][INFO]: [9525ab14013b9f10aa0f81426611405e] RESPONSE GetElementText "2025-07-29"
[1755163023.620][INFO]: [9525ab14013b9f10aa0f81426611405e] COMMAND GetElementText {
   "id": "f.495C356B0656AF67333FEFF3EE6D4D65.d.F9059DA95EF9E2AB62B058F1065C4DED.e.48"
}
[1755163023.620][INFO]: Waiting for pending navigations...
[1755163023.621][INFO]: Done waiting for pending navigations. Status: ok
[1755163023.629][INFO]: Waiting for pending navigations...
[1755163023.630][INFO]: Done waiting for pending navigations. Status: ok
[1755163023.630][INFO]: [9525ab14013b9f10aa0f81426611405e] RESPONSE GetElementText "2025-07-31"
[1755163023.631][INFO]: [9525ab14013b9f10aa0f81426611405e] COMMAND GetElementText {
   "id": "f.495C356B0656AF67333FEFF3EE6D4D65.d.F9059DA95EF9E2AB62B058F1065C4DED.e.49"
}
[1755163023.631][INFO]: Waiting for pending navigations...
[1755163023.632][INFO]: Done waiting for pending navigations. Status: ok
[1755163023.641][INFO]: Waiting for pending navigations...
[1755163023.642][INFO]: Done waiting for pending navigations. Status: ok
[1755163023.642][INFO]: [9525ab14013b9f10aa0f81426611405e] RESPONSE GetElementText "2025-07-28"
[1755163023.643][INFO]: [9525ab14013b9f10aa0f81426611405e] COMMAND FindElement {
   "using": "xpath",
   "value": "//button[contains(@class, 'btn-next')]"
}
[1755163023.643][INFO]: Waiting for pending navigations...
[1755163023.644][INFO]: Done waiting for pending navigations. Status: ok
[1755163023.651][INFO]: Waiting for pending navigations...
[1755163023.652][INFO]: Done waiting for pending navigations. Status: ok
[1755163023.652][INFO]: [9525ab14013b9f10aa0f81426611405e] RESPONSE FindElement {
   "element-6066-11e4-a52e-4f735466cecf": "f.495C356B0656AF67333FEFF3EE6D4D65.d.F9059DA95EF9E2AB62B058F1065C4DED.e.50"
}
[1755163023.653][INFO]: [9525ab14013b9f10aa0f81426611405e] COMMAND IsElementEnabled {
   "id": "f.495C356B0656AF67333FEFF3EE6D4D65.d.F9059DA95EF9E2AB62B058F1065C4DED.e.50"
}
[1755163023.653][INFO]: Waiting for pending navigations...
[1755163023.654][INFO]: Done waiting for pending navigations. Status: ok
[1755163023.660][INFO]: Waiting for pending navigations...
[1755163023.661][INFO]: Done waiting for pending navigations. Status: ok
[1755163023.661][INFO]: [9525ab14013b9f10aa0f81426611405e] RESPONSE IsElementEnabled true
[1755163023.662][INFO]: [9525ab14013b9f10aa0f81426611405e] COMMAND FindElement {
   "using": "xpath",
   "value": "//div[contains(@class, 'el-table__body-wrapper')]//tr[@class='el-table__row'][1]/td[1]"
}
[1755163023.662][INFO]: Waiting for pending navigations...
[1755163023.663][INFO]: Done waiting for pending navigations. Status: ok
[1755163023.670][INFO]: Waiting for pending navigations...
[1755163023.671][INFO]: Done waiting for pending navigations. Status: ok
[1755163023.671][INFO]: [9525ab14013b9f10aa0f81426611405e] RESPONSE FindElement {
   "element-6066-11e4-a52e-4f735466cecf": "f.495C356B0656AF67333FEFF3EE6D4D65.d.F9059DA95EF9E2AB62B058F1065C4DED.e.30"
}
[1755163023.673][INFO]: [9525ab14013b9f10aa0f81426611405e] COMMAND GetElementText {
   "id": "f.495C356B0656AF67333FEFF3EE6D4D65.d.F9059DA95EF9E2AB62B058F1065C4DED.e.30"
}
[1755163023.673][INFO]: Waiting for pending navigations...
[1755163023.674][INFO]: Done waiting for pending navigations. Status: ok
[1755163023.684][INFO]: Waiting for pending navigations...
[1755163023.685][INFO]: Done waiting for pending navigations. Status: ok
[1755163023.685][INFO]: [9525ab14013b9f10aa0f81426611405e] RESPONSE GetElementText "【天津】\n关于[2025年北辰分公司北辰李家房子方舱用电协议]单一来源采购公示"
[1755163023.686][INFO]: [9525ab14013b9f10aa0f81426611405e] COMMAND ExecuteScript {
   "args": [ {
      "element-6066-11e4-a52e-4f735466cecf": "f.495C356B0656AF67333FEFF3EE6D4D65.d.F9059DA95EF9E2AB62B058F1065C4DED.e.50"
   } ],
   "script": "arguments[0].click();"
}
[1755163023.686][INFO]: Waiting for pending navigations...
[1755163023.687][INFO]: Done waiting for pending navigations. Status: ok
[1755163023.723][INFO]: Waiting for pending navigations...
[1755163023.728][INFO]: Done waiting for pending navigations. Status: ok
[1755163023.728][INFO]: [9525ab14013b9f10aa0f81426611405e] RESPONSE ExecuteScript null
[1755163023.731][INFO]: [9525ab14013b9f10aa0f81426611405e] COMMAND FindElement {
   "using": "xpath",
   "value": "//div[contains(@class, 'el-table__body-wrapper')]//tr[@class='el-table__row'][1]/td[1]"
}
[1755163023.731][INFO]: Waiting for pending navigations...
[1755163023.733][INFO]: Done waiting for pending navigations. Status: ok
[1755163023.741][INFO]: Waiting for pending navigations...
[1755163023.742][INFO]: Done waiting for pending navigations. Status: ok
[1755163023.742][INFO]: [9525ab14013b9f10aa0f81426611405e] RESPONSE FindElement {
   "element-6066-11e4-a52e-4f735466cecf": "f.495C356B0656AF67333FEFF3EE6D4D65.d.F9059DA95EF9E2AB62B058F1065C4DED.e.30"
}
[1755163023.744][INFO]: [9525ab14013b9f10aa0f81426611405e] COMMAND GetElementText {
   "id": "f.495C356B0656AF67333FEFF3EE6D4D65.d.F9059DA95EF9E2AB62B058F1065C4DED.e.30"
}
[1755163023.744][INFO]: Waiting for pending navigations...
[1755163023.745][INFO]: Done waiting for pending navigations. Status: ok
[1755163023.755][INFO]: Waiting for pending navigations...
[1755163023.756][INFO]: Done waiting for pending navigations. Status: ok
[1755163023.756][INFO]: [9525ab14013b9f10aa0f81426611405e] RESPONSE GetElementText "【天津】\n关于[2025年北辰分公司北辰李家房子方舱用电协议]单一来源采购公示"
[1755163024.258][INFO]: [9525ab14013b9f10aa0f81426611405e] COMMAND FindElement {
   "using": "xpath",
   "value": "//div[contains(@class, 'el-table__body-wrapper')]//tr[@class='el-table__row'][1]/td[1]"
}
[1755163024.258][INFO]: Waiting for pending navigations...
[1755163024.259][INFO]: Done waiting for pending navigations. Status: ok
[1755163024.266][INFO]: Waiting for pending navigations...
[1755163024.268][INFO]: Done waiting for pending navigations. Status: ok
[1755163024.268][INFO]: [9525ab14013b9f10aa0f81426611405e] RESPONSE FindElement {
   "element-6066-11e4-a52e-4f735466cecf": "f.495C356B0656AF67333FEFF3EE6D4D65.d.F9059DA95EF9E2AB62B058F1065C4DED.e.30"
}
[1755163024.269][INFO]: [9525ab14013b9f10aa0f81426611405e] COMMAND GetElementText {
   "id": "f.495C356B0656AF67333FEFF3EE6D4D65.d.F9059DA95EF9E2AB62B058F1065C4DED.e.30"
}
[1755163024.269][INFO]: Waiting for pending navigations...
[1755163024.270][INFO]: Done waiting for pending navigations. Status: ok
[1755163024.280][INFO]: Waiting for pending navigations...
[1755163024.281][INFO]: Done waiting for pending navigations. Status: ok
[1755163024.281][INFO]: [9525ab14013b9f10aa0f81426611405e] RESPONSE GetElementText "【天津】\n天津电信蓟州分公司办公楼2025-2027年建筑消防设施维护保养服务项目询比公告"
[1755163024.282][INFO]: [9525ab14013b9f10aa0f81426611405e] COMMAND FindElement {
   "using": "css selector",
   "value": ".tableList"
}
[1755163024.282][INFO]: Waiting for pending navigations...
[1755163024.283][INFO]: Done waiting for pending navigations. Status: ok
[1755163024.290][INFO]: Waiting for pending navigations...
[1755163024.290][INFO]: Done waiting for pending navigations. Status: ok
[1755163024.290][INFO]: [9525ab14013b9f10aa0f81426611405e] RESPONSE FindElement {
   "element-6066-11e4-a52e-4f735466cecf": "f.495C356B0656AF67333FEFF3EE6D4D65.d.F9059DA95EF9E2AB62B058F1065C4DED.e.24"
}
[1755163024.292][INFO]: [9525ab14013b9f10aa0f81426611405e] COMMAND FindElements {
   "using": "xpath",
   "value": "//div[contains(@class, 'el-table__body-wrapper')]//tr[@class='el-table__row']"
}
[1755163024.292][INFO]: Waiting for pending navigations...
[1755163024.293][INFO]: Done waiting for pending navigations. Status: ok
[1755163024.300][INFO]: Waiting for pending navigations...
[1755163024.301][INFO]: Done waiting for pending navigations. Status: ok
[1755163024.301][INFO]: [9525ab14013b9f10aa0f81426611405e] RESPONSE FindElements [ {
   "element-6066-11e4-a52e-4f735466cecf": "f.495C356B0656AF67333FEFF3EE6D4D65.d.F9059DA95EF9E2AB62B058F1065C4DED.e.25"
}, {
   "element-6066-11e4-a52e-4f735466cecf": "f.495C356B0656AF67333FEFF3EE6D4D65.d.F9059DA95EF9E2AB62B058F1065C4DED.e.26"
}, {
   "element-6066-11e4-a52e-4f735466cecf": "f.495C356B0656AF67333FEFF3EE6D4D65.d.F9059DA95EF9E2AB62B058F1065C4DED.e.27"
}, {
   "element-6066-11e4-a52e-4f735466cecf": "f.495C356B0656AF67333FEFF3EE6D4D65.d.F9059DA95EF9E2AB62B058F1065C4DED.e.28"
}, {
   "element-6066-11e4-a52e-4f735466cecf": "f.495C356B0656AF67333FEFF3EE6D4D65.d.F9059DA95EF9E2AB62B058F1065C4DED.e.29"
} ]
[1755163024.302][INFO]: [9525ab14013b9f10aa0f81426611405e] COMMAND FindChildElements {
   "id": "f.495C356B0656AF67333FEFF3EE6D4D65.d.F9059DA95EF9E2AB62B058F1065C4DED.e.25",
   "using": "tag name",
   "value": "td"
}
[1755163024.302][INFO]: Waiting for pending navigations...
[1755163024.303][INFO]: Done waiting for pending navigations. Status: ok
[1755163024.310][INFO]: Waiting for pending navigations...
[1755163024.311][INFO]: Done waiting for pending navigations. Status: ok
[1755163024.311][INFO]: [9525ab14013b9f10aa0f81426611405e] RESPONSE FindChildElements [ {
   "element-6066-11e4-a52e-4f735466cecf": "f.495C356B0656AF67333FEFF3EE6D4D65.d.F9059DA95EF9E2AB62B058F1065C4DED.e.30"
}, {
   "element-6066-11e4-a52e-4f735466cecf": "f.495C356B0656AF67333FEFF3EE6D4D65.d.F9059DA95EF9E2AB62B058F1065C4DED.e.31"
}, {
   "element-6066-11e4-a52e-4f735466cecf": "f.495C356B0656AF67333FEFF3EE6D4D65.d.F9059DA95EF9E2AB62B058F1065C4DED.e.32"
}, {
   "element-6066-11e4-a52e-4f735466cecf": "f.495C356B0656AF67333FEFF3EE6D4D65.d.F9059DA95EF9E2AB62B058F1065C4DED.e.33"
} ]
[1755163024.313][INFO]: [9525ab14013b9f10aa0f81426611405e] COMMAND GetElementText {
   "id": "f.495C356B0656AF67333FEFF3EE6D4D65.d.F9059DA95EF9E2AB62B058F1065C4DED.e.30"
}
[1755163024.313][INFO]: Waiting for pending navigations...
[1755163024.314][INFO]: Done waiting for pending navigations. Status: ok
[1755163024.324][INFO]: Waiting for pending navigations...
[1755163024.325][INFO]: Done waiting for pending navigations. Status: ok
[1755163024.325][INFO]: [9525ab14013b9f10aa0f81426611405e] RESPONSE GetElementText "【天津】\n天津电信蓟州分公司办公楼2025-2027年建筑消防设施维护保养服务项目询比公告"
[1755163024.326][INFO]: [9525ab14013b9f10aa0f81426611405e] COMMAND GetElementText {
   "id": "f.495C356B0656AF67333FEFF3EE6D4D65.d.F9059DA95EF9E2AB62B058F1065C4DED.e.30"
}
[1755163024.326][INFO]: Waiting for pending navigations...
[1755163024.327][INFO]: Done waiting for pending navigations. Status: ok
[1755163024.338][INFO]: Waiting for pending navigations...
[1755163024.339][INFO]: Done waiting for pending navigations. Status: ok
[1755163024.339][INFO]: [9525ab14013b9f10aa0f81426611405e] RESPONSE GetElementText "【天津】\n天津电信蓟州分公司办公楼2025-2027年建筑消防设施维护保养服务项目询比公告"
[1755163024.340][INFO]: [9525ab14013b9f10aa0f81426611405e] COMMAND GetElementText {
   "id": "f.495C356B0656AF67333FEFF3EE6D4D65.d.F9059DA95EF9E2AB62B058F1065C4DED.e.31"
}
[1755163024.340][INFO]: Waiting for pending navigations...
[1755163024.341][INFO]: Done waiting for pending navigations. Status: ok
[1755163024.350][INFO]: Waiting for pending navigations...
[1755163024.350][INFO]: Done waiting for pending navigations. Status: ok
[1755163024.350][INFO]: [9525ab14013b9f10aa0f81426611405e] RESPONSE GetElementText "2025-07-28"
[1755163024.352][INFO]: [9525ab14013b9f10aa0f81426611405e] COMMAND GetElementText {
   "id": "f.495C356B0656AF67333FEFF3EE6D4D65.d.F9059DA95EF9E2AB62B058F1065C4DED.e.32"
}
[1755163024.352][INFO]: Waiting for pending navigations...
[1755163024.353][INFO]: Done waiting for pending navigations. Status: ok
[1755163024.361][INFO]: Waiting for pending navigations...
[1755163024.362][INFO]: Done waiting for pending navigations. Status: ok
[1755163024.362][INFO]: [9525ab14013b9f10aa0f81426611405e] RESPONSE GetElementText "2025-07-31"
[1755163024.363][INFO]: [9525ab14013b9f10aa0f81426611405e] COMMAND GetElementText {
   "id": "f.495C356B0656AF67333FEFF3EE6D4D65.d.F9059DA95EF9E2AB62B058F1065C4DED.e.33"
}
[1755163024.363][INFO]: Waiting for pending navigations...
[1755163024.364][INFO]: Done waiting for pending navigations. Status: ok
[1755163024.372][INFO]: Waiting for pending navigations...
[1755163024.373][INFO]: Done waiting for pending navigations. Status: ok
[1755163024.373][INFO]: [9525ab14013b9f10aa0f81426611405e] RESPONSE GetElementText "2025-07-25"
[1755163024.374][INFO]: [9525ab14013b9f10aa0f81426611405e] COMMAND FindChildElements {
   "id": "f.495C356B0656AF67333FEFF3EE6D4D65.d.F9059DA95EF9E2AB62B058F1065C4DED.e.26",
   "using": "tag name",
   "value": "td"
}
[1755163024.374][INFO]: Waiting for pending navigations...
[1755163024.375][INFO]: Done waiting for pending navigations. Status: ok
[1755163024.382][INFO]: Waiting for pending navigations...
[1755163024.383][INFO]: Done waiting for pending navigations. Status: ok
[1755163024.383][INFO]: [9525ab14013b9f10aa0f81426611405e] RESPONSE FindChildElements [ {
   "element-6066-11e4-a52e-4f735466cecf": "f.495C356B0656AF67333FEFF3EE6D4D65.d.F9059DA95EF9E2AB62B058F1065C4DED.e.34"
}, {
   "element-6066-11e4-a52e-4f735466cecf": "f.495C356B0656AF67333FEFF3EE6D4D65.d.F9059DA95EF9E2AB62B058F1065C4DED.e.35"
}, {
   "element-6066-11e4-a52e-4f735466cecf": "f.495C356B0656AF67333FEFF3EE6D4D65.d.F9059DA95EF9E2AB62B058F1065C4DED.e.36"
}, {
   "element-6066-11e4-a52e-4f735466cecf": "f.495C356B0656AF67333FEFF3EE6D4D65.d.F9059DA95EF9E2AB62B058F1065C4DED.e.37"
} ]
[1755163024.384][INFO]: [9525ab14013b9f10aa0f81426611405e] COMMAND GetElementText {
   "id": "f.495C356B0656AF67333FEFF3EE6D4D65.d.F9059DA95EF9E2AB62B058F1065C4DED.e.34"
}
[1755163024.384][INFO]: Waiting for pending navigations...
[1755163024.385][INFO]: Done waiting for pending navigations. Status: ok
[1755163024.395][INFO]: Waiting for pending navigations...
[1755163024.396][INFO]: Done waiting for pending navigations. Status: ok
[1755163024.396][INFO]: [9525ab14013b9f10aa0f81426611405e] RESPONSE GetElementText "【天津】\n2025年西青分公司张家窝营业电费合同采购公示"
[1755163024.397][INFO]: [9525ab14013b9f10aa0f81426611405e] COMMAND GetElementText {
   "id": "f.495C356B0656AF67333FEFF3EE6D4D65.d.F9059DA95EF9E2AB62B058F1065C4DED.e.34"
}
[1755163024.397][INFO]: Waiting for pending navigations...
[1755163024.398][INFO]: Done waiting for pending navigations. Status: ok
[1755163024.407][INFO]: Waiting for pending navigations...
[1755163024.408][INFO]: Done waiting for pending navigations. Status: ok
[1755163024.408][INFO]: [9525ab14013b9f10aa0f81426611405e] RESPONSE GetElementText "【天津】\n2025年西青分公司张家窝营业电费合同采购公示"
[1755163024.409][INFO]: [9525ab14013b9f10aa0f81426611405e] COMMAND GetElementText {
   "id": "f.495C356B0656AF67333FEFF3EE6D4D65.d.F9059DA95EF9E2AB62B058F1065C4DED.e.35"
}
[1755163024.409][INFO]: Waiting for pending navigations...
[1755163024.410][INFO]: Done waiting for pending navigations. Status: ok
[1755163024.419][INFO]: Waiting for pending navigations...
[1755163024.420][INFO]: Done waiting for pending navigations. Status: ok
[1755163024.420][INFO]: [9525ab14013b9f10aa0f81426611405e] RESPONSE GetElementText "2025-07-25"
[1755163024.421][INFO]: [9525ab14013b9f10aa0f81426611405e] COMMAND GetElementText {
   "id": "f.495C356B0656AF67333FEFF3EE6D4D65.d.F9059DA95EF9E2AB62B058F1065C4DED.e.36"
}
[1755163024.421][INFO]: Waiting for pending navigations...
[1755163024.422][INFO]: Done waiting for pending navigations. Status: ok
[1755163024.431][INFO]: Waiting for pending navigations...
[1755163024.434][INFO]: Done waiting for pending navigations. Status: ok
[1755163024.434][INFO]: [9525ab14013b9f10aa0f81426611405e] RESPONSE GetElementText "2025-07-29"
[1755163024.436][INFO]: [9525ab14013b9f10aa0f81426611405e] COMMAND GetElementText {
   "id": "f.495C356B0656AF67333FEFF3EE6D4D65.d.F9059DA95EF9E2AB62B058F1065C4DED.e.37"
}
[1755163024.436][INFO]: Waiting for pending navigations...
[1755163024.437][INFO]: Done waiting for pending navigations. Status: ok
[1755163024.446][INFO]: Waiting for pending navigations...
[1755163024.447][INFO]: Done waiting for pending navigations. Status: ok
[1755163024.447][INFO]: [9525ab14013b9f10aa0f81426611405e] RESPONSE GetElementText "2025-07-25"
[1755163024.449][INFO]: [9525ab14013b9f10aa0f81426611405e] COMMAND FindChildElements {
   "id": "f.495C356B0656AF67333FEFF3EE6D4D65.d.F9059DA95EF9E2AB62B058F1065C4DED.e.27",
   "using": "tag name",
   "value": "td"
}
[1755163024.449][INFO]: Waiting for pending navigations...
[1755163024.450][INFO]: Done waiting for pending navigations. Status: ok
[1755163024.460][INFO]: Waiting for pending navigations...
[1755163024.461][INFO]: Done waiting for pending navigations. Status: ok
[1755163024.461][INFO]: [9525ab14013b9f10aa0f81426611405e] RESPONSE FindChildElements [ {
   "element-6066-11e4-a52e-4f735466cecf": "f.495C356B0656AF67333FEFF3EE6D4D65.d.F9059DA95EF9E2AB62B058F1065C4DED.e.38"
}, {
   "element-6066-11e4-a52e-4f735466cecf": "f.495C356B0656AF67333FEFF3EE6D4D65.d.F9059DA95EF9E2AB62B058F1065C4DED.e.39"
}, {
   "element-6066-11e4-a52e-4f735466cecf": "f.495C356B0656AF67333FEFF3EE6D4D65.d.F9059DA95EF9E2AB62B058F1065C4DED.e.40"
}, {
   "element-6066-11e4-a52e-4f735466cecf": "f.495C356B0656AF67333FEFF3EE6D4D65.d.F9059DA95EF9E2AB62B058F1065C4DED.e.41"
} ]
[1755163024.462][INFO]: [9525ab14013b9f10aa0f81426611405e] COMMAND GetElementText {
   "id": "f.495C356B0656AF67333FEFF3EE6D4D65.d.F9059DA95EF9E2AB62B058F1065C4DED.e.38"
}
[1755163024.462][INFO]: Waiting for pending navigations...
[1755163024.463][INFO]: Done waiting for pending navigations. Status: ok
[1755163024.474][INFO]: Waiting for pending navigations...
[1755163024.475][INFO]: Done waiting for pending navigations. Status: ok
[1755163024.475][INFO]: [9525ab14013b9f10aa0f81426611405e] RESPONSE GetElementText "【天津】\n2025年西青分公司小南河营业电费合同采购公示"
[1755163024.476][INFO]: [9525ab14013b9f10aa0f81426611405e] COMMAND GetElementText {
   "id": "f.495C356B0656AF67333FEFF3EE6D4D65.d.F9059DA95EF9E2AB62B058F1065C4DED.e.38"
}
[1755163024.476][INFO]: Waiting for pending navigations...
[1755163024.477][INFO]: Done waiting for pending navigations. Status: ok
[1755163024.489][INFO]: Waiting for pending navigations...
[1755163024.489][INFO]: Done waiting for pending navigations. Status: ok
[1755163024.489][INFO]: [9525ab14013b9f10aa0f81426611405e] RESPONSE GetElementText "【天津】\n2025年西青分公司小南河营业电费合同采购公示"
[1755163024.491][INFO]: [9525ab14013b9f10aa0f81426611405e] COMMAND GetElementText {
   "id": "f.495C356B0656AF67333FEFF3EE6D4D65.d.F9059DA95EF9E2AB62B058F1065C4DED.e.39"
}
[1755163024.491][INFO]: Waiting for pending navigations...
[1755163024.492][INFO]: Done waiting for pending navigations. Status: ok
[1755163024.504][INFO]: Waiting for pending navigations...
[1755163024.505][INFO]: Done waiting for pending navigations. Status: ok
[1755163024.505][INFO]: [9525ab14013b9f10aa0f81426611405e] RESPONSE GetElementText "2025-07-25"
[1755163024.506][INFO]: [9525ab14013b9f10aa0f81426611405e] COMMAND GetElementText {
   "id": "f.495C356B0656AF67333FEFF3EE6D4D65.d.F9059DA95EF9E2AB62B058F1065C4DED.e.40"
}
[1755163024.506][INFO]: Waiting for pending navigations...
[1755163024.507][INFO]: Done waiting for pending navigations. Status: ok
[1755163024.518][INFO]: Waiting for pending navigations...
[1755163024.519][INFO]: Done waiting for pending navigations. Status: ok
[1755163024.519][INFO]: [9525ab14013b9f10aa0f81426611405e] RESPONSE GetElementText "2025-07-30"
[1755163024.520][INFO]: [9525ab14013b9f10aa0f81426611405e] COMMAND GetElementText {
   "id": "f.495C356B0656AF67333FEFF3EE6D4D65.d.F9059DA95EF9E2AB62B058F1065C4DED.e.41"
}
[1755163024.520][INFO]: Waiting for pending navigations...
[1755163024.521][INFO]: Done waiting for pending navigations. Status: ok
[1755163024.530][INFO]: Waiting for pending navigations...
[1755163024.531][INFO]: Done waiting for pending navigations. Status: ok
[1755163024.531][INFO]: [9525ab14013b9f10aa0f81426611405e] RESPONSE GetElementText "2025-07-25"
[1755163024.532][INFO]: [9525ab14013b9f10aa0f81426611405e] COMMAND FindChildElements {
   "id": "f.495C356B0656AF67333FEFF3EE6D4D65.d.F9059DA95EF9E2AB62B058F1065C4DED.e.28",
   "using": "tag name",
   "value": "td"
}
[1755163024.532][INFO]: Waiting for pending navigations...
[1755163024.533][INFO]: Done waiting for pending navigations. Status: ok
[1755163024.541][INFO]: Waiting for pending navigations...
[1755163024.541][INFO]: Done waiting for pending navigations. Status: ok
[1755163024.541][INFO]: [9525ab14013b9f10aa0f81426611405e] RESPONSE FindChildElements [ {
   "element-6066-11e4-a52e-4f735466cecf": "f.495C356B0656AF67333FEFF3EE6D4D65.d.F9059DA95EF9E2AB62B058F1065C4DED.e.42"
}, {
   "element-6066-11e4-a52e-4f735466cecf": "f.495C356B0656AF67333FEFF3EE6D4D65.d.F9059DA95EF9E2AB62B058F1065C4DED.e.43"
}, {
   "element-6066-11e4-a52e-4f735466cecf": "f.495C356B0656AF67333FEFF3EE6D4D65.d.F9059DA95EF9E2AB62B058F1065C4DED.e.44"
}, {
   "element-6066-11e4-a52e-4f735466cecf": "f.495C356B0656AF67333FEFF3EE6D4D65.d.F9059DA95EF9E2AB62B058F1065C4DED.e.45"
} ]
[1755163024.542][INFO]: [9525ab14013b9f10aa0f81426611405e] COMMAND GetElementText {
   "id": "f.495C356B0656AF67333FEFF3EE6D4D65.d.F9059DA95EF9E2AB62B058F1065C4DED.e.42"
}
[1755163024.543][INFO]: Waiting for pending navigations...
[1755163024.543][INFO]: Done waiting for pending navigations. Status: ok
[1755163024.553][INFO]: Waiting for pending navigations...
[1755163024.554][INFO]: Done waiting for pending navigations. Status: ok
[1755163024.554][INFO]: [9525ab14013b9f10aa0f81426611405e] RESPONSE GetElementText "【天津】\n【2025-2038年武清分公司武清浦瑞馨园小区管道租赁】-直接采购采购公示"
[1755163024.555][INFO]: [9525ab14013b9f10aa0f81426611405e] COMMAND GetElementText {
   "id": "f.495C356B0656AF67333FEFF3EE6D4D65.d.F9059DA95EF9E2AB62B058F1065C4DED.e.42"
}
[1755163024.555][INFO]: Waiting for pending navigations...
[1755163024.556][INFO]: Done waiting for pending navigations. Status: ok
[1755163024.566][INFO]: Waiting for pending navigations...
[1755163024.567][INFO]: Done waiting for pending navigations. Status: ok
[1755163024.567][INFO]: [9525ab14013b9f10aa0f81426611405e] RESPONSE GetElementText "【天津】\n【2025-2038年武清分公司武清浦瑞馨园小区管道租赁】-直接采购采购公示"
[1755163024.568][INFO]: [9525ab14013b9f10aa0f81426611405e] COMMAND GetElementText {
   "id": "f.495C356B0656AF67333FEFF3EE6D4D65.d.F9059DA95EF9E2AB62B058F1065C4DED.e.43"
}
[1755163024.568][INFO]: Waiting for pending navigations...
[1755163024.569][INFO]: Done waiting for pending navigations. Status: ok
[1755163024.577][INFO]: Waiting for pending navigations...
[1755163024.578][INFO]: Done waiting for pending navigations. Status: ok
[1755163024.578][INFO]: [9525ab14013b9f10aa0f81426611405e] RESPONSE GetElementText "2025-07-28"
[1755163024.579][INFO]: [9525ab14013b9f10aa0f81426611405e] COMMAND GetElementText {
   "id": "f.495C356B0656AF67333FEFF3EE6D4D65.d.F9059DA95EF9E2AB62B058F1065C4DED.e.44"
}
[1755163024.579][INFO]: Waiting for pending navigations...
[1755163024.580][INFO]: Done waiting for pending navigations. Status: ok
[1755163024.589][INFO]: Waiting for pending navigations...
[1755163024.592][INFO]: Done waiting for pending navigations. Status: ok
[1755163024.592][INFO]: [9525ab14013b9f10aa0f81426611405e] RESPONSE GetElementText "2025-07-31"
[1755163024.593][INFO]: [9525ab14013b9f10aa0f81426611405e] COMMAND GetElementText {
   "id": "f.495C356B0656AF67333FEFF3EE6D4D65.d.F9059DA95EF9E2AB62B058F1065C4DED.e.45"
}
[1755163024.593][INFO]: Waiting for pending navigations...
[1755163024.594][INFO]: Done waiting for pending navigations. Status: ok
[1755163024.603][INFO]: Waiting for pending navigations...
[1755163024.603][INFO]: Done waiting for pending navigations. Status: ok
[1755163024.603][INFO]: [9525ab14013b9f10aa0f81426611405e] RESPONSE GetElementText "2025-07-25"
[1755163024.605][INFO]: [9525ab14013b9f10aa0f81426611405e] COMMAND FindChildElements {
   "id": "f.495C356B0656AF67333FEFF3EE6D4D65.d.F9059DA95EF9E2AB62B058F1065C4DED.e.29",
   "using": "tag name",
   "value": "td"
}
[1755163024.605][INFO]: Waiting for pending navigations...
[1755163024.606][INFO]: Done waiting for pending navigations. Status: ok
[1755163024.614][INFO]: Waiting for pending navigations...
[1755163024.615][INFO]: Done waiting for pending navigations. Status: ok
[1755163024.615][INFO]: [9525ab14013b9f10aa0f81426611405e] RESPONSE FindChildElements [ {
   "element-6066-11e4-a52e-4f735466cecf": "f.495C356B0656AF67333FEFF3EE6D4D65.d.F9059DA95EF9E2AB62B058F1065C4DED.e.46"
}, {
   "element-6066-11e4-a52e-4f735466cecf": "f.495C356B0656AF67333FEFF3EE6D4D65.d.F9059DA95EF9E2AB62B058F1065C4DED.e.47"
}, {
   "element-6066-11e4-a52e-4f735466cecf": "f.495C356B0656AF67333FEFF3EE6D4D65.d.F9059DA95EF9E2AB62B058F1065C4DED.e.48"
}, {
   "element-6066-11e4-a52e-4f735466cecf": "f.495C356B0656AF67333FEFF3EE6D4D65.d.F9059DA95EF9E2AB62B058F1065C4DED.e.49"
} ]
[1755163024.616][INFO]: [9525ab14013b9f10aa0f81426611405e] COMMAND GetElementText {
   "id": "f.495C356B0656AF67333FEFF3EE6D4D65.d.F9059DA95EF9E2AB62B058F1065C4DED.e.46"
}
[1755163024.616][INFO]: Waiting for pending navigations...
[1755163024.617][INFO]: Done waiting for pending navigations. Status: ok
[1755163024.627][INFO]: Waiting for pending navigations...
[1755163024.628][INFO]: Done waiting for pending navigations. Status: ok
[1755163024.628][INFO]: [9525ab14013b9f10aa0f81426611405e] RESPONSE GetElementText "【天津】\n[2025-2032年武清分公司武清富强新家园小区管道租赁]项目直接采购公示"
[1755163024.629][INFO]: [9525ab14013b9f10aa0f81426611405e] COMMAND GetElementText {
   "id": "f.495C356B0656AF67333FEFF3EE6D4D65.d.F9059DA95EF9E2AB62B058F1065C4DED.e.46"
}
[1755163024.629][INFO]: Waiting for pending navigations...
[1755163024.630][INFO]: Done waiting for pending navigations. Status: ok
[1755163024.641][INFO]: Waiting for pending navigations...
[1755163024.642][INFO]: Done waiting for pending navigations. Status: ok
[1755163024.642][INFO]: [9525ab14013b9f10aa0f81426611405e] RESPONSE GetElementText "【天津】\n[2025-2032年武清分公司武清富强新家园小区管道租赁]项目直接采购公示"
[1755163024.644][INFO]: [9525ab14013b9f10aa0f81426611405e] COMMAND GetElementText {
   "id": "f.495C356B0656AF67333FEFF3EE6D4D65.d.F9059DA95EF9E2AB62B058F1065C4DED.e.47"
}
[1755163024.644][INFO]: Waiting for pending navigations...
[1755163024.645][INFO]: Done waiting for pending navigations. Status: ok
[1755163024.654][INFO]: Waiting for pending navigations...
[1755163024.655][INFO]: Done waiting for pending navigations. Status: ok
[1755163024.655][INFO]: [9525ab14013b9f10aa0f81426611405e] RESPONSE GetElementText "2025-07-28"
[1755163024.657][INFO]: [9525ab14013b9f10aa0f81426611405e] COMMAND GetElementText {
   "id": "f.495C356B0656AF67333FEFF3EE6D4D65.d.F9059DA95EF9E2AB62B058F1065C4DED.e.48"
}
[1755163024.657][INFO]: Waiting for pending navigations...
[1755163024.658][INFO]: Done waiting for pending navigations. Status: ok
[1755163024.667][INFO]: Waiting for pending navigations...
[1755163024.668][INFO]: Done waiting for pending navigations. Status: ok
[1755163024.668][INFO]: [9525ab14013b9f10aa0f81426611405e] RESPONSE GetElementText "2025-07-31"
[1755163024.670][INFO]: [9525ab14013b9f10aa0f81426611405e] COMMAND GetElementText {
   "id": "f.495C356B0656AF67333FEFF3EE6D4D65.d.F9059DA95EF9E2AB62B058F1065C4DED.e.49"
}
[1755163024.670][INFO]: Waiting for pending navigations...
[1755163024.671][INFO]: Done waiting for pending navigations. Status: ok
[1755163024.682][INFO]: Waiting for pending navigations...
[1755163024.683][INFO]: Done waiting for pending navigations. Status: ok
[1755163024.683][INFO]: [9525ab14013b9f10aa0f81426611405e] RESPONSE GetElementText "2025-07-25"
[1755163024.685][INFO]: [9525ab14013b9f10aa0f81426611405e] COMMAND FindElement {
   "using": "xpath",
   "value": "//button[contains(@class, 'btn-next')]"
}
[1755163024.685][INFO]: Waiting for pending navigations...
[1755163024.686][INFO]: Done waiting for pending navigations. Status: ok
[1755163024.694][INFO]: Waiting for pending navigations...
[1755163024.695][INFO]: Done waiting for pending navigations. Status: ok
[1755163024.695][INFO]: [9525ab14013b9f10aa0f81426611405e] RESPONSE FindElement {
   "element-6066-11e4-a52e-4f735466cecf": "f.495C356B0656AF67333FEFF3EE6D4D65.d.F9059DA95EF9E2AB62B058F1065C4DED.e.50"
}
[1755163024.697][INFO]: [9525ab14013b9f10aa0f81426611405e] COMMAND IsElementEnabled {
   "id": "f.495C356B0656AF67333FEFF3EE6D4D65.d.F9059DA95EF9E2AB62B058F1065C4DED.e.50"
}
[1755163024.697][INFO]: Waiting for pending navigations...
[1755163024.698][INFO]: Done waiting for pending navigations. Status: ok
[1755163024.707][INFO]: Waiting for pending navigations...
[1755163024.708][INFO]: Done waiting for pending navigations. Status: ok
[1755163024.708][INFO]: [9525ab14013b9f10aa0f81426611405e] RESPONSE IsElementEnabled true
[1755163024.710][INFO]: [9525ab14013b9f10aa0f81426611405e] COMMAND FindElement {
   "using": "xpath",
   "value": "//div[contains(@class, 'el-table__body-wrapper')]//tr[@class='el-table__row'][1]/td[1]"
}
[1755163024.710][INFO]: Waiting for pending navigations...
[1755163024.711][INFO]: Done waiting for pending navigations. Status: ok
[1755163024.720][INFO]: Waiting for pending navigations...
[1755163024.721][INFO]: Done waiting for pending navigations. Status: ok
[1755163024.721][INFO]: [9525ab14013b9f10aa0f81426611405e] RESPONSE FindElement {
   "element-6066-11e4-a52e-4f735466cecf": "f.495C356B0656AF67333FEFF3EE6D4D65.d.F9059DA95EF9E2AB62B058F1065C4DED.e.30"
}
[1755163024.724][INFO]: [9525ab14013b9f10aa0f81426611405e] COMMAND GetElementText {
   "id": "f.495C356B0656AF67333FEFF3EE6D4D65.d.F9059DA95EF9E2AB62B058F1065C4DED.e.30"
}
[1755163024.724][INFO]: Waiting for pending navigations...
[1755163024.725][INFO]: Done waiting for pending navigations. Status: ok
[1755163024.736][INFO]: Waiting for pending navigations...
[1755163024.737][INFO]: Done waiting for pending navigations. Status: ok
[1755163024.737][INFO]: [9525ab14013b9f10aa0f81426611405e] RESPONSE GetElementText "【天津】\n天津电信蓟州分公司办公楼2025-2027年建筑消防设施维护保养服务项目询比公告"
[1755163024.738][INFO]: [9525ab14013b9f10aa0f81426611405e] COMMAND ExecuteScript {
   "args": [ {
      "element-6066-11e4-a52e-4f735466cecf": "f.495C356B0656AF67333FEFF3EE6D4D65.d.F9059DA95EF9E2AB62B058F1065C4DED.e.50"
   } ],
   "script": "arguments[0].click();"
}
[1755163024.738][INFO]: Waiting for pending navigations...
[1755163024.739][INFO]: Done waiting for pending navigations. Status: ok
[1755163024.761][INFO]: Waiting for pending navigations...
[1755163024.766][INFO]: Done waiting for pending navigations. Status: ok
[1755163024.766][INFO]: [9525ab14013b9f10aa0f81426611405e] RESPONSE ExecuteScript null
[1755163024.767][INFO]: [9525ab14013b9f10aa0f81426611405e] COMMAND FindElement {
   "using": "xpath",
   "value": "//div[contains(@class, 'el-table__body-wrapper')]//tr[@class='el-table__row'][1]/td[1]"
}
[1755163024.767][INFO]: Waiting for pending navigations...
[1755163024.770][INFO]: Done waiting for pending navigations. Status: ok
[1755163024.777][INFO]: Waiting for pending navigations...
[1755163024.779][INFO]: Done waiting for pending navigations. Status: ok
[1755163024.779][INFO]: [9525ab14013b9f10aa0f81426611405e] RESPONSE FindElement {
   "element-6066-11e4-a52e-4f735466cecf": "f.495C356B0656AF67333FEFF3EE6D4D65.d.F9059DA95EF9E2AB62B058F1065C4DED.e.30"
}
[1755163024.780][INFO]: [9525ab14013b9f10aa0f81426611405e] COMMAND GetElementText {
   "id": "f.495C356B0656AF67333FEFF3EE6D4D65.d.F9059DA95EF9E2AB62B058F1065C4DED.e.30"
}
[1755163024.780][INFO]: Waiting for pending navigations...
[1755163024.781][INFO]: Done waiting for pending navigations. Status: ok
[1755163024.791][INFO]: Waiting for pending navigations...
[1755163024.792][INFO]: Done waiting for pending navigations. Status: ok
[1755163024.792][INFO]: [9525ab14013b9f10aa0f81426611405e] RESPONSE GetElementText "【天津】\n天津电信蓟州分公司办公楼2025-2027年建筑消防设施维护保养服务项目询比公告"
[1755163025.294][INFO]: [9525ab14013b9f10aa0f81426611405e] COMMAND FindElement {
   "using": "xpath",
   "value": "//div[contains(@class, 'el-table__body-wrapper')]//tr[@class='el-table__row'][1]/td[1]"
}
[1755163025.294][INFO]: Waiting for pending navigations...
[1755163025.295][INFO]: Done waiting for pending navigations. Status: ok
[1755163025.303][INFO]: Waiting for pending navigations...
[1755163025.304][INFO]: Done waiting for pending navigations. Status: ok
[1755163025.304][INFO]: [9525ab14013b9f10aa0f81426611405e] RESPONSE FindElement {
   "element-6066-11e4-a52e-4f735466cecf": "f.495C356B0656AF67333FEFF3EE6D4D65.d.F9059DA95EF9E2AB62B058F1065C4DED.e.30"
}
[1755163025.305][INFO]: [9525ab14013b9f10aa0f81426611405e] COMMAND GetElementText {
   "id": "f.495C356B0656AF67333FEFF3EE6D4D65.d.F9059DA95EF9E2AB62B058F1065C4DED.e.30"
}
[1755163025.305][INFO]: Waiting for pending navigations...
[1755163025.306][INFO]: Done waiting for pending navigations. Status: ok
[1755163025.318][INFO]: Waiting for pending navigations...
[1755163025.318][INFO]: Done waiting for pending navigations. Status: ok
[1755163025.318][INFO]: [9525ab14013b9f10aa0f81426611405e] RESPONSE GetElementText "【天津】\n天津电信蓟州分公司办公楼2025-2027年建筑消防设施维护保养服务项目询比公告"
[1755163025.821][INFO]: [9525ab14013b9f10aa0f81426611405e] COMMAND FindElement {
   "using": "xpath",
   "value": "//div[contains(@class, 'el-table__body-wrapper')]//tr[@class='el-table__row'][1]/td[1]"
}
[1755163025.821][INFO]: Waiting for pending navigations...
[1755163025.822][INFO]: Done waiting for pending navigations. Status: ok
[1755163025.830][INFO]: Waiting for pending navigations...
[1755163025.831][INFO]: Done waiting for pending navigations. Status: ok
[1755163025.831][INFO]: [9525ab14013b9f10aa0f81426611405e] RESPONSE FindElement {
   "element-6066-11e4-a52e-4f735466cecf": "f.495C356B0656AF67333FEFF3EE6D4D65.d.F9059DA95EF9E2AB62B058F1065C4DED.e.30"
}
[1755163025.833][INFO]: [9525ab14013b9f10aa0f81426611405e] COMMAND GetElementText {
   "id": "f.495C356B0656AF67333FEFF3EE6D4D65.d.F9059DA95EF9E2AB62B058F1065C4DED.e.30"
}
[1755163025.833][INFO]: Waiting for pending navigations...
[1755163025.834][INFO]: Done waiting for pending navigations. Status: ok
[1755163025.844][INFO]: Waiting for pending navigations...
[1755163025.845][INFO]: Done waiting for pending navigations. Status: ok
[1755163025.845][INFO]: [9525ab14013b9f10aa0f81426611405e] RESPONSE GetElementText "【天津】\n中国电信2025年天津分公司资源能力中心系统研发工程公开询比公告"
[1755163025.846][INFO]: [9525ab14013b9f10aa0f81426611405e] COMMAND FindElement {
   "using": "css selector",
   "value": ".tableList"
}
[1755163025.846][INFO]: Waiting for pending navigations...
[1755163025.847][INFO]: Done waiting for pending navigations. Status: ok
[1755163025.853][INFO]: Waiting for pending navigations...
[1755163025.855][INFO]: Done waiting for pending navigations. Status: ok
[1755163025.855][INFO]: [9525ab14013b9f10aa0f81426611405e] RESPONSE FindElement {
   "element-6066-11e4-a52e-4f735466cecf": "f.495C356B0656AF67333FEFF3EE6D4D65.d.F9059DA95EF9E2AB62B058F1065C4DED.e.24"
}
[1755163025.856][INFO]: [9525ab14013b9f10aa0f81426611405e] COMMAND FindElements {
   "using": "xpath",
   "value": "//div[contains(@class, 'el-table__body-wrapper')]//tr[@class='el-table__row']"
}
[1755163025.856][INFO]: Waiting for pending navigations...
[1755163025.857][INFO]: Done waiting for pending navigations. Status: ok
[1755163025.866][INFO]: Waiting for pending navigations...
[1755163025.867][INFO]: Done waiting for pending navigations. Status: ok
[1755163025.867][INFO]: [9525ab14013b9f10aa0f81426611405e] RESPONSE FindElements [ {
   "element-6066-11e4-a52e-4f735466cecf": "f.495C356B0656AF67333FEFF3EE6D4D65.d.F9059DA95EF9E2AB62B058F1065C4DED.e.25"
}, {
   "element-6066-11e4-a52e-4f735466cecf": "f.495C356B0656AF67333FEFF3EE6D4D65.d.F9059DA95EF9E2AB62B058F1065C4DED.e.26"
}, {
   "element-6066-11e4-a52e-4f735466cecf": "f.495C356B0656AF67333FEFF3EE6D4D65.d.F9059DA95EF9E2AB62B058F1065C4DED.e.27"
}, {
   "element-6066-11e4-a52e-4f735466cecf": "f.495C356B0656AF67333FEFF3EE6D4D65.d.F9059DA95EF9E2AB62B058F1065C4DED.e.28"
}, {
   "element-6066-11e4-a52e-4f735466cecf": "f.495C356B0656AF67333FEFF3EE6D4D65.d.F9059DA95EF9E2AB62B058F1065C4DED.e.29"
} ]
[1755163025.869][INFO]: [9525ab14013b9f10aa0f81426611405e] COMMAND FindChildElements {
   "id": "f.495C356B0656AF67333FEFF3EE6D4D65.d.F9059DA95EF9E2AB62B058F1065C4DED.e.25",
   "using": "tag name",
   "value": "td"
}
[1755163025.869][INFO]: Waiting for pending navigations...
[1755163025.870][INFO]: Done waiting for pending navigations. Status: ok
[1755163025.878][INFO]: Waiting for pending navigations...
[1755163025.879][INFO]: Done waiting for pending navigations. Status: ok
[1755163025.879][INFO]: [9525ab14013b9f10aa0f81426611405e] RESPONSE FindChildElements [ {
   "element-6066-11e4-a52e-4f735466cecf": "f.495C356B0656AF67333FEFF3EE6D4D65.d.F9059DA95EF9E2AB62B058F1065C4DED.e.30"
}, {
   "element-6066-11e4-a52e-4f735466cecf": "f.495C356B0656AF67333FEFF3EE6D4D65.d.F9059DA95EF9E2AB62B058F1065C4DED.e.31"
}, {
   "element-6066-11e4-a52e-4f735466cecf": "f.495C356B0656AF67333FEFF3EE6D4D65.d.F9059DA95EF9E2AB62B058F1065C4DED.e.32"
}, {
   "element-6066-11e4-a52e-4f735466cecf": "f.495C356B0656AF67333FEFF3EE6D4D65.d.F9059DA95EF9E2AB62B058F1065C4DED.e.33"
} ]
[1755163025.880][INFO]: [9525ab14013b9f10aa0f81426611405e] COMMAND GetElementText {
   "id": "f.495C356B0656AF67333FEFF3EE6D4D65.d.F9059DA95EF9E2AB62B058F1065C4DED.e.30"
}
[1755163025.880][INFO]: Waiting for pending navigations...
[1755163025.881][INFO]: Done waiting for pending navigations. Status: ok
[1755163025.891][INFO]: Waiting for pending navigations...
[1755163025.892][INFO]: Done waiting for pending navigations. Status: ok
[1755163025.892][INFO]: [9525ab14013b9f10aa0f81426611405e] RESPONSE GetElementText "【天津】\n中国电信2025年天津分公司资源能力中心系统研发工程公开询比公告"
[1755163025.893][INFO]: [9525ab14013b9f10aa0f81426611405e] COMMAND GetElementText {
   "id": "f.495C356B0656AF67333FEFF3EE6D4D65.d.F9059DA95EF9E2AB62B058F1065C4DED.e.30"
}
[1755163025.893][INFO]: Waiting for pending navigations...
[1755163025.894][INFO]: Done waiting for pending navigations. Status: ok
[1755163025.904][INFO]: Waiting for pending navigations...
[1755163025.905][INFO]: Done waiting for pending navigations. Status: ok
[1755163025.905][INFO]: [9525ab14013b9f10aa0f81426611405e] RESPONSE GetElementText "【天津】\n中国电信2025年天津分公司资源能力中心系统研发工程公开询比公告"
[1755163025.907][INFO]: [9525ab14013b9f10aa0f81426611405e] COMMAND GetElementText {
   "id": "f.495C356B0656AF67333FEFF3EE6D4D65.d.F9059DA95EF9E2AB62B058F1065C4DED.e.31"
}
[1755163025.907][INFO]: Waiting for pending navigations...
[1755163025.908][INFO]: Done waiting for pending navigations. Status: ok
[1755163025.918][INFO]: Waiting for pending navigations...
[1755163025.919][INFO]: Done waiting for pending navigations. Status: ok
[1755163025.919][INFO]: [9525ab14013b9f10aa0f81426611405e] RESPONSE GetElementText "2025-07-25"
[1755163025.920][INFO]: [9525ab14013b9f10aa0f81426611405e] COMMAND GetElementText {
   "id": "f.495C356B0656AF67333FEFF3EE6D4D65.d.F9059DA95EF9E2AB62B058F1065C4DED.e.32"
}
[1755163025.920][INFO]: Waiting for pending navigations...
[1755163025.921][INFO]: Done waiting for pending navigations. Status: ok
[1755163025.931][INFO]: Waiting for pending navigations...
[1755163025.932][INFO]: Done waiting for pending navigations. Status: ok
[1755163025.932][INFO]: [9525ab14013b9f10aa0f81426611405e] RESPONSE GetElementText "2025-07-29"
[1755163025.934][INFO]: [9525ab14013b9f10aa0f81426611405e] COMMAND GetElementText {
   "id": "f.495C356B0656AF67333FEFF3EE6D4D65.d.F9059DA95EF9E2AB62B058F1065C4DED.e.33"
}
[1755163025.934][INFO]: Waiting for pending navigations...
[1755163025.935][INFO]: Done waiting for pending navigations. Status: ok
[1755163025.944][INFO]: Waiting for pending navigations...
[1755163025.946][INFO]: Done waiting for pending navigations. Status: ok
[1755163025.946][INFO]: [9525ab14013b9f10aa0f81426611405e] RESPONSE GetElementText "2025-07-25"
[1755163025.947][INFO]: [9525ab14013b9f10aa0f81426611405e] COMMAND FindChildElements {
   "id": "f.495C356B0656AF67333FEFF3EE6D4D65.d.F9059DA95EF9E2AB62B058F1065C4DED.e.26",
   "using": "tag name",
   "value": "td"
}
[1755163025.947][INFO]: Waiting for pending navigations...
[1755163025.948][INFO]: Done waiting for pending navigations. Status: ok
[1755163025.957][INFO]: Waiting for pending navigations...
[1755163025.958][INFO]: Done waiting for pending navigations. Status: ok
[1755163025.958][INFO]: [9525ab14013b9f10aa0f81426611405e] RESPONSE FindChildElements [ {
   "element-6066-11e4-a52e-4f735466cecf": "f.495C356B0656AF67333FEFF3EE6D4D65.d.F9059DA95EF9E2AB62B058F1065C4DED.e.34"
}, {
   "element-6066-11e4-a52e-4f735466cecf": "f.495C356B0656AF67333FEFF3EE6D4D65.d.F9059DA95EF9E2AB62B058F1065C4DED.e.35"
}, {
   "element-6066-11e4-a52e-4f735466cecf": "f.495C356B0656AF67333FEFF3EE6D4D65.d.F9059DA95EF9E2AB62B058F1065C4DED.e.36"
}, {
   "element-6066-11e4-a52e-4f735466cecf": "f.495C356B0656AF67333FEFF3EE6D4D65.d.F9059DA95EF9E2AB62B058F1065C4DED.e.37"
} ]
[1755163025.959][INFO]: [9525ab14013b9f10aa0f81426611405e] COMMAND GetElementText {
   "id": "f.495C356B0656AF67333FEFF3EE6D4D65.d.F9059DA95EF9E2AB62B058F1065C4DED.e.34"
}
[1755163025.959][INFO]: Waiting for pending navigations...
[1755163025.960][INFO]: Done waiting for pending navigations. Status: ok
[1755163025.971][INFO]: Waiting for pending navigations...
[1755163025.971][INFO]: Done waiting for pending navigations. Status: ok
[1755163025.971][INFO]: [9525ab14013b9f10aa0f81426611405e] RESPONSE GetElementText "【天津】\n中国电信津南分公司天津海联力通汽车销售服务有限公司新建语音交换机工程成交候选人公示"
[1755163025.973][INFO]: [9525ab14013b9f10aa0f81426611405e] COMMAND GetElementText {
   "id": "f.495C356B0656AF67333FEFF3EE6D4D65.d.F9059DA95EF9E2AB62B058F1065C4DED.e.34"
}
[1755163025.973][INFO]: Waiting for pending navigations...
[1755163025.974][INFO]: Done waiting for pending navigations. Status: ok
[1755163025.985][INFO]: Waiting for pending navigations...
[1755163025.986][INFO]: Done waiting for pending navigations. Status: ok
[1755163025.986][INFO]: [9525ab14013b9f10aa0f81426611405e] RESPONSE GetElementText "【天津】\n中国电信津南分公司天津海联力通汽车销售服务有限公司新建语音交换机工程成交候选人公示"
[1755163025.987][INFO]: [9525ab14013b9f10aa0f81426611405e] COMMAND GetElementText {
   "id": "f.495C356B0656AF67333FEFF3EE6D4D65.d.F9059DA95EF9E2AB62B058F1065C4DED.e.35"
}
[1755163025.987][INFO]: Waiting for pending navigations...
[1755163025.988][INFO]: Done waiting for pending navigations. Status: ok
[1755163025.998][INFO]: Waiting for pending navigations...
[1755163025.998][INFO]: Done waiting for pending navigations. Status: ok
[1755163025.998][INFO]: [9525ab14013b9f10aa0f81426611405e] RESPONSE GetElementText "2025-07-28"
[1755163026.000][INFO]: [9525ab14013b9f10aa0f81426611405e] COMMAND GetElementText {
   "id": "f.495C356B0656AF67333FEFF3EE6D4D65.d.F9059DA95EF9E2AB62B058F1065C4DED.e.36"
}
[1755163026.000][INFO]: Waiting for pending navigations...
[1755163026.001][INFO]: Done waiting for pending navigations. Status: ok
[1755163026.009][INFO]: Waiting for pending navigations...
[1755163026.010][INFO]: Done waiting for pending navigations. Status: ok
[1755163026.010][INFO]: [9525ab14013b9f10aa0f81426611405e] RESPONSE GetElementText "2025-07-30"
[1755163026.012][INFO]: [9525ab14013b9f10aa0f81426611405e] COMMAND GetElementText {
   "id": "f.495C356B0656AF67333FEFF3EE6D4D65.d.F9059DA95EF9E2AB62B058F1065C4DED.e.37"
}
[1755163026.012][INFO]: Waiting for pending navigations...
[1755163026.013][INFO]: Done waiting for pending navigations. Status: ok
[1755163026.023][INFO]: Waiting for pending navigations...
[1755163026.023][INFO]: Done waiting for pending navigations. Status: ok
[1755163026.023][INFO]: [9525ab14013b9f10aa0f81426611405e] RESPONSE GetElementText "2025-07-25"
[1755163026.025][INFO]: [9525ab14013b9f10aa0f81426611405e] COMMAND FindChildElements {
   "id": "f.495C356B0656AF67333FEFF3EE6D4D65.d.F9059DA95EF9E2AB62B058F1065C4DED.e.27",
   "using": "tag name",
   "value": "td"
}
[1755163026.025][INFO]: Waiting for pending navigations...
[1755163026.026][INFO]: Done waiting for pending navigations. Status: ok
[1755163026.035][INFO]: Waiting for pending navigations...
[1755163026.035][INFO]: Done waiting for pending navigations. Status: ok
[1755163026.035][INFO]: [9525ab14013b9f10aa0f81426611405e] RESPONSE FindChildElements [ {
   "element-6066-11e4-a52e-4f735466cecf": "f.495C356B0656AF67333FEFF3EE6D4D65.d.F9059DA95EF9E2AB62B058F1065C4DED.e.38"
}, {
   "element-6066-11e4-a52e-4f735466cecf": "f.495C356B0656AF67333FEFF3EE6D4D65.d.F9059DA95EF9E2AB62B058F1065C4DED.e.39"
}, {
   "element-6066-11e4-a52e-4f735466cecf": "f.495C356B0656AF67333FEFF3EE6D4D65.d.F9059DA95EF9E2AB62B058F1065C4DED.e.40"
}, {
   "element-6066-11e4-a52e-4f735466cecf": "f.495C356B0656AF67333FEFF3EE6D4D65.d.F9059DA95EF9E2AB62B058F1065C4DED.e.41"
} ]
[1755163026.037][INFO]: [9525ab14013b9f10aa0f81426611405e] COMMAND GetElementText {
   "id": "f.495C356B0656AF67333FEFF3EE6D4D65.d.F9059DA95EF9E2AB62B058F1065C4DED.e.38"
}
[1755163026.037][INFO]: Waiting for pending navigations...
[1755163026.038][INFO]: Done waiting for pending navigations. Status: ok
[1755163026.048][INFO]: Waiting for pending navigations...
[1755163026.049][INFO]: Done waiting for pending navigations. Status: ok
[1755163026.049][INFO]: [9525ab14013b9f10aa0f81426611405e] RESPONSE GetElementText "【天津】\n中国电信天津分公司2025年业务平台综合网管升级工程询比结果公示"
[1755163026.050][INFO]: [9525ab14013b9f10aa0f81426611405e] COMMAND GetElementText {
   "id": "f.495C356B0656AF67333FEFF3EE6D4D65.d.F9059DA95EF9E2AB62B058F1065C4DED.e.38"
}
[1755163026.050][INFO]: Waiting for pending navigations...
[1755163026.051][INFO]: Done waiting for pending navigations. Status: ok
[1755163026.063][INFO]: Waiting for pending navigations...
[1755163026.064][INFO]: Done waiting for pending navigations. Status: ok
[1755163026.064][INFO]: [9525ab14013b9f10aa0f81426611405e] RESPONSE GetElementText "【天津】\n中国电信天津分公司2025年业务平台综合网管升级工程询比结果公示"
[1755163026.065][INFO]: [9525ab14013b9f10aa0f81426611405e] COMMAND GetElementText {
   "id": "f.495C356B0656AF67333FEFF3EE6D4D65.d.F9059DA95EF9E2AB62B058F1065C4DED.e.39"
}
[1755163026.065][INFO]: Waiting for pending navigations...
[1755163026.066][INFO]: Done waiting for pending navigations. Status: ok
[1755163026.075][INFO]: Waiting for pending navigations...
[1755163026.076][INFO]: Done waiting for pending navigations. Status: ok
[1755163026.076][INFO]: [9525ab14013b9f10aa0f81426611405e] RESPONSE GetElementText ""
[1755163026.077][INFO]: [9525ab14013b9f10aa0f81426611405e] COMMAND GetElementText {
   "id": "f.495C356B0656AF67333FEFF3EE6D4D65.d.F9059DA95EF9E2AB62B058F1065C4DED.e.40"
}
[1755163026.077][INFO]: Waiting for pending navigations...
[1755163026.078][INFO]: Done waiting for pending navigations. Status: ok
[1755163026.088][INFO]: Waiting for pending navigations...
[1755163026.088][INFO]: Done waiting for pending navigations. Status: ok
[1755163026.088][INFO]: [9525ab14013b9f10aa0f81426611405e] RESPONSE GetElementText ""
[1755163026.090][INFO]: [9525ab14013b9f10aa0f81426611405e] COMMAND GetElementText {
   "id": "f.495C356B0656AF67333FEFF3EE6D4D65.d.F9059DA95EF9E2AB62B058F1065C4DED.e.41"
}
[1755163026.090][INFO]: Waiting for pending navigations...
[1755163026.090][INFO]: Done waiting for pending navigations. Status: ok
[1755163026.103][INFO]: Waiting for pending navigations...
[1755163026.104][INFO]: Done waiting for pending navigations. Status: ok
[1755163026.104][INFO]: [9525ab14013b9f10aa0f81426611405e] RESPONSE GetElementText "2025-07-25"
[1755163026.105][INFO]: [9525ab14013b9f10aa0f81426611405e] COMMAND FindChildElements {
   "id": "f.495C356B0656AF67333FEFF3EE6D4D65.d.F9059DA95EF9E2AB62B058F1065C4DED.e.28",
   "using": "tag name",
   "value": "td"
}
[1755163026.105][INFO]: Waiting for pending navigations...
[1755163026.106][INFO]: Done waiting for pending navigations. Status: ok
[1755163026.114][INFO]: Waiting for pending navigations...
[1755163026.115][INFO]: Done waiting for pending navigations. Status: ok
[1755163026.115][INFO]: [9525ab14013b9f10aa0f81426611405e] RESPONSE FindChildElements [ {
   "element-6066-11e4-a52e-4f735466cecf": "f.495C356B0656AF67333FEFF3EE6D4D65.d.F9059DA95EF9E2AB62B058F1065C4DED.e.42"
}, {
   "element-6066-11e4-a52e-4f735466cecf": "f.495C356B0656AF67333FEFF3EE6D4D65.d.F9059DA95EF9E2AB62B058F1065C4DED.e.43"
}, {
   "element-6066-11e4-a52e-4f735466cecf": "f.495C356B0656AF67333FEFF3EE6D4D65.d.F9059DA95EF9E2AB62B058F1065C4DED.e.44"
}, {
   "element-6066-11e4-a52e-4f735466cecf": "f.495C356B0656AF67333FEFF3EE6D4D65.d.F9059DA95EF9E2AB62B058F1065C4DED.e.45"
} ]
[1755163026.117][INFO]: [9525ab14013b9f10aa0f81426611405e] COMMAND GetElementText {
   "id": "f.495C356B0656AF67333FEFF3EE6D4D65.d.F9059DA95EF9E2AB62B058F1065C4DED.e.42"
}
[1755163026.117][INFO]: Waiting for pending navigations...
[1755163026.118][INFO]: Done waiting for pending navigations. Status: ok
[1755163026.129][INFO]: Waiting for pending navigations...
[1755163026.130][INFO]: Done waiting for pending navigations. Status: ok
[1755163026.130][INFO]: [9525ab14013b9f10aa0f81426611405e] RESPONSE GetElementText "【天津】\n天津市职业大学（海教园校区）室分用电协议续签项目直接采购公示"
[1755163026.131][INFO]: [9525ab14013b9f10aa0f81426611405e] COMMAND GetElementText {
   "id": "f.495C356B0656AF67333FEFF3EE6D4D65.d.F9059DA95EF9E2AB62B058F1065C4DED.e.42"
}
[1755163026.131][INFO]: Waiting for pending navigations...
[1755163026.132][INFO]: Done waiting for pending navigations. Status: ok
[1755163026.143][INFO]: Waiting for pending navigations...
[1755163026.144][INFO]: Done waiting for pending navigations. Status: ok
[1755163026.144][INFO]: [9525ab14013b9f10aa0f81426611405e] RESPONSE GetElementText "【天津】\n天津市职业大学（海教园校区）室分用电协议续签项目直接采购公示"
[1755163026.145][INFO]: [9525ab14013b9f10aa0f81426611405e] COMMAND GetElementText {
   "id": "f.495C356B0656AF67333FEFF3EE6D4D65.d.F9059DA95EF9E2AB62B058F1065C4DED.e.43"
}
[1755163026.145][INFO]: Waiting for pending navigations...
[1755163026.146][INFO]: Done waiting for pending navigations. Status: ok
[1755163026.155][INFO]: Waiting for pending navigations...
[1755163026.156][INFO]: Done waiting for pending navigations. Status: ok
[1755163026.156][INFO]: [9525ab14013b9f10aa0f81426611405e] RESPONSE GetElementText "2025-07-28"
[1755163026.157][INFO]: [9525ab14013b9f10aa0f81426611405e] COMMAND GetElementText {
   "id": "f.495C356B0656AF67333FEFF3EE6D4D65.d.F9059DA95EF9E2AB62B058F1065C4DED.e.44"
}
[1755163026.157][INFO]: Waiting for pending navigations...
[1755163026.158][INFO]: Done waiting for pending navigations. Status: ok
[1755163026.168][INFO]: Waiting for pending navigations...
[1755163026.168][INFO]: Done waiting for pending navigations. Status: ok
[1755163026.168][INFO]: [9525ab14013b9f10aa0f81426611405e] RESPONSE GetElementText "2025-07-30"
[1755163026.170][INFO]: [9525ab14013b9f10aa0f81426611405e] COMMAND GetElementText {
   "id": "f.495C356B0656AF67333FEFF3EE6D4D65.d.F9059DA95EF9E2AB62B058F1065C4DED.e.45"
}
[1755163026.170][INFO]: Waiting for pending navigations...
[1755163026.171][INFO]: Done waiting for pending navigations. Status: ok
[1755163026.179][INFO]: Waiting for pending navigations...
[1755163026.180][INFO]: Done waiting for pending navigations. Status: ok
[1755163026.180][INFO]: [9525ab14013b9f10aa0f81426611405e] RESPONSE GetElementText "2025-07-25"
[1755163026.182][INFO]: [9525ab14013b9f10aa0f81426611405e] COMMAND FindChildElements {
   "id": "f.495C356B0656AF67333FEFF3EE6D4D65.d.F9059DA95EF9E2AB62B058F1065C4DED.e.29",
   "using": "tag name",
   "value": "td"
}
[1755163026.182][INFO]: Waiting for pending navigations...
[1755163026.182][INFO]: Done waiting for pending navigations. Status: ok
[1755163026.191][INFO]: Waiting for pending navigations...
[1755163026.192][INFO]: Done waiting for pending navigations. Status: ok
[1755163026.192][INFO]: [9525ab14013b9f10aa0f81426611405e] RESPONSE FindChildElements [ {
   "element-6066-11e4-a52e-4f735466cecf": "f.495C356B0656AF67333FEFF3EE6D4D65.d.F9059DA95EF9E2AB62B058F1065C4DED.e.46"
}, {
   "element-6066-11e4-a52e-4f735466cecf": "f.495C356B0656AF67333FEFF3EE6D4D65.d.F9059DA95EF9E2AB62B058F1065C4DED.e.47"
}, {
   "element-6066-11e4-a52e-4f735466cecf": "f.495C356B0656AF67333FEFF3EE6D4D65.d.F9059DA95EF9E2AB62B058F1065C4DED.e.48"
}, {
   "element-6066-11e4-a52e-4f735466cecf": "f.495C356B0656AF67333FEFF3EE6D4D65.d.F9059DA95EF9E2AB62B058F1065C4DED.e.49"
} ]
[1755163026.193][INFO]: [9525ab14013b9f10aa0f81426611405e] COMMAND GetElementText {
   "id": "f.495C356B0656AF67333FEFF3EE6D4D65.d.F9059DA95EF9E2AB62B058F1065C4DED.e.46"
}
[1755163026.193][INFO]: Waiting for pending navigations...
[1755163026.195][INFO]: Done waiting for pending navigations. Status: ok
[1755163026.205][INFO]: Waiting for pending navigations...
[1755163026.206][INFO]: Done waiting for pending navigations. Status: ok
[1755163026.206][INFO]: [9525ab14013b9f10aa0f81426611405e] RESPONSE GetElementText "【天津】\n中国电信2025年天津分公司客服投诉工单研发工程采购项目询比公告"
[1755163026.207][INFO]: [9525ab14013b9f10aa0f81426611405e] COMMAND GetElementText {
   "id": "f.495C356B0656AF67333FEFF3EE6D4D65.d.F9059DA95EF9E2AB62B058F1065C4DED.e.46"
}
[1755163026.207][INFO]: Waiting for pending navigations...
[1755163026.208][INFO]: Done waiting for pending navigations. Status: ok
[1755163026.219][INFO]: Waiting for pending navigations...
[1755163026.219][INFO]: Done waiting for pending navigations. Status: ok
[1755163026.219][INFO]: [9525ab14013b9f10aa0f81426611405e] RESPONSE GetElementText "【天津】\n中国电信2025年天津分公司客服投诉工单研发工程采购项目询比公告"
[1755163026.221][INFO]: [9525ab14013b9f10aa0f81426611405e] COMMAND GetElementText {
   "id": "f.495C356B0656AF67333FEFF3EE6D4D65.d.F9059DA95EF9E2AB62B058F1065C4DED.e.47"
}
[1755163026.221][INFO]: Waiting for pending navigations...
[1755163026.222][INFO]: Done waiting for pending navigations. Status: ok
[1755163026.231][INFO]: Waiting for pending navigations...
[1755163026.232][INFO]: Done waiting for pending navigations. Status: ok
[1755163026.232][INFO]: [9525ab14013b9f10aa0f81426611405e] RESPONSE GetElementText "2025-07-25"
[1755163026.233][INFO]: [9525ab14013b9f10aa0f81426611405e] COMMAND GetElementText {
   "id": "f.495C356B0656AF67333FEFF3EE6D4D65.d.F9059DA95EF9E2AB62B058F1065C4DED.e.48"
}
[1755163026.233][INFO]: Waiting for pending navigations...
[1755163026.234][INFO]: Done waiting for pending navigations. Status: ok
[1755163026.244][INFO]: Waiting for pending navigations...
[1755163026.245][INFO]: Done waiting for pending navigations. Status: ok
[1755163026.245][INFO]: [9525ab14013b9f10aa0f81426611405e] RESPONSE GetElementText "2025-07-28"
[1755163026.246][INFO]: [9525ab14013b9f10aa0f81426611405e] COMMAND GetElementText {
   "id": "f.495C356B0656AF67333FEFF3EE6D4D65.d.F9059DA95EF9E2AB62B058F1065C4DED.e.49"
}
[1755163026.246][INFO]: Waiting for pending navigations...
[1755163026.247][INFO]: Done waiting for pending navigations. Status: ok
[1755163026.257][INFO]: Waiting for pending navigations...
[1755163026.258][INFO]: Done waiting for pending navigations. Status: ok
[1755163026.258][INFO]: [9525ab14013b9f10aa0f81426611405e] RESPONSE GetElementText "2025-07-24"
[1755163026.259][INFO]: [9525ab14013b9f10aa0f81426611405e] COMMAND FindElement {
   "using": "xpath",
   "value": "//button[contains(@class, 'btn-next')]"
}
[1755163026.260][INFO]: Waiting for pending navigations...
[1755163026.260][INFO]: Done waiting for pending navigations. Status: ok
[1755163026.268][INFO]: Waiting for pending navigations...
[1755163026.269][INFO]: Done waiting for pending navigations. Status: ok
[1755163026.269][INFO]: [9525ab14013b9f10aa0f81426611405e] RESPONSE FindElement {
   "element-6066-11e4-a52e-4f735466cecf": "f.495C356B0656AF67333FEFF3EE6D4D65.d.F9059DA95EF9E2AB62B058F1065C4DED.e.50"
}
[1755163026.271][INFO]: [9525ab14013b9f10aa0f81426611405e] COMMAND IsElementEnabled {
   "id": "f.495C356B0656AF67333FEFF3EE6D4D65.d.F9059DA95EF9E2AB62B058F1065C4DED.e.50"
}
[1755163026.271][INFO]: Waiting for pending navigations...
[1755163026.272][INFO]: Done waiting for pending navigations. Status: ok
[1755163026.280][INFO]: Waiting for pending navigations...
[1755163026.281][INFO]: Done waiting for pending navigations. Status: ok
[1755163026.281][INFO]: [9525ab14013b9f10aa0f81426611405e] RESPONSE IsElementEnabled true
[1755163026.283][INFO]: [9525ab14013b9f10aa0f81426611405e] COMMAND FindElement {
   "using": "xpath",
   "value": "//div[contains(@class, 'el-table__body-wrapper')]//tr[@class='el-table__row'][1]/td[1]"
}
[1755163026.283][INFO]: Waiting for pending navigations...
[1755163026.284][INFO]: Done waiting for pending navigations. Status: ok
[1755163026.291][INFO]: Waiting for pending navigations...
[1755163026.293][INFO]: Done waiting for pending navigations. Status: ok
[1755163026.293][INFO]: [9525ab14013b9f10aa0f81426611405e] RESPONSE FindElement {
   "element-6066-11e4-a52e-4f735466cecf": "f.495C356B0656AF67333FEFF3EE6D4D65.d.F9059DA95EF9E2AB62B058F1065C4DED.e.30"
}
[1755163026.294][INFO]: [9525ab14013b9f10aa0f81426611405e] COMMAND GetElementText {
   "id": "f.495C356B0656AF67333FEFF3EE6D4D65.d.F9059DA95EF9E2AB62B058F1065C4DED.e.30"
}
[1755163026.294][INFO]: Waiting for pending navigations...
[1755163026.295][INFO]: Done waiting for pending navigations. Status: ok
[1755163026.307][INFO]: Waiting for pending navigations...
[1755163026.307][INFO]: Done waiting for pending navigations. Status: ok
[1755163026.307][INFO]: [9525ab14013b9f10aa0f81426611405e] RESPONSE GetElementText "【天津】\n中国电信2025年天津分公司资源能力中心系统研发工程公开询比公告"
[1755163026.309][INFO]: [9525ab14013b9f10aa0f81426611405e] COMMAND ExecuteScript {
   "args": [ {
      "element-6066-11e4-a52e-4f735466cecf": "f.495C356B0656AF67333FEFF3EE6D4D65.d.F9059DA95EF9E2AB62B058F1065C4DED.e.50"
   } ],
   "script": "arguments[0].click();"
}
[1755163026.309][INFO]: Waiting for pending navigations...
[1755163026.310][INFO]: Done waiting for pending navigations. Status: ok
[1755163026.333][INFO]: Waiting for pending navigations...
[1755163026.337][INFO]: Done waiting for pending navigations. Status: ok
[1755163026.337][INFO]: [9525ab14013b9f10aa0f81426611405e] RESPONSE ExecuteScript null
[1755163026.339][INFO]: [9525ab14013b9f10aa0f81426611405e] COMMAND FindElement {
   "using": "xpath",
   "value": "//div[contains(@class, 'el-table__body-wrapper')]//tr[@class='el-table__row'][1]/td[1]"
}
[1755163026.339][INFO]: Waiting for pending navigations...
[1755163026.342][INFO]: Done waiting for pending navigations. Status: ok
[1755163026.350][INFO]: Waiting for pending navigations...
[1755163026.351][INFO]: Done waiting for pending navigations. Status: ok
[1755163026.351][INFO]: [9525ab14013b9f10aa0f81426611405e] RESPONSE FindElement {
   "element-6066-11e4-a52e-4f735466cecf": "f.495C356B0656AF67333FEFF3EE6D4D65.d.F9059DA95EF9E2AB62B058F1065C4DED.e.30"
}
[1755163026.352][INFO]: [9525ab14013b9f10aa0f81426611405e] COMMAND GetElementText {
   "id": "f.495C356B0656AF67333FEFF3EE6D4D65.d.F9059DA95EF9E2AB62B058F1065C4DED.e.30"
}
[1755163026.352][INFO]: Waiting for pending navigations...
[1755163026.353][INFO]: Done waiting for pending navigations. Status: ok
[1755163026.363][INFO]: Waiting for pending navigations...
[1755163026.364][INFO]: Done waiting for pending navigations. Status: ok
[1755163026.364][INFO]: [9525ab14013b9f10aa0f81426611405e] RESPONSE GetElementText "【天津】\n中国电信2025年天津分公司资源能力中心系统研发工程公开询比公告"
[1755163026.866][INFO]: [9525ab14013b9f10aa0f81426611405e] COMMAND FindElement {
   "using": "xpath",
   "value": "//div[contains(@class, 'el-table__body-wrapper')]//tr[@class='el-table__row'][1]/td[1]"
}
[1755163026.866][INFO]: Waiting for pending navigations...
[1755163026.868][INFO]: Done waiting for pending navigations. Status: ok
[1755163026.878][INFO]: Waiting for pending navigations...
[1755163026.879][INFO]: Done waiting for pending navigations. Status: ok
[1755163026.879][INFO]: [9525ab14013b9f10aa0f81426611405e] RESPONSE FindElement {
   "element-6066-11e4-a52e-4f735466cecf": "f.495C356B0656AF67333FEFF3EE6D4D65.d.F9059DA95EF9E2AB62B058F1065C4DED.e.30"
}
[1755163026.880][INFO]: [9525ab14013b9f10aa0f81426611405e] COMMAND GetElementText {
   "id": "f.495C356B0656AF67333FEFF3EE6D4D65.d.F9059DA95EF9E2AB62B058F1065C4DED.e.30"
}
[1755163026.880][INFO]: Waiting for pending navigations...
[1755163026.881][INFO]: Done waiting for pending navigations. Status: ok
[1755163026.892][INFO]: Waiting for pending navigations...
[1755163026.893][INFO]: Done waiting for pending navigations. Status: ok
[1755163026.893][INFO]: [9525ab14013b9f10aa0f81426611405e] RESPONSE GetElementText "【天津】\n中国电信2025年天津分公司资源能力中心系统研发工程公开询比公告"
[1755163027.395][INFO]: [9525ab14013b9f10aa0f81426611405e] COMMAND FindElement {
   "using": "xpath",
   "value": "//div[contains(@class, 'el-table__body-wrapper')]//tr[@class='el-table__row'][1]/td[1]"
}
[1755163027.395][INFO]: Waiting for pending navigations...
[1755163027.396][INFO]: Done waiting for pending navigations. Status: ok
[1755163027.404][INFO]: Waiting for pending navigations...
[1755163027.404][INFO]: Done waiting for pending navigations. Status: ok
[1755163027.404][INFO]: [9525ab14013b9f10aa0f81426611405e] RESPONSE FindElement {
   "element-6066-11e4-a52e-4f735466cecf": "f.495C356B0656AF67333FEFF3EE6D4D65.d.F9059DA95EF9E2AB62B058F1065C4DED.e.30"
}
[1755163027.406][INFO]: [9525ab14013b9f10aa0f81426611405e] COMMAND GetElementText {
   "id": "f.495C356B0656AF67333FEFF3EE6D4D65.d.F9059DA95EF9E2AB62B058F1065C4DED.e.30"
}
[1755163027.406][INFO]: Waiting for pending navigations...
[1755163027.406][INFO]: Done waiting for pending navigations. Status: ok
[1755163027.416][INFO]: Waiting for pending navigations...
[1755163027.416][INFO]: Done waiting for pending navigations. Status: ok
[1755163027.416][INFO]: [9525ab14013b9f10aa0f81426611405e] RESPONSE GetElementText "【天津】\n静海电信分公司2025年开发区机房用电项目"
[1755163027.418][INFO]: [9525ab14013b9f10aa0f81426611405e] COMMAND FindElement {
   "using": "css selector",
   "value": ".tableList"
}
[1755163027.418][INFO]: Waiting for pending navigations...
[1755163027.419][INFO]: Done waiting for pending navigations. Status: ok
[1755163027.425][INFO]: Waiting for pending navigations...
[1755163027.426][INFO]: Done waiting for pending navigations. Status: ok
[1755163027.426][INFO]: [9525ab14013b9f10aa0f81426611405e] RESPONSE FindElement {
   "element-6066-11e4-a52e-4f735466cecf": "f.495C356B0656AF67333FEFF3EE6D4D65.d.F9059DA95EF9E2AB62B058F1065C4DED.e.24"
}
[1755163027.427][INFO]: [9525ab14013b9f10aa0f81426611405e] COMMAND FindElements {
   "using": "xpath",
   "value": "//div[contains(@class, 'el-table__body-wrapper')]//tr[@class='el-table__row']"
}
[1755163027.427][INFO]: Waiting for pending navigations...
[1755163027.428][INFO]: Done waiting for pending navigations. Status: ok
[1755163027.435][INFO]: Waiting for pending navigations...
[1755163027.436][INFO]: Done waiting for pending navigations. Status: ok
[1755163027.436][INFO]: [9525ab14013b9f10aa0f81426611405e] RESPONSE FindElements [ {
   "element-6066-11e4-a52e-4f735466cecf": "f.495C356B0656AF67333FEFF3EE6D4D65.d.F9059DA95EF9E2AB62B058F1065C4DED.e.25"
}, {
   "element-6066-11e4-a52e-4f735466cecf": "f.495C356B0656AF67333FEFF3EE6D4D65.d.F9059DA95EF9E2AB62B058F1065C4DED.e.26"
}, {
   "element-6066-11e4-a52e-4f735466cecf": "f.495C356B0656AF67333FEFF3EE6D4D65.d.F9059DA95EF9E2AB62B058F1065C4DED.e.27"
}, {
   "element-6066-11e4-a52e-4f735466cecf": "f.495C356B0656AF67333FEFF3EE6D4D65.d.F9059DA95EF9E2AB62B058F1065C4DED.e.28"
}, {
   "element-6066-11e4-a52e-4f735466cecf": "f.495C356B0656AF67333FEFF3EE6D4D65.d.F9059DA95EF9E2AB62B058F1065C4DED.e.29"
} ]
[1755163027.438][INFO]: [9525ab14013b9f10aa0f81426611405e] COMMAND FindChildElements {
   "id": "f.495C356B0656AF67333FEFF3EE6D4D65.d.F9059DA95EF9E2AB62B058F1065C4DED.e.25",
   "using": "tag name",
   "value": "td"
}
[1755163027.438][INFO]: Waiting for pending navigations...
[1755163027.438][INFO]: Done waiting for pending navigations. Status: ok
[1755163027.446][INFO]: Waiting for pending navigations...
[1755163027.446][INFO]: Done waiting for pending navigations. Status: ok
[1755163027.446][INFO]: [9525ab14013b9f10aa0f81426611405e] RESPONSE FindChildElements [ {
   "element-6066-11e4-a52e-4f735466cecf": "f.495C356B0656AF67333FEFF3EE6D4D65.d.F9059DA95EF9E2AB62B058F1065C4DED.e.30"
}, {
   "element-6066-11e4-a52e-4f735466cecf": "f.495C356B0656AF67333FEFF3EE6D4D65.d.F9059DA95EF9E2AB62B058F1065C4DED.e.31"
}, {
   "element-6066-11e4-a52e-4f735466cecf": "f.495C356B0656AF67333FEFF3EE6D4D65.d.F9059DA95EF9E2AB62B058F1065C4DED.e.32"
}, {
   "element-6066-11e4-a52e-4f735466cecf": "f.495C356B0656AF67333FEFF3EE6D4D65.d.F9059DA95EF9E2AB62B058F1065C4DED.e.33"
} ]
[1755163027.448][INFO]: [9525ab14013b9f10aa0f81426611405e] COMMAND GetElementText {
   "id": "f.495C356B0656AF67333FEFF3EE6D4D65.d.F9059DA95EF9E2AB62B058F1065C4DED.e.30"
}
[1755163027.448][INFO]: Waiting for pending navigations...
[1755163027.449][INFO]: Done waiting for pending navigations. Status: ok
[1755163027.458][INFO]: Waiting for pending navigations...
[1755163027.459][INFO]: Done waiting for pending navigations. Status: ok
[1755163027.459][INFO]: [9525ab14013b9f10aa0f81426611405e] RESPONSE GetElementText "【天津】\n静海电信分公司2025年开发区机房用电项目"
[1755163027.461][INFO]: [9525ab14013b9f10aa0f81426611405e] COMMAND GetElementText {
   "id": "f.495C356B0656AF67333FEFF3EE6D4D65.d.F9059DA95EF9E2AB62B058F1065C4DED.e.30"
}
[1755163027.461][INFO]: Waiting for pending navigations...
[1755163027.462][INFO]: Done waiting for pending navigations. Status: ok
[1755163027.472][INFO]: Waiting for pending navigations...
[1755163027.473][INFO]: Done waiting for pending navigations. Status: ok
[1755163027.473][INFO]: [9525ab14013b9f10aa0f81426611405e] RESPONSE GetElementText "【天津】\n静海电信分公司2025年开发区机房用电项目"
[1755163027.474][INFO]: [9525ab14013b9f10aa0f81426611405e] COMMAND GetElementText {
   "id": "f.495C356B0656AF67333FEFF3EE6D4D65.d.F9059DA95EF9E2AB62B058F1065C4DED.e.31"
}
[1755163027.474][INFO]: Waiting for pending navigations...
[1755163027.475][INFO]: Done waiting for pending navigations. Status: ok
[1755163027.484][INFO]: Waiting for pending navigations...
[1755163027.485][INFO]: Done waiting for pending navigations. Status: ok
[1755163027.485][INFO]: [9525ab14013b9f10aa0f81426611405e] RESPONSE GetElementText "2025-07-25"
[1755163027.486][INFO]: [9525ab14013b9f10aa0f81426611405e] COMMAND GetElementText {
   "id": "f.495C356B0656AF67333FEFF3EE6D4D65.d.F9059DA95EF9E2AB62B058F1065C4DED.e.32"
}
[1755163027.486][INFO]: Waiting for pending navigations...
[1755163027.487][INFO]: Done waiting for pending navigations. Status: ok
[1755163027.495][INFO]: Waiting for pending navigations...
[1755163027.496][INFO]: Done waiting for pending navigations. Status: ok
[1755163027.496][INFO]: [9525ab14013b9f10aa0f81426611405e] RESPONSE GetElementText "2025-07-29"
[1755163027.497][INFO]: [9525ab14013b9f10aa0f81426611405e] COMMAND GetElementText {
   "id": "f.495C356B0656AF67333FEFF3EE6D4D65.d.F9059DA95EF9E2AB62B058F1065C4DED.e.33"
}
[1755163027.497][INFO]: Waiting for pending navigations...
[1755163027.498][INFO]: Done waiting for pending navigations. Status: ok
[1755163027.507][INFO]: Waiting for pending navigations...
[1755163027.508][INFO]: Done waiting for pending navigations. Status: ok
[1755163027.508][INFO]: [9525ab14013b9f10aa0f81426611405e] RESPONSE GetElementText "2025-07-24"
[1755163027.509][INFO]: [9525ab14013b9f10aa0f81426611405e] COMMAND FindChildElements {
   "id": "f.495C356B0656AF67333FEFF3EE6D4D65.d.F9059DA95EF9E2AB62B058F1065C4DED.e.26",
   "using": "tag name",
   "value": "td"
}
[1755163027.509][INFO]: Waiting for pending navigations...
[1755163027.510][INFO]: Done waiting for pending navigations. Status: ok
[1755163027.518][INFO]: Waiting for pending navigations...
[1755163027.518][INFO]: Done waiting for pending navigations. Status: ok
[1755163027.518][INFO]: [9525ab14013b9f10aa0f81426611405e] RESPONSE FindChildElements [ {
   "element-6066-11e4-a52e-4f735466cecf": "f.495C356B0656AF67333FEFF3EE6D4D65.d.F9059DA95EF9E2AB62B058F1065C4DED.e.34"
}, {
   "element-6066-11e4-a52e-4f735466cecf": "f.495C356B0656AF67333FEFF3EE6D4D65.d.F9059DA95EF9E2AB62B058F1065C4DED.e.35"
}, {
   "element-6066-11e4-a52e-4f735466cecf": "f.495C356B0656AF67333FEFF3EE6D4D65.d.F9059DA95EF9E2AB62B058F1065C4DED.e.36"
}, {
   "element-6066-11e4-a52e-4f735466cecf": "f.495C356B0656AF67333FEFF3EE6D4D65.d.F9059DA95EF9E2AB62B058F1065C4DED.e.37"
} ]
[1755163027.520][INFO]: [9525ab14013b9f10aa0f81426611405e] COMMAND GetElementText {
   "id": "f.495C356B0656AF67333FEFF3EE6D4D65.d.F9059DA95EF9E2AB62B058F1065C4DED.e.34"
}
[1755163027.520][INFO]: Waiting for pending navigations...
[1755163027.521][INFO]: Done waiting for pending navigations. Status: ok
[1755163027.531][INFO]: Waiting for pending navigations...
[1755163027.531][INFO]: Done waiting for pending navigations. Status: ok
[1755163027.531][INFO]: [9525ab14013b9f10aa0f81426611405e] RESPONSE GetElementText "【天津】\n中国电信天津分公司2025年ISO体系认证及监督审核咨询服务采购项目询比结果公示"
[1755163027.533][INFO]: [9525ab14013b9f10aa0f81426611405e] COMMAND GetElementText {
   "id": "f.495C356B0656AF67333FEFF3EE6D4D65.d.F9059DA95EF9E2AB62B058F1065C4DED.e.34"
}
[1755163027.533][INFO]: Waiting for pending navigations...
[1755163027.533][INFO]: Done waiting for pending navigations. Status: ok
[1755163027.544][INFO]: Waiting for pending navigations...
[1755163027.545][INFO]: Done waiting for pending navigations. Status: ok
[1755163027.545][INFO]: [9525ab14013b9f10aa0f81426611405e] RESPONSE GetElementText "【天津】\n中国电信天津分公司2025年ISO体系认证及监督审核咨询服务采购项目询比结果公示"
[1755163027.546][INFO]: [9525ab14013b9f10aa0f81426611405e] COMMAND GetElementText {
   "id": "f.495C356B0656AF67333FEFF3EE6D4D65.d.F9059DA95EF9E2AB62B058F1065C4DED.e.35"
}
[1755163027.546][INFO]: Waiting for pending navigations...
[1755163027.547][INFO]: Done waiting for pending navigations. Status: ok
[1755163027.555][INFO]: Waiting for pending navigations...
[1755163027.556][INFO]: Done waiting for pending navigations. Status: ok
[1755163027.556][INFO]: [9525ab14013b9f10aa0f81426611405e] RESPONSE GetElementText ""
[1755163027.557][INFO]: [9525ab14013b9f10aa0f81426611405e] COMMAND GetElementText {
   "id": "f.495C356B0656AF67333FEFF3EE6D4D65.d.F9059DA95EF9E2AB62B058F1065C4DED.e.36"
}
[1755163027.557][INFO]: Waiting for pending navigations...
[1755163027.558][INFO]: Done waiting for pending navigations. Status: ok
[1755163027.566][INFO]: Waiting for pending navigations...
[1755163027.566][INFO]: Done waiting for pending navigations. Status: ok
[1755163027.567][INFO]: [9525ab14013b9f10aa0f81426611405e] RESPONSE GetElementText ""
[1755163027.568][INFO]: [9525ab14013b9f10aa0f81426611405e] COMMAND GetElementText {
   "id": "f.495C356B0656AF67333FEFF3EE6D4D65.d.F9059DA95EF9E2AB62B058F1065C4DED.e.37"
}
[1755163027.568][INFO]: Waiting for pending navigations...
[1755163027.569][INFO]: Done waiting for pending navigations. Status: ok
[1755163027.577][INFO]: Waiting for pending navigations...
[1755163027.578][INFO]: Done waiting for pending navigations. Status: ok
[1755163027.578][INFO]: [9525ab14013b9f10aa0f81426611405e] RESPONSE GetElementText "2025-07-24"
[1755163027.579][INFO]: [9525ab14013b9f10aa0f81426611405e] COMMAND FindChildElements {
   "id": "f.495C356B0656AF67333FEFF3EE6D4D65.d.F9059DA95EF9E2AB62B058F1065C4DED.e.27",
   "using": "tag name",
   "value": "td"
}
[1755163027.579][INFO]: Waiting for pending navigations...
[1755163027.580][INFO]: Done waiting for pending navigations. Status: ok
[1755163027.588][INFO]: Waiting for pending navigations...
[1755163027.588][INFO]: Done waiting for pending navigations. Status: ok
[1755163027.588][INFO]: [9525ab14013b9f10aa0f81426611405e] RESPONSE FindChildElements [ {
   "element-6066-11e4-a52e-4f735466cecf": "f.495C356B0656AF67333FEFF3EE6D4D65.d.F9059DA95EF9E2AB62B058F1065C4DED.e.38"
}, {
   "element-6066-11e4-a52e-4f735466cecf": "f.495C356B0656AF67333FEFF3EE6D4D65.d.F9059DA95EF9E2AB62B058F1065C4DED.e.39"
}, {
   "element-6066-11e4-a52e-4f735466cecf": "f.495C356B0656AF67333FEFF3EE6D4D65.d.F9059DA95EF9E2AB62B058F1065C4DED.e.40"
}, {
   "element-6066-11e4-a52e-4f735466cecf": "f.495C356B0656AF67333FEFF3EE6D4D65.d.F9059DA95EF9E2AB62B058F1065C4DED.e.41"
} ]
[1755163027.590][INFO]: [9525ab14013b9f10aa0f81426611405e] COMMAND GetElementText {
   "id": "f.495C356B0656AF67333FEFF3EE6D4D65.d.F9059DA95EF9E2AB62B058F1065C4DED.e.38"
}
[1755163027.590][INFO]: Waiting for pending navigations...
[1755163027.590][INFO]: Done waiting for pending navigations. Status: ok
[1755163027.605][INFO]: Waiting for pending navigations...
[1755163027.605][INFO]: Done waiting for pending navigations. Status: ok
[1755163027.605][INFO]: [9525ab14013b9f10aa0f81426611405e] RESPONSE GetElementText "【天津】\n中国电信天津分公司2025年一键诊断扩容工程公开询比公告"
[1755163027.607][INFO]: [9525ab14013b9f10aa0f81426611405e] COMMAND GetElementText {
   "id": "f.495C356B0656AF67333FEFF3EE6D4D65.d.F9059DA95EF9E2AB62B058F1065C4DED.e.38"
}
[1755163027.607][INFO]: Waiting for pending navigations...
[1755163027.607][INFO]: Done waiting for pending navigations. Status: ok
[1755163027.617][INFO]: Waiting for pending navigations...
[1755163027.618][INFO]: Done waiting for pending navigations. Status: ok
[1755163027.618][INFO]: [9525ab14013b9f10aa0f81426611405e] RESPONSE GetElementText "【天津】\n中国电信天津分公司2025年一键诊断扩容工程公开询比公告"
[1755163027.619][INFO]: [9525ab14013b9f10aa0f81426611405e] COMMAND GetElementText {
   "id": "f.495C356B0656AF67333FEFF3EE6D4D65.d.F9059DA95EF9E2AB62B058F1065C4DED.e.39"
}
[1755163027.619][INFO]: Waiting for pending navigations...
[1755163027.620][INFO]: Done waiting for pending navigations. Status: ok
[1755163027.629][INFO]: Waiting for pending navigations...
[1755163027.629][INFO]: Done waiting for pending navigations. Status: ok
[1755163027.629][INFO]: [9525ab14013b9f10aa0f81426611405e] RESPONSE GetElementText "2025-07-24"
[1755163027.630][INFO]: [9525ab14013b9f10aa0f81426611405e] COMMAND GetElementText {
   "id": "f.495C356B0656AF67333FEFF3EE6D4D65.d.F9059DA95EF9E2AB62B058F1065C4DED.e.40"
}
[1755163027.631][INFO]: Waiting for pending navigations...
[1755163027.631][INFO]: Done waiting for pending navigations. Status: ok
[1755163027.640][INFO]: Waiting for pending navigations...
[1755163027.640][INFO]: Done waiting for pending navigations. Status: ok
[1755163027.640][INFO]: [9525ab14013b9f10aa0f81426611405e] RESPONSE GetElementText "2025-07-28"
[1755163027.642][INFO]: [9525ab14013b9f10aa0f81426611405e] COMMAND GetElementText {
   "id": "f.495C356B0656AF67333FEFF3EE6D4D65.d.F9059DA95EF9E2AB62B058F1065C4DED.e.41"
}
[1755163027.642][INFO]: Waiting for pending navigations...
[1755163027.643][INFO]: Done waiting for pending navigations. Status: ok
[1755163027.653][INFO]: Waiting for pending navigations...
[1755163027.654][INFO]: Done waiting for pending navigations. Status: ok
[1755163027.654][INFO]: [9525ab14013b9f10aa0f81426611405e] RESPONSE GetElementText "2025-07-24"
[1755163027.655][INFO]: [9525ab14013b9f10aa0f81426611405e] COMMAND FindChildElements {
   "id": "f.495C356B0656AF67333FEFF3EE6D4D65.d.F9059DA95EF9E2AB62B058F1065C4DED.e.28",
   "using": "tag name",
   "value": "td"
}
[1755163027.655][INFO]: Waiting for pending navigations...
[1755163027.656][INFO]: Done waiting for pending navigations. Status: ok
[1755163027.668][INFO]: Waiting for pending navigations...
[1755163027.668][INFO]: Done waiting for pending navigations. Status: ok
[1755163027.668][INFO]: [9525ab14013b9f10aa0f81426611405e] RESPONSE FindChildElements [ {
   "element-6066-11e4-a52e-4f735466cecf": "f.495C356B0656AF67333FEFF3EE6D4D65.d.F9059DA95EF9E2AB62B058F1065C4DED.e.42"
}, {
   "element-6066-11e4-a52e-4f735466cecf": "f.495C356B0656AF67333FEFF3EE6D4D65.d.F9059DA95EF9E2AB62B058F1065C4DED.e.43"
}, {
   "element-6066-11e4-a52e-4f735466cecf": "f.495C356B0656AF67333FEFF3EE6D4D65.d.F9059DA95EF9E2AB62B058F1065C4DED.e.44"
}, {
   "element-6066-11e4-a52e-4f735466cecf": "f.495C356B0656AF67333FEFF3EE6D4D65.d.F9059DA95EF9E2AB62B058F1065C4DED.e.45"
} ]
[1755163027.670][INFO]: [9525ab14013b9f10aa0f81426611405e] COMMAND GetElementText {
   "id": "f.495C356B0656AF67333FEFF3EE6D4D65.d.F9059DA95EF9E2AB62B058F1065C4DED.e.42"
}
[1755163027.670][INFO]: Waiting for pending navigations...
[1755163027.671][INFO]: Done waiting for pending navigations. Status: ok
[1755163027.683][INFO]: Waiting for pending navigations...
[1755163027.683][INFO]: Done waiting for pending navigations. Status: ok
[1755163027.684][INFO]: [9525ab14013b9f10aa0f81426611405e] RESPONSE GetElementText "【天津】\n关于滨海分公司天鸿公寓房屋租入合同（2025-2027）"
[1755163027.685][INFO]: [9525ab14013b9f10aa0f81426611405e] COMMAND GetElementText {
   "id": "f.495C356B0656AF67333FEFF3EE6D4D65.d.F9059DA95EF9E2AB62B058F1065C4DED.e.42"
}
[1755163027.685][INFO]: Waiting for pending navigations...
[1755163027.686][INFO]: Done waiting for pending navigations. Status: ok
[1755163027.700][INFO]: Waiting for pending navigations...
[1755163027.701][INFO]: Done waiting for pending navigations. Status: ok
[1755163027.701][INFO]: [9525ab14013b9f10aa0f81426611405e] RESPONSE GetElementText "【天津】\n关于滨海分公司天鸿公寓房屋租入合同（2025-2027）"
[1755163027.702][INFO]: [9525ab14013b9f10aa0f81426611405e] COMMAND GetElementText {
   "id": "f.495C356B0656AF67333FEFF3EE6D4D65.d.F9059DA95EF9E2AB62B058F1065C4DED.e.43"
}
[1755163027.702][INFO]: Waiting for pending navigations...
[1755163027.703][INFO]: Done waiting for pending navigations. Status: ok
[1755163027.713][INFO]: Waiting for pending navigations...
[1755163027.714][INFO]: Done waiting for pending navigations. Status: ok
[1755163027.714][INFO]: [9525ab14013b9f10aa0f81426611405e] RESPONSE GetElementText "2025-07-25"
[1755163027.715][INFO]: [9525ab14013b9f10aa0f81426611405e] COMMAND GetElementText {
   "id": "f.495C356B0656AF67333FEFF3EE6D4D65.d.F9059DA95EF9E2AB62B058F1065C4DED.e.44"
}
[1755163027.715][INFO]: Waiting for pending navigations...
[1755163027.716][INFO]: Done waiting for pending navigations. Status: ok
[1755163027.726][INFO]: Waiting for pending navigations...
[1755163027.727][INFO]: Done waiting for pending navigations. Status: ok
[1755163027.727][INFO]: [9525ab14013b9f10aa0f81426611405e] RESPONSE GetElementText "2025-07-29"
[1755163027.728][INFO]: [9525ab14013b9f10aa0f81426611405e] COMMAND GetElementText {
   "id": "f.495C356B0656AF67333FEFF3EE6D4D65.d.F9059DA95EF9E2AB62B058F1065C4DED.e.45"
}
[1755163027.728][INFO]: Waiting for pending navigations...
[1755163027.729][INFO]: Done waiting for pending navigations. Status: ok
[1755163027.739][INFO]: Waiting for pending navigations...
[1755163027.739][INFO]: Done waiting for pending navigations. Status: ok
[1755163027.739][INFO]: [9525ab14013b9f10aa0f81426611405e] RESPONSE GetElementText "2025-07-24"
[1755163027.741][INFO]: [9525ab14013b9f10aa0f81426611405e] COMMAND FindChildElements {
   "id": "f.495C356B0656AF67333FEFF3EE6D4D65.d.F9059DA95EF9E2AB62B058F1065C4DED.e.29",
   "using": "tag name",
   "value": "td"
}
[1755163027.741][INFO]: Waiting for pending navigations...
[1755163027.742][INFO]: Done waiting for pending navigations. Status: ok
[1755163027.751][INFO]: Waiting for pending navigations...
[1755163027.752][INFO]: Done waiting for pending navigations. Status: ok
[1755163027.752][INFO]: [9525ab14013b9f10aa0f81426611405e] RESPONSE FindChildElements [ {
   "element-6066-11e4-a52e-4f735466cecf": "f.495C356B0656AF67333FEFF3EE6D4D65.d.F9059DA95EF9E2AB62B058F1065C4DED.e.46"
}, {
   "element-6066-11e4-a52e-4f735466cecf": "f.495C356B0656AF67333FEFF3EE6D4D65.d.F9059DA95EF9E2AB62B058F1065C4DED.e.47"
}, {
   "element-6066-11e4-a52e-4f735466cecf": "f.495C356B0656AF67333FEFF3EE6D4D65.d.F9059DA95EF9E2AB62B058F1065C4DED.e.48"
}, {
   "element-6066-11e4-a52e-4f735466cecf": "f.495C356B0656AF67333FEFF3EE6D4D65.d.F9059DA95EF9E2AB62B058F1065C4DED.e.49"
} ]
[1755163027.753][INFO]: [9525ab14013b9f10aa0f81426611405e] COMMAND GetElementText {
   "id": "f.495C356B0656AF67333FEFF3EE6D4D65.d.F9059DA95EF9E2AB62B058F1065C4DED.e.46"
}
[1755163027.753][INFO]: Waiting for pending navigations...
[1755163027.754][INFO]: Done waiting for pending navigations. Status: ok
[1755163027.765][INFO]: Waiting for pending navigations...
[1755163027.766][INFO]: Done waiting for pending navigations. Status: ok
[1755163027.766][INFO]: [9525ab14013b9f10aa0f81426611405e] RESPONSE GetElementText "【天津】\n北辰分公司宜兴埠镇环外商客组办公地点租房项目直接采购公示"
[1755163027.767][INFO]: [9525ab14013b9f10aa0f81426611405e] COMMAND GetElementText {
   "id": "f.495C356B0656AF67333FEFF3EE6D4D65.d.F9059DA95EF9E2AB62B058F1065C4DED.e.46"
}
[1755163027.767][INFO]: Waiting for pending navigations...
[1755163027.768][INFO]: Done waiting for pending navigations. Status: ok
[1755163027.779][INFO]: Waiting for pending navigations...
[1755163027.780][INFO]: Done waiting for pending navigations. Status: ok
[1755163027.780][INFO]: [9525ab14013b9f10aa0f81426611405e] RESPONSE GetElementText "【天津】\n北辰分公司宜兴埠镇环外商客组办公地点租房项目直接采购公示"
[1755163027.782][INFO]: [9525ab14013b9f10aa0f81426611405e] COMMAND GetElementText {
   "id": "f.495C356B0656AF67333FEFF3EE6D4D65.d.F9059DA95EF9E2AB62B058F1065C4DED.e.47"
}
[1755163027.782][INFO]: Waiting for pending navigations...
[1755163027.783][INFO]: Done waiting for pending navigations. Status: ok
[1755163027.792][INFO]: Waiting for pending navigations...
[1755163027.793][INFO]: Done waiting for pending navigations. Status: ok
[1755163027.793][INFO]: [9525ab14013b9f10aa0f81426611405e] RESPONSE GetElementText "2025-07-25"
[1755163027.794][INFO]: [9525ab14013b9f10aa0f81426611405e] COMMAND GetElementText {
   "id": "f.495C356B0656AF67333FEFF3EE6D4D65.d.F9059DA95EF9E2AB62B058F1065C4DED.e.48"
}
[1755163027.794][INFO]: Waiting for pending navigations...
[1755163027.795][INFO]: Done waiting for pending navigations. Status: ok
[1755163027.804][INFO]: Waiting for pending navigations...
[1755163027.805][INFO]: Done waiting for pending navigations. Status: ok
[1755163027.805][INFO]: [9525ab14013b9f10aa0f81426611405e] RESPONSE GetElementText "2025-07-29"
[1755163027.807][INFO]: [9525ab14013b9f10aa0f81426611405e] COMMAND GetElementText {
   "id": "f.495C356B0656AF67333FEFF3EE6D4D65.d.F9059DA95EF9E2AB62B058F1065C4DED.e.49"
}
[1755163027.807][INFO]: Waiting for pending navigations...
[1755163027.807][INFO]: Done waiting for pending navigations. Status: ok
[1755163027.816][INFO]: Waiting for pending navigations...
[1755163027.817][INFO]: Done waiting for pending navigations. Status: ok
[1755163027.817][INFO]: [9525ab14013b9f10aa0f81426611405e] RESPONSE GetElementText "2025-07-24"
[1755163027.818][INFO]: [9525ab14013b9f10aa0f81426611405e] COMMAND FindElement {
   "using": "xpath",
   "value": "//button[contains(@class, 'btn-next')]"
}
[1755163027.818][INFO]: Waiting for pending navigations...
[1755163027.819][INFO]: Done waiting for pending navigations. Status: ok
[1755163027.826][INFO]: Waiting for pending navigations...
[1755163027.827][INFO]: Done waiting for pending navigations. Status: ok
[1755163027.827][INFO]: [9525ab14013b9f10aa0f81426611405e] RESPONSE FindElement {
   "element-6066-11e4-a52e-4f735466cecf": "f.495C356B0656AF67333FEFF3EE6D4D65.d.F9059DA95EF9E2AB62B058F1065C4DED.e.50"
}
[1755163027.829][INFO]: [9525ab14013b9f10aa0f81426611405e] COMMAND IsElementEnabled {
   "id": "f.495C356B0656AF67333FEFF3EE6D4D65.d.F9059DA95EF9E2AB62B058F1065C4DED.e.50"
}
[1755163027.829][INFO]: Waiting for pending navigations...
[1755163027.830][INFO]: Done waiting for pending navigations. Status: ok
[1755163027.837][INFO]: Waiting for pending navigations...
[1755163027.838][INFO]: Done waiting for pending navigations. Status: ok
[1755163027.838][INFO]: [9525ab14013b9f10aa0f81426611405e] RESPONSE IsElementEnabled true
[1755163027.839][INFO]: [9525ab14013b9f10aa0f81426611405e] COMMAND FindElement {
   "using": "xpath",
   "value": "//div[contains(@class, 'el-table__body-wrapper')]//tr[@class='el-table__row'][1]/td[1]"
}
[1755163027.839][INFO]: Waiting for pending navigations...
[1755163027.840][INFO]: Done waiting for pending navigations. Status: ok
[1755163027.847][INFO]: Waiting for pending navigations...
[1755163027.848][INFO]: Done waiting for pending navigations. Status: ok
[1755163027.848][INFO]: [9525ab14013b9f10aa0f81426611405e] RESPONSE FindElement {
   "element-6066-11e4-a52e-4f735466cecf": "f.495C356B0656AF67333FEFF3EE6D4D65.d.F9059DA95EF9E2AB62B058F1065C4DED.e.30"
}
[1755163027.849][INFO]: [9525ab14013b9f10aa0f81426611405e] COMMAND GetElementText {
   "id": "f.495C356B0656AF67333FEFF3EE6D4D65.d.F9059DA95EF9E2AB62B058F1065C4DED.e.30"
}
[1755163027.849][INFO]: Waiting for pending navigations...
[1755163027.850][INFO]: Done waiting for pending navigations. Status: ok
[1755163027.860][INFO]: Waiting for pending navigations...
[1755163027.861][INFO]: Done waiting for pending navigations. Status: ok
[1755163027.861][INFO]: [9525ab14013b9f10aa0f81426611405e] RESPONSE GetElementText "【天津】\n静海电信分公司2025年开发区机房用电项目"
[1755163027.862][INFO]: [9525ab14013b9f10aa0f81426611405e] COMMAND ExecuteScript {
   "args": [ {
      "element-6066-11e4-a52e-4f735466cecf": "f.495C356B0656AF67333FEFF3EE6D4D65.d.F9059DA95EF9E2AB62B058F1065C4DED.e.50"
   } ],
   "script": "arguments[0].click();"
}
[1755163027.862][INFO]: Waiting for pending navigations...
[1755163027.863][INFO]: Done waiting for pending navigations. Status: ok
[1755163027.884][INFO]: Waiting for pending navigations...
[1755163027.890][INFO]: Done waiting for pending navigations. Status: ok
[1755163027.890][INFO]: [9525ab14013b9f10aa0f81426611405e] RESPONSE ExecuteScript null
[1755163027.892][INFO]: [9525ab14013b9f10aa0f81426611405e] COMMAND FindElement {
   "using": "xpath",
   "value": "//div[contains(@class, 'el-table__body-wrapper')]//tr[@class='el-table__row'][1]/td[1]"
}
[1755163027.892][INFO]: Waiting for pending navigations...
[1755163027.892][INFO]: Done waiting for pending navigations. Status: ok
[1755163027.899][INFO]: Waiting for pending navigations...
[1755163027.900][INFO]: Done waiting for pending navigations. Status: ok
[1755163027.900][INFO]: [9525ab14013b9f10aa0f81426611405e] RESPONSE FindElement {
   "element-6066-11e4-a52e-4f735466cecf": "f.495C356B0656AF67333FEFF3EE6D4D65.d.F9059DA95EF9E2AB62B058F1065C4DED.e.30"
}
[1755163027.901][INFO]: [9525ab14013b9f10aa0f81426611405e] COMMAND GetElementText {
   "id": "f.495C356B0656AF67333FEFF3EE6D4D65.d.F9059DA95EF9E2AB62B058F1065C4DED.e.30"
}
[1755163027.901][INFO]: Waiting for pending navigations...
[1755163027.902][INFO]: Done waiting for pending navigations. Status: ok
[1755163027.911][INFO]: Waiting for pending navigations...
[1755163027.912][INFO]: Done waiting for pending navigations. Status: ok
[1755163027.912][INFO]: [9525ab14013b9f10aa0f81426611405e] RESPONSE GetElementText "【天津】\n静海电信分公司2025年开发区机房用电项目"
[1755163028.414][INFO]: [9525ab14013b9f10aa0f81426611405e] COMMAND FindElement {
   "using": "xpath",
   "value": "//div[contains(@class, 'el-table__body-wrapper')]//tr[@class='el-table__row'][1]/td[1]"
}
[1755163028.414][INFO]: Waiting for pending navigations...
[1755163028.415][INFO]: Done waiting for pending navigations. Status: ok
[1755163028.424][INFO]: Waiting for pending navigations...
[1755163028.425][INFO]: Done waiting for pending navigations. Status: ok
[1755163028.425][INFO]: [9525ab14013b9f10aa0f81426611405e] RESPONSE FindElement {
   "element-6066-11e4-a52e-4f735466cecf": "f.495C356B0656AF67333FEFF3EE6D4D65.d.F9059DA95EF9E2AB62B058F1065C4DED.e.30"
}
[1755163028.427][INFO]: [9525ab14013b9f10aa0f81426611405e] COMMAND GetElementText {
   "id": "f.495C356B0656AF67333FEFF3EE6D4D65.d.F9059DA95EF9E2AB62B058F1065C4DED.e.30"
}
[1755163028.427][INFO]: Waiting for pending navigations...
[1755163028.428][INFO]: Done waiting for pending navigations. Status: ok
[1755163028.439][INFO]: Waiting for pending navigations...
[1755163028.440][INFO]: Done waiting for pending navigations. Status: ok
[1755163028.440][INFO]: [9525ab14013b9f10aa0f81426611405e] RESPONSE GetElementText "【天津】\n中国电信天津分公司2024年网络安全评估技术评测项目结果公示"
[1755163028.441][INFO]: [9525ab14013b9f10aa0f81426611405e] COMMAND FindElement {
   "using": "css selector",
   "value": ".tableList"
}
[1755163028.441][INFO]: Waiting for pending navigations...
[1755163028.442][INFO]: Done waiting for pending navigations. Status: ok
[1755163028.450][INFO]: Waiting for pending navigations...
[1755163028.451][INFO]: Done waiting for pending navigations. Status: ok
[1755163028.451][INFO]: [9525ab14013b9f10aa0f81426611405e] RESPONSE FindElement {
   "element-6066-11e4-a52e-4f735466cecf": "f.495C356B0656AF67333FEFF3EE6D4D65.d.F9059DA95EF9E2AB62B058F1065C4DED.e.24"
}
[1755163028.452][INFO]: [9525ab14013b9f10aa0f81426611405e] COMMAND FindElements {
   "using": "xpath",
   "value": "//div[contains(@class, 'el-table__body-wrapper')]//tr[@class='el-table__row']"
}
[1755163028.452][INFO]: Waiting for pending navigations...
[1755163028.453][INFO]: Done waiting for pending navigations. Status: ok
[1755163028.461][INFO]: Waiting for pending navigations...
[1755163028.462][INFO]: Done waiting for pending navigations. Status: ok
[1755163028.462][INFO]: [9525ab14013b9f10aa0f81426611405e] RESPONSE FindElements [ {
   "element-6066-11e4-a52e-4f735466cecf": "f.495C356B0656AF67333FEFF3EE6D4D65.d.F9059DA95EF9E2AB62B058F1065C4DED.e.25"
}, {
   "element-6066-11e4-a52e-4f735466cecf": "f.495C356B0656AF67333FEFF3EE6D4D65.d.F9059DA95EF9E2AB62B058F1065C4DED.e.26"
}, {
   "element-6066-11e4-a52e-4f735466cecf": "f.495C356B0656AF67333FEFF3EE6D4D65.d.F9059DA95EF9E2AB62B058F1065C4DED.e.27"
}, {
   "element-6066-11e4-a52e-4f735466cecf": "f.495C356B0656AF67333FEFF3EE6D4D65.d.F9059DA95EF9E2AB62B058F1065C4DED.e.28"
}, {
   "element-6066-11e4-a52e-4f735466cecf": "f.495C356B0656AF67333FEFF3EE6D4D65.d.F9059DA95EF9E2AB62B058F1065C4DED.e.29"
} ]
[1755163028.465][INFO]: [9525ab14013b9f10aa0f81426611405e] COMMAND FindChildElements {
   "id": "f.495C356B0656AF67333FEFF3EE6D4D65.d.F9059DA95EF9E2AB62B058F1065C4DED.e.25",
   "using": "tag name",
   "value": "td"
}
[1755163028.465][INFO]: Waiting for pending navigations...
[1755163028.466][INFO]: Done waiting for pending navigations. Status: ok
[1755163028.474][INFO]: Waiting for pending navigations...
[1755163028.474][INFO]: Done waiting for pending navigations. Status: ok
[1755163028.474][INFO]: [9525ab14013b9f10aa0f81426611405e] RESPONSE FindChildElements [ {
   "element-6066-11e4-a52e-4f735466cecf": "f.495C356B0656AF67333FEFF3EE6D4D65.d.F9059DA95EF9E2AB62B058F1065C4DED.e.30"
}, {
   "element-6066-11e4-a52e-4f735466cecf": "f.495C356B0656AF67333FEFF3EE6D4D65.d.F9059DA95EF9E2AB62B058F1065C4DED.e.31"
}, {
   "element-6066-11e4-a52e-4f735466cecf": "f.495C356B0656AF67333FEFF3EE6D4D65.d.F9059DA95EF9E2AB62B058F1065C4DED.e.32"
}, {
   "element-6066-11e4-a52e-4f735466cecf": "f.495C356B0656AF67333FEFF3EE6D4D65.d.F9059DA95EF9E2AB62B058F1065C4DED.e.33"
} ]
[1755163028.476][INFO]: [9525ab14013b9f10aa0f81426611405e] COMMAND GetElementText {
   "id": "f.495C356B0656AF67333FEFF3EE6D4D65.d.F9059DA95EF9E2AB62B058F1065C4DED.e.30"
}
[1755163028.476][INFO]: Waiting for pending navigations...
[1755163028.477][INFO]: Done waiting for pending navigations. Status: ok
[1755163028.492][INFO]: Waiting for pending navigations...
[1755163028.493][INFO]: Done waiting for pending navigations. Status: ok
[1755163028.493][INFO]: [9525ab14013b9f10aa0f81426611405e] RESPONSE GetElementText "【天津】\n中国电信天津分公司2024年网络安全评估技术评测项目结果公示"
[1755163028.495][INFO]: [9525ab14013b9f10aa0f81426611405e] COMMAND GetElementText {
   "id": "f.495C356B0656AF67333FEFF3EE6D4D65.d.F9059DA95EF9E2AB62B058F1065C4DED.e.30"
}
[1755163028.495][INFO]: Waiting for pending navigations...
[1755163028.496][INFO]: Done waiting for pending navigations. Status: ok
[1755163028.510][INFO]: Waiting for pending navigations...
[1755163028.511][INFO]: Done waiting for pending navigations. Status: ok
[1755163028.511][INFO]: [9525ab14013b9f10aa0f81426611405e] RESPONSE GetElementText "【天津】\n中国电信天津分公司2024年网络安全评估技术评测项目结果公示"
[1755163028.513][INFO]: [9525ab14013b9f10aa0f81426611405e] COMMAND GetElementText {
   "id": "f.495C356B0656AF67333FEFF3EE6D4D65.d.F9059DA95EF9E2AB62B058F1065C4DED.e.31"
}
[1755163028.513][INFO]: Waiting for pending navigations...
[1755163028.514][INFO]: Done waiting for pending navigations. Status: ok
[1755163028.524][INFO]: Waiting for pending navigations...
[1755163028.524][INFO]: Done waiting for pending navigations. Status: ok
[1755163028.524][INFO]: [9525ab14013b9f10aa0f81426611405e] RESPONSE GetElementText ""
[1755163028.526][INFO]: [9525ab14013b9f10aa0f81426611405e] COMMAND GetElementText {
   "id": "f.495C356B0656AF67333FEFF3EE6D4D65.d.F9059DA95EF9E2AB62B058F1065C4DED.e.32"
}
[1755163028.526][INFO]: Waiting for pending navigations...
[1755163028.527][INFO]: Done waiting for pending navigations. Status: ok
[1755163028.537][INFO]: Waiting for pending navigations...
[1755163028.538][INFO]: Done waiting for pending navigations. Status: ok
[1755163028.538][INFO]: [9525ab14013b9f10aa0f81426611405e] RESPONSE GetElementText ""
[1755163028.540][INFO]: [9525ab14013b9f10aa0f81426611405e] COMMAND GetElementText {
   "id": "f.495C356B0656AF67333FEFF3EE6D4D65.d.F9059DA95EF9E2AB62B058F1065C4DED.e.33"
}
[1755163028.540][INFO]: Waiting for pending navigations...
[1755163028.541][INFO]: Done waiting for pending navigations. Status: ok
[1755163028.550][INFO]: Waiting for pending navigations...
[1755163028.551][INFO]: Done waiting for pending navigations. Status: ok
[1755163028.551][INFO]: [9525ab14013b9f10aa0f81426611405e] RESPONSE GetElementText "2025-07-23"
[1755163028.553][INFO]: [9525ab14013b9f10aa0f81426611405e] COMMAND FindChildElements {
   "id": "f.495C356B0656AF67333FEFF3EE6D4D65.d.F9059DA95EF9E2AB62B058F1065C4DED.e.26",
   "using": "tag name",
   "value": "td"
}
[1755163028.553][INFO]: Waiting for pending navigations...
[1755163028.554][INFO]: Done waiting for pending navigations. Status: ok
[1755163028.562][INFO]: Waiting for pending navigations...
[1755163028.563][INFO]: Done waiting for pending navigations. Status: ok
[1755163028.563][INFO]: [9525ab14013b9f10aa0f81426611405e] RESPONSE FindChildElements [ {
   "element-6066-11e4-a52e-4f735466cecf": "f.495C356B0656AF67333FEFF3EE6D4D65.d.F9059DA95EF9E2AB62B058F1065C4DED.e.34"
}, {
   "element-6066-11e4-a52e-4f735466cecf": "f.495C356B0656AF67333FEFF3EE6D4D65.d.F9059DA95EF9E2AB62B058F1065C4DED.e.35"
}, {
   "element-6066-11e4-a52e-4f735466cecf": "f.495C356B0656AF67333FEFF3EE6D4D65.d.F9059DA95EF9E2AB62B058F1065C4DED.e.36"
}, {
   "element-6066-11e4-a52e-4f735466cecf": "f.495C356B0656AF67333FEFF3EE6D4D65.d.F9059DA95EF9E2AB62B058F1065C4DED.e.37"
} ]
[1755163028.565][INFO]: [9525ab14013b9f10aa0f81426611405e] COMMAND GetElementText {
   "id": "f.495C356B0656AF67333FEFF3EE6D4D65.d.F9059DA95EF9E2AB62B058F1065C4DED.e.34"
}
[1755163028.565][INFO]: Waiting for pending navigations...
[1755163028.566][INFO]: Done waiting for pending navigations. Status: ok
[1755163028.577][INFO]: Waiting for pending navigations...
[1755163028.577][INFO]: Done waiting for pending navigations. Status: ok
[1755163028.577][INFO]: [9525ab14013b9f10aa0f81426611405e] RESPONSE GetElementText "【天津】\n中国电信天津分公司2025年数据共享平台扩容工程结果公示"
[1755163028.579][INFO]: [9525ab14013b9f10aa0f81426611405e] COMMAND GetElementText {
   "id": "f.495C356B0656AF67333FEFF3EE6D4D65.d.F9059DA95EF9E2AB62B058F1065C4DED.e.34"
}
[1755163028.579][INFO]: Waiting for pending navigations...
[1755163028.580][INFO]: Done waiting for pending navigations. Status: ok
[1755163028.592][INFO]: Waiting for pending navigations...
[1755163028.595][INFO]: Done waiting for pending navigations. Status: ok
[1755163028.595][INFO]: [9525ab14013b9f10aa0f81426611405e] RESPONSE GetElementText "【天津】\n中国电信天津分公司2025年数据共享平台扩容工程结果公示"
[1755163028.596][INFO]: [9525ab14013b9f10aa0f81426611405e] COMMAND GetElementText {
   "id": "f.495C356B0656AF67333FEFF3EE6D4D65.d.F9059DA95EF9E2AB62B058F1065C4DED.e.35"
}
[1755163028.596][INFO]: Waiting for pending navigations...
[1755163028.597][INFO]: Done waiting for pending navigations. Status: ok
[1755163028.605][INFO]: Waiting for pending navigations...
[1755163028.605][INFO]: Done waiting for pending navigations. Status: ok
[1755163028.605][INFO]: [9525ab14013b9f10aa0f81426611405e] RESPONSE GetElementText ""
[1755163028.607][INFO]: [9525ab14013b9f10aa0f81426611405e] COMMAND GetElementText {
   "id": "f.495C356B0656AF67333FEFF3EE6D4D65.d.F9059DA95EF9E2AB62B058F1065C4DED.e.36"
}
[1755163028.607][INFO]: Waiting for pending navigations...
[1755163028.608][INFO]: Done waiting for pending navigations. Status: ok
[1755163028.616][INFO]: Waiting for pending navigations...
[1755163028.617][INFO]: Done waiting for pending navigations. Status: ok
[1755163028.617][INFO]: [9525ab14013b9f10aa0f81426611405e] RESPONSE GetElementText ""
[1755163028.619][INFO]: [9525ab14013b9f10aa0f81426611405e] COMMAND GetElementText {
   "id": "f.495C356B0656AF67333FEFF3EE6D4D65.d.F9059DA95EF9E2AB62B058F1065C4DED.e.37"
}
[1755163028.619][INFO]: Waiting for pending navigations...
[1755163028.620][INFO]: Done waiting for pending navigations. Status: ok
[1755163028.629][INFO]: Waiting for pending navigations...
[1755163028.629][INFO]: Done waiting for pending navigations. Status: ok
[1755163028.629][INFO]: [9525ab14013b9f10aa0f81426611405e] RESPONSE GetElementText "2025-07-23"
[1755163028.631][INFO]: [9525ab14013b9f10aa0f81426611405e] COMMAND FindChildElements {
   "id": "f.495C356B0656AF67333FEFF3EE6D4D65.d.F9059DA95EF9E2AB62B058F1065C4DED.e.27",
   "using": "tag name",
   "value": "td"
}
[1755163028.631][INFO]: Waiting for pending navigations...
[1755163028.632][INFO]: Done waiting for pending navigations. Status: ok
[1755163028.639][INFO]: Waiting for pending navigations...
[1755163028.640][INFO]: Done waiting for pending navigations. Status: ok
[1755163028.640][INFO]: [9525ab14013b9f10aa0f81426611405e] RESPONSE FindChildElements [ {
   "element-6066-11e4-a52e-4f735466cecf": "f.495C356B0656AF67333FEFF3EE6D4D65.d.F9059DA95EF9E2AB62B058F1065C4DED.e.38"
}, {
   "element-6066-11e4-a52e-4f735466cecf": "f.495C356B0656AF67333FEFF3EE6D4D65.d.F9059DA95EF9E2AB62B058F1065C4DED.e.39"
}, {
   "element-6066-11e4-a52e-4f735466cecf": "f.495C356B0656AF67333FEFF3EE6D4D65.d.F9059DA95EF9E2AB62B058F1065C4DED.e.40"
}, {
   "element-6066-11e4-a52e-4f735466cecf": "f.495C356B0656AF67333FEFF3EE6D4D65.d.F9059DA95EF9E2AB62B058F1065C4DED.e.41"
} ]
[1755163028.641][INFO]: [9525ab14013b9f10aa0f81426611405e] COMMAND GetElementText {
   "id": "f.495C356B0656AF67333FEFF3EE6D4D65.d.F9059DA95EF9E2AB62B058F1065C4DED.e.38"
}
[1755163028.641][INFO]: Waiting for pending navigations...
[1755163028.642][INFO]: Done waiting for pending navigations. Status: ok
[1755163028.652][INFO]: Waiting for pending navigations...
[1755163028.652][INFO]: Done waiting for pending navigations. Status: ok
[1755163028.652][INFO]: [9525ab14013b9f10aa0f81426611405e] RESPONSE GetElementText "【天津】\n中国电信天津分公司2025年垃圾短信过滤系统升级研发工程直接采购公示"
[1755163028.654][INFO]: [9525ab14013b9f10aa0f81426611405e] COMMAND GetElementText {
   "id": "f.495C356B0656AF67333FEFF3EE6D4D65.d.F9059DA95EF9E2AB62B058F1065C4DED.e.38"
}
[1755163028.654][INFO]: Waiting for pending navigations...
[1755163028.655][INFO]: Done waiting for pending navigations. Status: ok
[1755163028.664][INFO]: Waiting for pending navigations...
[1755163028.665][INFO]: Done waiting for pending navigations. Status: ok
[1755163028.665][INFO]: [9525ab14013b9f10aa0f81426611405e] RESPONSE GetElementText "【天津】\n中国电信天津分公司2025年垃圾短信过滤系统升级研发工程直接采购公示"
[1755163028.666][INFO]: [9525ab14013b9f10aa0f81426611405e] COMMAND GetElementText {
   "id": "f.495C356B0656AF67333FEFF3EE6D4D65.d.F9059DA95EF9E2AB62B058F1065C4DED.e.39"
}
[1755163028.666][INFO]: Waiting for pending navigations...
[1755163028.667][INFO]: Done waiting for pending navigations. Status: ok
[1755163028.676][INFO]: Waiting for pending navigations...
[1755163028.676][INFO]: Done waiting for pending navigations. Status: ok
[1755163028.676][INFO]: [9525ab14013b9f10aa0f81426611405e] RESPONSE GetElementText "2025-07-24"
[1755163028.678][INFO]: [9525ab14013b9f10aa0f81426611405e] COMMAND GetElementText {
   "id": "f.495C356B0656AF67333FEFF3EE6D4D65.d.F9059DA95EF9E2AB62B058F1065C4DED.e.40"
}
[1755163028.678][INFO]: Waiting for pending navigations...
[1755163028.679][INFO]: Done waiting for pending navigations. Status: ok
[1755163028.687][INFO]: Waiting for pending navigations...
[1755163028.687][INFO]: Done waiting for pending navigations. Status: ok
[1755163028.687][INFO]: [9525ab14013b9f10aa0f81426611405e] RESPONSE GetElementText "2025-07-28"
[1755163028.689][INFO]: [9525ab14013b9f10aa0f81426611405e] COMMAND GetElementText {
   "id": "f.495C356B0656AF67333FEFF3EE6D4D65.d.F9059DA95EF9E2AB62B058F1065C4DED.e.41"
}
[1755163028.689][INFO]: Waiting for pending navigations...
[1755163028.690][INFO]: Done waiting for pending navigations. Status: ok
[1755163028.698][INFO]: Waiting for pending navigations...
[1755163028.699][INFO]: Done waiting for pending navigations. Status: ok
[1755163028.699][INFO]: [9525ab14013b9f10aa0f81426611405e] RESPONSE GetElementText "2025-07-23"
[1755163028.700][INFO]: [9525ab14013b9f10aa0f81426611405e] COMMAND FindChildElements {
   "id": "f.495C356B0656AF67333FEFF3EE6D4D65.d.F9059DA95EF9E2AB62B058F1065C4DED.e.28",
   "using": "tag name",
   "value": "td"
}
[1755163028.700][INFO]: Waiting for pending navigations...
[1755163028.701][INFO]: Done waiting for pending navigations. Status: ok
[1755163028.709][INFO]: Waiting for pending navigations...
[1755163028.709][INFO]: Done waiting for pending navigations. Status: ok
[1755163028.709][INFO]: [9525ab14013b9f10aa0f81426611405e] RESPONSE FindChildElements [ {
   "element-6066-11e4-a52e-4f735466cecf": "f.495C356B0656AF67333FEFF3EE6D4D65.d.F9059DA95EF9E2AB62B058F1065C4DED.e.42"
}, {
   "element-6066-11e4-a52e-4f735466cecf": "f.495C356B0656AF67333FEFF3EE6D4D65.d.F9059DA95EF9E2AB62B058F1065C4DED.e.43"
}, {
   "element-6066-11e4-a52e-4f735466cecf": "f.495C356B0656AF67333FEFF3EE6D4D65.d.F9059DA95EF9E2AB62B058F1065C4DED.e.44"
}, {
   "element-6066-11e4-a52e-4f735466cecf": "f.495C356B0656AF67333FEFF3EE6D4D65.d.F9059DA95EF9E2AB62B058F1065C4DED.e.45"
} ]
[1755163028.711][INFO]: [9525ab14013b9f10aa0f81426611405e] COMMAND GetElementText {
   "id": "f.495C356B0656AF67333FEFF3EE6D4D65.d.F9059DA95EF9E2AB62B058F1065C4DED.e.42"
}
[1755163028.711][INFO]: Waiting for pending navigations...
[1755163028.712][INFO]: Done waiting for pending navigations. Status: ok
[1755163028.721][INFO]: Waiting for pending navigations...
[1755163028.722][INFO]: Done waiting for pending navigations. Status: ok
[1755163028.722][INFO]: [9525ab14013b9f10aa0f81426611405e] RESPONSE GetElementText "【天津】\n天津电信公司2025年度动环恢复服务采购项目直接采购公示"
[1755163028.723][INFO]: [9525ab14013b9f10aa0f81426611405e] COMMAND GetElementText {
   "id": "f.495C356B0656AF67333FEFF3EE6D4D65.d.F9059DA95EF9E2AB62B058F1065C4DED.e.42"
}
[1755163028.723][INFO]: Waiting for pending navigations...
[1755163028.724][INFO]: Done waiting for pending navigations. Status: ok
[1755163028.734][INFO]: Waiting for pending navigations...
[1755163028.735][INFO]: Done waiting for pending navigations. Status: ok
[1755163028.735][INFO]: [9525ab14013b9f10aa0f81426611405e] RESPONSE GetElementText "【天津】\n天津电信公司2025年度动环恢复服务采购项目直接采购公示"
[1755163028.736][INFO]: [9525ab14013b9f10aa0f81426611405e] COMMAND GetElementText {
   "id": "f.495C356B0656AF67333FEFF3EE6D4D65.d.F9059DA95EF9E2AB62B058F1065C4DED.e.43"
}
[1755163028.736][INFO]: Waiting for pending navigations...
[1755163028.737][INFO]: Done waiting for pending navigations. Status: ok
[1755163028.745][INFO]: Waiting for pending navigations...
[1755163028.746][INFO]: Done waiting for pending navigations. Status: ok
[1755163028.746][INFO]: [9525ab14013b9f10aa0f81426611405e] RESPONSE GetElementText "2025-07-23"
[1755163028.747][INFO]: [9525ab14013b9f10aa0f81426611405e] COMMAND GetElementText {
   "id": "f.495C356B0656AF67333FEFF3EE6D4D65.d.F9059DA95EF9E2AB62B058F1065C4DED.e.44"
}
[1755163028.747][INFO]: Waiting for pending navigations...
[1755163028.748][INFO]: Done waiting for pending navigations. Status: ok
[1755163028.756][INFO]: Waiting for pending navigations...
[1755163028.757][INFO]: Done waiting for pending navigations. Status: ok
[1755163028.757][INFO]: [9525ab14013b9f10aa0f81426611405e] RESPONSE GetElementText "2025-07-25"
[1755163028.758][INFO]: [9525ab14013b9f10aa0f81426611405e] COMMAND GetElementText {
   "id": "f.495C356B0656AF67333FEFF3EE6D4D65.d.F9059DA95EF9E2AB62B058F1065C4DED.e.45"
}
[1755163028.758][INFO]: Waiting for pending navigations...
[1755163028.759][INFO]: Done waiting for pending navigations. Status: ok
[1755163028.768][INFO]: Waiting for pending navigations...
[1755163028.769][INFO]: Done waiting for pending navigations. Status: ok
[1755163028.769][INFO]: [9525ab14013b9f10aa0f81426611405e] RESPONSE GetElementText "2025-07-22"
[1755163028.770][INFO]: [9525ab14013b9f10aa0f81426611405e] COMMAND FindChildElements {
   "id": "f.495C356B0656AF67333FEFF3EE6D4D65.d.F9059DA95EF9E2AB62B058F1065C4DED.e.29",
   "using": "tag name",
   "value": "td"
}
[1755163028.770][INFO]: Waiting for pending navigations...
[1755163028.771][INFO]: Done waiting for pending navigations. Status: ok
[1755163028.778][INFO]: Waiting for pending navigations...
[1755163028.778][INFO]: Done waiting for pending navigations. Status: ok
[1755163028.778][INFO]: [9525ab14013b9f10aa0f81426611405e] RESPONSE FindChildElements [ {
   "element-6066-11e4-a52e-4f735466cecf": "f.495C356B0656AF67333FEFF3EE6D4D65.d.F9059DA95EF9E2AB62B058F1065C4DED.e.46"
}, {
   "element-6066-11e4-a52e-4f735466cecf": "f.495C356B0656AF67333FEFF3EE6D4D65.d.F9059DA95EF9E2AB62B058F1065C4DED.e.47"
}, {
   "element-6066-11e4-a52e-4f735466cecf": "f.495C356B0656AF67333FEFF3EE6D4D65.d.F9059DA95EF9E2AB62B058F1065C4DED.e.48"
}, {
   "element-6066-11e4-a52e-4f735466cecf": "f.495C356B0656AF67333FEFF3EE6D4D65.d.F9059DA95EF9E2AB62B058F1065C4DED.e.49"
} ]
[1755163028.780][INFO]: [9525ab14013b9f10aa0f81426611405e] COMMAND GetElementText {
   "id": "f.495C356B0656AF67333FEFF3EE6D4D65.d.F9059DA95EF9E2AB62B058F1065C4DED.e.46"
}
[1755163028.780][INFO]: Waiting for pending navigations...
[1755163028.780][INFO]: Done waiting for pending navigations. Status: ok
[1755163028.790][INFO]: Waiting for pending navigations...
[1755163028.791][INFO]: Done waiting for pending navigations. Status: ok
[1755163028.791][INFO]: [9525ab14013b9f10aa0f81426611405e] RESPONSE GetElementText "【天津】\n2025年宁河分公司宁河区首届退役军人青年集体婚礼暨全民国防教育宣传活动广告宣传项目"
[1755163028.792][INFO]: [9525ab14013b9f10aa0f81426611405e] COMMAND GetElementText {
   "id": "f.495C356B0656AF67333FEFF3EE6D4D65.d.F9059DA95EF9E2AB62B058F1065C4DED.e.46"
}
[1755163028.792][INFO]: Waiting for pending navigations...
[1755163028.793][INFO]: Done waiting for pending navigations. Status: ok
[1755163028.803][INFO]: Waiting for pending navigations...
[1755163028.803][INFO]: Done waiting for pending navigations. Status: ok
[1755163028.803][INFO]: [9525ab14013b9f10aa0f81426611405e] RESPONSE GetElementText "【天津】\n2025年宁河分公司宁河区首届退役军人青年集体婚礼暨全民国防教育宣传活动广告宣传项目"
[1755163028.805][INFO]: [9525ab14013b9f10aa0f81426611405e] COMMAND GetElementText {
   "id": "f.495C356B0656AF67333FEFF3EE6D4D65.d.F9059DA95EF9E2AB62B058F1065C4DED.e.47"
}
[1755163028.805][INFO]: Waiting for pending navigations...
[1755163028.806][INFO]: Done waiting for pending navigations. Status: ok
[1755163028.814][INFO]: Waiting for pending navigations...
[1755163028.814][INFO]: Done waiting for pending navigations. Status: ok
[1755163028.814][INFO]: [9525ab14013b9f10aa0f81426611405e] RESPONSE GetElementText "2025-07-23"
[1755163028.816][INFO]: [9525ab14013b9f10aa0f81426611405e] COMMAND GetElementText {
   "id": "f.495C356B0656AF67333FEFF3EE6D4D65.d.F9059DA95EF9E2AB62B058F1065C4DED.e.48"
}
[1755163028.816][INFO]: Waiting for pending navigations...
[1755163028.817][INFO]: Done waiting for pending navigations. Status: ok
[1755163028.825][INFO]: Waiting for pending navigations...
[1755163028.826][INFO]: Done waiting for pending navigations. Status: ok
[1755163028.826][INFO]: [9525ab14013b9f10aa0f81426611405e] RESPONSE GetElementText "2025-07-25"
[1755163028.827][INFO]: [9525ab14013b9f10aa0f81426611405e] COMMAND GetElementText {
   "id": "f.495C356B0656AF67333FEFF3EE6D4D65.d.F9059DA95EF9E2AB62B058F1065C4DED.e.49"
}
[1755163028.827][INFO]: Waiting for pending navigations...
[1755163028.828][INFO]: Done waiting for pending navigations. Status: ok
[1755163028.836][INFO]: Waiting for pending navigations...
[1755163028.836][INFO]: Done waiting for pending navigations. Status: ok
[1755163028.836][INFO]: [9525ab14013b9f10aa0f81426611405e] RESPONSE GetElementText "2025-07-22"
[1755163028.838][INFO]: [9525ab14013b9f10aa0f81426611405e] COMMAND FindElement {
   "using": "xpath",
   "value": "//button[contains(@class, 'btn-next')]"
}
[1755163028.838][INFO]: Waiting for pending navigations...
[1755163028.839][INFO]: Done waiting for pending navigations. Status: ok
[1755163028.845][INFO]: Waiting for pending navigations...
[1755163028.846][INFO]: Done waiting for pending navigations. Status: ok
[1755163028.846][INFO]: [9525ab14013b9f10aa0f81426611405e] RESPONSE FindElement {
   "element-6066-11e4-a52e-4f735466cecf": "f.495C356B0656AF67333FEFF3EE6D4D65.d.F9059DA95EF9E2AB62B058F1065C4DED.e.50"
}
[1755163028.847][INFO]: [9525ab14013b9f10aa0f81426611405e] COMMAND IsElementEnabled {
   "id": "f.495C356B0656AF67333FEFF3EE6D4D65.d.F9059DA95EF9E2AB62B058F1065C4DED.e.50"
}
[1755163028.847][INFO]: Waiting for pending navigations...
[1755163028.848][INFO]: Done waiting for pending navigations. Status: ok
[1755163028.855][INFO]: Waiting for pending navigations...
[1755163028.856][INFO]: Done waiting for pending navigations. Status: ok
[1755163028.856][INFO]: [9525ab14013b9f10aa0f81426611405e] RESPONSE IsElementEnabled true
[1755163028.858][INFO]: [9525ab14013b9f10aa0f81426611405e] COMMAND FindElement {
   "using": "xpath",
   "value": "//div[contains(@class, 'el-table__body-wrapper')]//tr[@class='el-table__row'][1]/td[1]"
}
[1755163028.858][INFO]: Waiting for pending navigations...
[1755163028.859][INFO]: Done waiting for pending navigations. Status: ok
[1755163028.867][INFO]: Waiting for pending navigations...
[1755163028.868][INFO]: Done waiting for pending navigations. Status: ok
[1755163028.868][INFO]: [9525ab14013b9f10aa0f81426611405e] RESPONSE FindElement {
   "element-6066-11e4-a52e-4f735466cecf": "f.495C356B0656AF67333FEFF3EE6D4D65.d.F9059DA95EF9E2AB62B058F1065C4DED.e.30"
}
[1755163028.869][INFO]: [9525ab14013b9f10aa0f81426611405e] COMMAND GetElementText {
   "id": "f.495C356B0656AF67333FEFF3EE6D4D65.d.F9059DA95EF9E2AB62B058F1065C4DED.e.30"
}
[1755163028.869][INFO]: Waiting for pending navigations...
[1755163028.870][INFO]: Done waiting for pending navigations. Status: ok
[1755163028.882][INFO]: Waiting for pending navigations...
[1755163028.883][INFO]: Done waiting for pending navigations. Status: ok
[1755163028.883][INFO]: [9525ab14013b9f10aa0f81426611405e] RESPONSE GetElementText "【天津】\n中国电信天津分公司2024年网络安全评估技术评测项目结果公示"
[1755163028.884][INFO]: [9525ab14013b9f10aa0f81426611405e] COMMAND ExecuteScript {
   "args": [ {
      "element-6066-11e4-a52e-4f735466cecf": "f.495C356B0656AF67333FEFF3EE6D4D65.d.F9059DA95EF9E2AB62B058F1065C4DED.e.50"
   } ],
   "script": "arguments[0].click();"
}
[1755163028.884][INFO]: Waiting for pending navigations...
[1755163028.885][INFO]: Done waiting for pending navigations. Status: ok
[1755163028.921][INFO]: Waiting for pending navigations...
[1755163028.929][INFO]: Done waiting for pending navigations. Status: ok
[1755163028.929][INFO]: [9525ab14013b9f10aa0f81426611405e] RESPONSE ExecuteScript null
[1755163028.931][INFO]: [9525ab14013b9f10aa0f81426611405e] COMMAND FindElement {
   "using": "xpath",
   "value": "//div[contains(@class, 'el-table__body-wrapper')]//tr[@class='el-table__row'][1]/td[1]"
}
[1755163028.931][INFO]: Waiting for pending navigations...
[1755163028.935][INFO]: Done waiting for pending navigations. Status: ok
[1755163028.942][INFO]: Waiting for pending navigations...
[1755163028.943][INFO]: Done waiting for pending navigations. Status: ok
[1755163028.943][INFO]: [9525ab14013b9f10aa0f81426611405e] RESPONSE FindElement {
   "element-6066-11e4-a52e-4f735466cecf": "f.495C356B0656AF67333FEFF3EE6D4D65.d.F9059DA95EF9E2AB62B058F1065C4DED.e.30"
}
[1755163028.944][INFO]: [9525ab14013b9f10aa0f81426611405e] COMMAND GetElementText {
   "id": "f.495C356B0656AF67333FEFF3EE6D4D65.d.F9059DA95EF9E2AB62B058F1065C4DED.e.30"
}
[1755163028.945][INFO]: Waiting for pending navigations...
[1755163028.946][INFO]: Done waiting for pending navigations. Status: ok
[1755163028.959][INFO]: Waiting for pending navigations...
[1755163028.959][INFO]: Done waiting for pending navigations. Status: ok
[1755163028.959][INFO]: [9525ab14013b9f10aa0f81426611405e] RESPONSE GetElementText "【天津】\n中国电信天津分公司2024年网络安全评估技术评测项目结果公示"
[1755163029.461][INFO]: [9525ab14013b9f10aa0f81426611405e] COMMAND FindElement {
   "using": "xpath",
   "value": "//div[contains(@class, 'el-table__body-wrapper')]//tr[@class='el-table__row'][1]/td[1]"
}
[1755163029.461][INFO]: Waiting for pending navigations...
[1755163029.463][INFO]: Done waiting for pending navigations. Status: ok
[1755163029.470][INFO]: Waiting for pending navigations...
[1755163029.471][INFO]: Done waiting for pending navigations. Status: ok
[1755163029.471][INFO]: [9525ab14013b9f10aa0f81426611405e] RESPONSE FindElement {
   "element-6066-11e4-a52e-4f735466cecf": "f.495C356B0656AF67333FEFF3EE6D4D65.d.F9059DA95EF9E2AB62B058F1065C4DED.e.30"
}
[1755163029.473][INFO]: [9525ab14013b9f10aa0f81426611405e] COMMAND GetElementText {
   "id": "f.495C356B0656AF67333FEFF3EE6D4D65.d.F9059DA95EF9E2AB62B058F1065C4DED.e.30"
}
[1755163029.473][INFO]: Waiting for pending navigations...
[1755163029.473][INFO]: Done waiting for pending navigations. Status: ok
[1755163029.483][INFO]: Waiting for pending navigations...
[1755163029.484][INFO]: Done waiting for pending navigations. Status: ok
[1755163029.484][INFO]: [9525ab14013b9f10aa0f81426611405e] RESPONSE GetElementText "【天津】\n中国电信天津分公司2024年网络安全评估技术评测项目结果公示"
[1755163029.986][INFO]: [9525ab14013b9f10aa0f81426611405e] COMMAND FindElement {
   "using": "xpath",
   "value": "//div[contains(@class, 'el-table__body-wrapper')]//tr[@class='el-table__row'][1]/td[1]"
}
[1755163029.986][INFO]: Waiting for pending navigations...
[1755163029.988][INFO]: Done waiting for pending navigations. Status: ok
[1755163029.996][INFO]: Waiting for pending navigations...
[1755163029.997][INFO]: Done waiting for pending navigations. Status: ok
[1755163029.997][INFO]: [9525ab14013b9f10aa0f81426611405e] RESPONSE FindElement {
   "element-6066-11e4-a52e-4f735466cecf": "f.495C356B0656AF67333FEFF3EE6D4D65.d.F9059DA95EF9E2AB62B058F1065C4DED.e.30"
}
[1755163029.998][INFO]: [9525ab14013b9f10aa0f81426611405e] COMMAND GetElementText {
   "id": "f.495C356B0656AF67333FEFF3EE6D4D65.d.F9059DA95EF9E2AB62B058F1065C4DED.e.30"
}
[1755163029.998][INFO]: Waiting for pending navigations...
[1755163029.999][INFO]: Done waiting for pending navigations. Status: ok
[1755163030.009][INFO]: Waiting for pending navigations...
[1755163030.010][INFO]: Done waiting for pending navigations. Status: ok
[1755163030.010][INFO]: [9525ab14013b9f10aa0f81426611405e] RESPONSE GetElementText "【天津】\n北辰顺泽园用电协议项目直接采购公示"
[1755163030.011][INFO]: [9525ab14013b9f10aa0f81426611405e] COMMAND FindElement {
   "using": "css selector",
   "value": ".tableList"
}
[1755163030.011][INFO]: Waiting for pending navigations...
[1755163030.012][INFO]: Done waiting for pending navigations. Status: ok
[1755163030.018][INFO]: Waiting for pending navigations...
[1755163030.019][INFO]: Done waiting for pending navigations. Status: ok
[1755163030.019][INFO]: [9525ab14013b9f10aa0f81426611405e] RESPONSE FindElement {
   "element-6066-11e4-a52e-4f735466cecf": "f.495C356B0656AF67333FEFF3EE6D4D65.d.F9059DA95EF9E2AB62B058F1065C4DED.e.24"
}
[1755163030.020][INFO]: [9525ab14013b9f10aa0f81426611405e] COMMAND FindElements {
   "using": "xpath",
   "value": "//div[contains(@class, 'el-table__body-wrapper')]//tr[@class='el-table__row']"
}
[1755163030.020][INFO]: Waiting for pending navigations...
[1755163030.021][INFO]: Done waiting for pending navigations. Status: ok
[1755163030.028][INFO]: Waiting for pending navigations...
[1755163030.029][INFO]: Done waiting for pending navigations. Status: ok
[1755163030.029][INFO]: [9525ab14013b9f10aa0f81426611405e] RESPONSE FindElements [ {
   "element-6066-11e4-a52e-4f735466cecf": "f.495C356B0656AF67333FEFF3EE6D4D65.d.F9059DA95EF9E2AB62B058F1065C4DED.e.25"
}, {
   "element-6066-11e4-a52e-4f735466cecf": "f.495C356B0656AF67333FEFF3EE6D4D65.d.F9059DA95EF9E2AB62B058F1065C4DED.e.26"
}, {
   "element-6066-11e4-a52e-4f735466cecf": "f.495C356B0656AF67333FEFF3EE6D4D65.d.F9059DA95EF9E2AB62B058F1065C4DED.e.27"
}, {
   "element-6066-11e4-a52e-4f735466cecf": "f.495C356B0656AF67333FEFF3EE6D4D65.d.F9059DA95EF9E2AB62B058F1065C4DED.e.28"
}, {
   "element-6066-11e4-a52e-4f735466cecf": "f.495C356B0656AF67333FEFF3EE6D4D65.d.F9059DA95EF9E2AB62B058F1065C4DED.e.29"
} ]
[1755163030.030][INFO]: [9525ab14013b9f10aa0f81426611405e] COMMAND FindChildElements {
   "id": "f.495C356B0656AF67333FEFF3EE6D4D65.d.F9059DA95EF9E2AB62B058F1065C4DED.e.25",
   "using": "tag name",
   "value": "td"
}
[1755163030.030][INFO]: Waiting for pending navigations...
[1755163030.031][INFO]: Done waiting for pending navigations. Status: ok
[1755163030.038][INFO]: Waiting for pending navigations...
[1755163030.039][INFO]: Done waiting for pending navigations. Status: ok
[1755163030.039][INFO]: [9525ab14013b9f10aa0f81426611405e] RESPONSE FindChildElements [ {
   "element-6066-11e4-a52e-4f735466cecf": "f.495C356B0656AF67333FEFF3EE6D4D65.d.F9059DA95EF9E2AB62B058F1065C4DED.e.30"
}, {
   "element-6066-11e4-a52e-4f735466cecf": "f.495C356B0656AF67333FEFF3EE6D4D65.d.F9059DA95EF9E2AB62B058F1065C4DED.e.31"
}, {
   "element-6066-11e4-a52e-4f735466cecf": "f.495C356B0656AF67333FEFF3EE6D4D65.d.F9059DA95EF9E2AB62B058F1065C4DED.e.32"
}, {
   "element-6066-11e4-a52e-4f735466cecf": "f.495C356B0656AF67333FEFF3EE6D4D65.d.F9059DA95EF9E2AB62B058F1065C4DED.e.33"
} ]
[1755163030.040][INFO]: [9525ab14013b9f10aa0f81426611405e] COMMAND GetElementText {
   "id": "f.495C356B0656AF67333FEFF3EE6D4D65.d.F9059DA95EF9E2AB62B058F1065C4DED.e.30"
}
[1755163030.040][INFO]: Waiting for pending navigations...
[1755163030.041][INFO]: Done waiting for pending navigations. Status: ok
[1755163030.050][INFO]: Waiting for pending navigations...
[1755163030.051][INFO]: Done waiting for pending navigations. Status: ok
[1755163030.051][INFO]: [9525ab14013b9f10aa0f81426611405e] RESPONSE GetElementText "【天津】\n北辰顺泽园用电协议项目直接采购公示"
[1755163030.052][INFO]: [9525ab14013b9f10aa0f81426611405e] COMMAND GetElementText {
   "id": "f.495C356B0656AF67333FEFF3EE6D4D65.d.F9059DA95EF9E2AB62B058F1065C4DED.e.30"
}
[1755163030.052][INFO]: Waiting for pending navigations...
[1755163030.053][INFO]: Done waiting for pending navigations. Status: ok
[1755163030.064][INFO]: Waiting for pending navigations...
[1755163030.065][INFO]: Done waiting for pending navigations. Status: ok
[1755163030.065][INFO]: [9525ab14013b9f10aa0f81426611405e] RESPONSE GetElementText "【天津】\n北辰顺泽园用电协议项目直接采购公示"
[1755163030.066][INFO]: [9525ab14013b9f10aa0f81426611405e] COMMAND GetElementText {
   "id": "f.495C356B0656AF67333FEFF3EE6D4D65.d.F9059DA95EF9E2AB62B058F1065C4DED.e.31"
}
[1755163030.066][INFO]: Waiting for pending navigations...
[1755163030.067][INFO]: Done waiting for pending navigations. Status: ok
[1755163030.075][INFO]: Waiting for pending navigations...
[1755163030.076][INFO]: Done waiting for pending navigations. Status: ok
[1755163030.076][INFO]: [9525ab14013b9f10aa0f81426611405e] RESPONSE GetElementText "2025-07-23"
[1755163030.077][INFO]: [9525ab14013b9f10aa0f81426611405e] COMMAND GetElementText {
   "id": "f.495C356B0656AF67333FEFF3EE6D4D65.d.F9059DA95EF9E2AB62B058F1065C4DED.e.32"
}
[1755163030.077][INFO]: Waiting for pending navigations...
[1755163030.078][INFO]: Done waiting for pending navigations. Status: ok
[1755163030.087][INFO]: Waiting for pending navigations...
[1755163030.088][INFO]: Done waiting for pending navigations. Status: ok
[1755163030.088][INFO]: [9525ab14013b9f10aa0f81426611405e] RESPONSE GetElementText "2025-07-25"
[1755163030.089][INFO]: [9525ab14013b9f10aa0f81426611405e] COMMAND GetElementText {
   "id": "f.495C356B0656AF67333FEFF3EE6D4D65.d.F9059DA95EF9E2AB62B058F1065C4DED.e.33"
}
[1755163030.089][INFO]: Waiting for pending navigations...
[1755163030.090][INFO]: Done waiting for pending navigations. Status: ok
[1755163030.102][INFO]: Waiting for pending navigations...
[1755163030.102][INFO]: Done waiting for pending navigations. Status: ok
[1755163030.102][INFO]: [9525ab14013b9f10aa0f81426611405e] RESPONSE GetElementText "2025-07-22"
[1755163030.104][INFO]: [9525ab14013b9f10aa0f81426611405e] COMMAND FindChildElements {
   "id": "f.495C356B0656AF67333FEFF3EE6D4D65.d.F9059DA95EF9E2AB62B058F1065C4DED.e.26",
   "using": "tag name",
   "value": "td"
}
[1755163030.104][INFO]: Waiting for pending navigations...
[1755163030.105][INFO]: Done waiting for pending navigations. Status: ok
[1755163030.112][INFO]: Waiting for pending navigations...
[1755163030.113][INFO]: Done waiting for pending navigations. Status: ok
[1755163030.113][INFO]: [9525ab14013b9f10aa0f81426611405e] RESPONSE FindChildElements [ {
   "element-6066-11e4-a52e-4f735466cecf": "f.495C356B0656AF67333FEFF3EE6D4D65.d.F9059DA95EF9E2AB62B058F1065C4DED.e.34"
}, {
   "element-6066-11e4-a52e-4f735466cecf": "f.495C356B0656AF67333FEFF3EE6D4D65.d.F9059DA95EF9E2AB62B058F1065C4DED.e.35"
}, {
   "element-6066-11e4-a52e-4f735466cecf": "f.495C356B0656AF67333FEFF3EE6D4D65.d.F9059DA95EF9E2AB62B058F1065C4DED.e.36"
}, {
   "element-6066-11e4-a52e-4f735466cecf": "f.495C356B0656AF67333FEFF3EE6D4D65.d.F9059DA95EF9E2AB62B058F1065C4DED.e.37"
} ]
[1755163030.114][INFO]: [9525ab14013b9f10aa0f81426611405e] COMMAND GetElementText {
   "id": "f.495C356B0656AF67333FEFF3EE6D4D65.d.F9059DA95EF9E2AB62B058F1065C4DED.e.34"
}
[1755163030.114][INFO]: Waiting for pending navigations...
[1755163030.115][INFO]: Done waiting for pending navigations. Status: ok
[1755163030.125][INFO]: Waiting for pending navigations...
[1755163030.126][INFO]: Done waiting for pending navigations. Status: ok
[1755163030.126][INFO]: [9525ab14013b9f10aa0f81426611405e] RESPONSE GetElementText "【天津】\n天津电信大寺西电发电机组和固定式柴油发电机组深度保养项目公开询比的采购结果"
[1755163030.127][INFO]: [9525ab14013b9f10aa0f81426611405e] COMMAND GetElementText {
   "id": "f.495C356B0656AF67333FEFF3EE6D4D65.d.F9059DA95EF9E2AB62B058F1065C4DED.e.34"
}
[1755163030.127][INFO]: Waiting for pending navigations...
[1755163030.128][INFO]: Done waiting for pending navigations. Status: ok
[1755163030.138][INFO]: Waiting for pending navigations...
[1755163030.138][INFO]: Done waiting for pending navigations. Status: ok
[1755163030.138][INFO]: [9525ab14013b9f10aa0f81426611405e] RESPONSE GetElementText "【天津】\n天津电信大寺西电发电机组和固定式柴油发电机组深度保养项目公开询比的采购结果"
[1755163030.140][INFO]: [9525ab14013b9f10aa0f81426611405e] COMMAND GetElementText {
   "id": "f.495C356B0656AF67333FEFF3EE6D4D65.d.F9059DA95EF9E2AB62B058F1065C4DED.e.35"
}
[1755163030.140][INFO]: Waiting for pending navigations...
[1755163030.141][INFO]: Done waiting for pending navigations. Status: ok
[1755163030.149][INFO]: Waiting for pending navigations...
[1755163030.150][INFO]: Done waiting for pending navigations. Status: ok
[1755163030.150][INFO]: [9525ab14013b9f10aa0f81426611405e] RESPONSE GetElementText ""
[1755163030.151][INFO]: [9525ab14013b9f10aa0f81426611405e] COMMAND GetElementText {
   "id": "f.495C356B0656AF67333FEFF3EE6D4D65.d.F9059DA95EF9E2AB62B058F1065C4DED.e.36"
}
[1755163030.151][INFO]: Waiting for pending navigations...
[1755163030.152][INFO]: Done waiting for pending navigations. Status: ok
[1755163030.160][INFO]: Waiting for pending navigations...
[1755163030.160][INFO]: Done waiting for pending navigations. Status: ok
[1755163030.160][INFO]: [9525ab14013b9f10aa0f81426611405e] RESPONSE GetElementText ""
[1755163030.161][INFO]: [9525ab14013b9f10aa0f81426611405e] COMMAND GetElementText {
   "id": "f.495C356B0656AF67333FEFF3EE6D4D65.d.F9059DA95EF9E2AB62B058F1065C4DED.e.37"
}
[1755163030.161][INFO]: Waiting for pending navigations...
[1755163030.162][INFO]: Done waiting for pending navigations. Status: ok
[1755163030.170][INFO]: Waiting for pending navigations...
[1755163030.171][INFO]: Done waiting for pending navigations. Status: ok
[1755163030.171][INFO]: [9525ab14013b9f10aa0f81426611405e] RESPONSE GetElementText "2025-07-22"
[1755163030.172][INFO]: [9525ab14013b9f10aa0f81426611405e] COMMAND FindChildElements {
   "id": "f.495C356B0656AF67333FEFF3EE6D4D65.d.F9059DA95EF9E2AB62B058F1065C4DED.e.27",
   "using": "tag name",
   "value": "td"
}
[1755163030.173][INFO]: Waiting for pending navigations...
[1755163030.173][INFO]: Done waiting for pending navigations. Status: ok
[1755163030.182][INFO]: Waiting for pending navigations...
[1755163030.182][INFO]: Done waiting for pending navigations. Status: ok
[1755163030.182][INFO]: [9525ab14013b9f10aa0f81426611405e] RESPONSE FindChildElements [ {
   "element-6066-11e4-a52e-4f735466cecf": "f.495C356B0656AF67333FEFF3EE6D4D65.d.F9059DA95EF9E2AB62B058F1065C4DED.e.38"
}, {
   "element-6066-11e4-a52e-4f735466cecf": "f.495C356B0656AF67333FEFF3EE6D4D65.d.F9059DA95EF9E2AB62B058F1065C4DED.e.39"
}, {
   "element-6066-11e4-a52e-4f735466cecf": "f.495C356B0656AF67333FEFF3EE6D4D65.d.F9059DA95EF9E2AB62B058F1065C4DED.e.40"
}, {
   "element-6066-11e4-a52e-4f735466cecf": "f.495C356B0656AF67333FEFF3EE6D4D65.d.F9059DA95EF9E2AB62B058F1065C4DED.e.41"
} ]
[1755163030.184][INFO]: [9525ab14013b9f10aa0f81426611405e] COMMAND GetElementText {
   "id": "f.495C356B0656AF67333FEFF3EE6D4D65.d.F9059DA95EF9E2AB62B058F1065C4DED.e.38"
}
[1755163030.184][INFO]: Waiting for pending navigations...
[1755163030.184][INFO]: Done waiting for pending navigations. Status: ok
[1755163030.195][INFO]: Waiting for pending navigations...
[1755163030.196][INFO]: Done waiting for pending navigations. Status: ok
[1755163030.196][INFO]: [9525ab14013b9f10aa0f81426611405e] RESPONSE GetElementText "【天津】\n2025年滨海分公司滨慧花园室分电费协议"
[1755163030.197][INFO]: [9525ab14013b9f10aa0f81426611405e] COMMAND GetElementText {
   "id": "f.495C356B0656AF67333FEFF3EE6D4D65.d.F9059DA95EF9E2AB62B058F1065C4DED.e.38"
}
[1755163030.197][INFO]: Waiting for pending navigations...
[1755163030.198][INFO]: Done waiting for pending navigations. Status: ok
[1755163030.208][INFO]: Waiting for pending navigations...
[1755163030.209][INFO]: Done waiting for pending navigations. Status: ok
[1755163030.209][INFO]: [9525ab14013b9f10aa0f81426611405e] RESPONSE GetElementText "【天津】\n2025年滨海分公司滨慧花园室分电费协议"
[1755163030.210][INFO]: [9525ab14013b9f10aa0f81426611405e] COMMAND GetElementText {
   "id": "f.495C356B0656AF67333FEFF3EE6D4D65.d.F9059DA95EF9E2AB62B058F1065C4DED.e.39"
}
[1755163030.210][INFO]: Waiting for pending navigations...
[1755163030.211][INFO]: Done waiting for pending navigations. Status: ok
[1755163030.223][INFO]: Waiting for pending navigations...
[1755163030.223][INFO]: Done waiting for pending navigations. Status: ok
[1755163030.223][INFO]: [9525ab14013b9f10aa0f81426611405e] RESPONSE GetElementText "2025-07-22"
[1755163030.225][INFO]: [9525ab14013b9f10aa0f81426611405e] COMMAND GetElementText {
   "id": "f.495C356B0656AF67333FEFF3EE6D4D65.d.F9059DA95EF9E2AB62B058F1065C4DED.e.40"
}
[1755163030.225][INFO]: Waiting for pending navigations...
[1755163030.226][INFO]: Done waiting for pending navigations. Status: ok
[1755163030.238][INFO]: Waiting for pending navigations...
[1755163030.239][INFO]: Done waiting for pending navigations. Status: ok
[1755163030.239][INFO]: [9525ab14013b9f10aa0f81426611405e] RESPONSE GetElementText "2025-07-24"
[1755163030.240][INFO]: [9525ab14013b9f10aa0f81426611405e] COMMAND GetElementText {
   "id": "f.495C356B0656AF67333FEFF3EE6D4D65.d.F9059DA95EF9E2AB62B058F1065C4DED.e.41"
}
[1755163030.240][INFO]: Waiting for pending navigations...
[1755163030.241][INFO]: Done waiting for pending navigations. Status: ok
[1755163030.251][INFO]: Waiting for pending navigations...
[1755163030.252][INFO]: Done waiting for pending navigations. Status: ok
[1755163030.252][INFO]: [9525ab14013b9f10aa0f81426611405e] RESPONSE GetElementText "2025-07-22"
[1755163030.254][INFO]: [9525ab14013b9f10aa0f81426611405e] COMMAND FindChildElements {
   "id": "f.495C356B0656AF67333FEFF3EE6D4D65.d.F9059DA95EF9E2AB62B058F1065C4DED.e.28",
   "using": "tag name",
   "value": "td"
}
[1755163030.254][INFO]: Waiting for pending navigations...
[1755163030.255][INFO]: Done waiting for pending navigations. Status: ok
[1755163030.264][INFO]: Waiting for pending navigations...
[1755163030.265][INFO]: Done waiting for pending navigations. Status: ok
[1755163030.265][INFO]: [9525ab14013b9f10aa0f81426611405e] RESPONSE FindChildElements [ {
   "element-6066-11e4-a52e-4f735466cecf": "f.495C356B0656AF67333FEFF3EE6D4D65.d.F9059DA95EF9E2AB62B058F1065C4DED.e.42"
}, {
   "element-6066-11e4-a52e-4f735466cecf": "f.495C356B0656AF67333FEFF3EE6D4D65.d.F9059DA95EF9E2AB62B058F1065C4DED.e.43"
}, {
   "element-6066-11e4-a52e-4f735466cecf": "f.495C356B0656AF67333FEFF3EE6D4D65.d.F9059DA95EF9E2AB62B058F1065C4DED.e.44"
}, {
   "element-6066-11e4-a52e-4f735466cecf": "f.495C356B0656AF67333FEFF3EE6D4D65.d.F9059DA95EF9E2AB62B058F1065C4DED.e.45"
} ]
[1755163030.266][INFO]: [9525ab14013b9f10aa0f81426611405e] COMMAND GetElementText {
   "id": "f.495C356B0656AF67333FEFF3EE6D4D65.d.F9059DA95EF9E2AB62B058F1065C4DED.e.42"
}
[1755163030.267][INFO]: Waiting for pending navigations...
[1755163030.267][INFO]: Done waiting for pending navigations. Status: ok
[1755163030.279][INFO]: Waiting for pending navigations...
[1755163030.280][INFO]: Done waiting for pending navigations. Status: ok
[1755163030.280][INFO]: [9525ab14013b9f10aa0f81426611405e] RESPONSE GetElementText "【天津】\n2025-2028年空港天保商务园（B地块）机房用电协议书"
[1755163030.282][INFO]: [9525ab14013b9f10aa0f81426611405e] COMMAND GetElementText {
   "id": "f.495C356B0656AF67333FEFF3EE6D4D65.d.F9059DA95EF9E2AB62B058F1065C4DED.e.42"
}
[1755163030.282][INFO]: Waiting for pending navigations...
[1755163030.283][INFO]: Done waiting for pending navigations. Status: ok
[1755163030.296][INFO]: Waiting for pending navigations...
[1755163030.297][INFO]: Done waiting for pending navigations. Status: ok
[1755163030.297][INFO]: [9525ab14013b9f10aa0f81426611405e] RESPONSE GetElementText "【天津】\n2025-2028年空港天保商务园（B地块）机房用电协议书"
[1755163030.298][INFO]: [9525ab14013b9f10aa0f81426611405e] COMMAND GetElementText {
   "id": "f.495C356B0656AF67333FEFF3EE6D4D65.d.F9059DA95EF9E2AB62B058F1065C4DED.e.43"
}
[1755163030.298][INFO]: Waiting for pending navigations...
[1755163030.299][INFO]: Done waiting for pending navigations. Status: ok
[1755163030.310][INFO]: Waiting for pending navigations...
[1755163030.310][INFO]: Done waiting for pending navigations. Status: ok
[1755163030.310][INFO]: [9525ab14013b9f10aa0f81426611405e] RESPONSE GetElementText "2025-07-21"
[1755163030.312][INFO]: [9525ab14013b9f10aa0f81426611405e] COMMAND GetElementText {
   "id": "f.495C356B0656AF67333FEFF3EE6D4D65.d.F9059DA95EF9E2AB62B058F1065C4DED.e.44"
}
[1755163030.312][INFO]: Waiting for pending navigations...
[1755163030.313][INFO]: Done waiting for pending navigations. Status: ok
[1755163030.321][INFO]: Waiting for pending navigations...
[1755163030.322][INFO]: Done waiting for pending navigations. Status: ok
[1755163030.322][INFO]: [9525ab14013b9f10aa0f81426611405e] RESPONSE GetElementText "2025-07-23"
[1755163030.323][INFO]: [9525ab14013b9f10aa0f81426611405e] COMMAND GetElementText {
   "id": "f.495C356B0656AF67333FEFF3EE6D4D65.d.F9059DA95EF9E2AB62B058F1065C4DED.e.45"
}
[1755163030.323][INFO]: Waiting for pending navigations...
[1755163030.324][INFO]: Done waiting for pending navigations. Status: ok
[1755163030.332][INFO]: Waiting for pending navigations...
[1755163030.333][INFO]: Done waiting for pending navigations. Status: ok
[1755163030.333][INFO]: [9525ab14013b9f10aa0f81426611405e] RESPONSE GetElementText "2025-07-22"
[1755163030.334][INFO]: [9525ab14013b9f10aa0f81426611405e] COMMAND FindChildElements {
   "id": "f.495C356B0656AF67333FEFF3EE6D4D65.d.F9059DA95EF9E2AB62B058F1065C4DED.e.29",
   "using": "tag name",
   "value": "td"
}
[1755163030.334][INFO]: Waiting for pending navigations...
[1755163030.335][INFO]: Done waiting for pending navigations. Status: ok
[1755163030.343][INFO]: Waiting for pending navigations...
[1755163030.344][INFO]: Done waiting for pending navigations. Status: ok
[1755163030.344][INFO]: [9525ab14013b9f10aa0f81426611405e] RESPONSE FindChildElements [ {
   "element-6066-11e4-a52e-4f735466cecf": "f.495C356B0656AF67333FEFF3EE6D4D65.d.F9059DA95EF9E2AB62B058F1065C4DED.e.46"
}, {
   "element-6066-11e4-a52e-4f735466cecf": "f.495C356B0656AF67333FEFF3EE6D4D65.d.F9059DA95EF9E2AB62B058F1065C4DED.e.47"
}, {
   "element-6066-11e4-a52e-4f735466cecf": "f.495C356B0656AF67333FEFF3EE6D4D65.d.F9059DA95EF9E2AB62B058F1065C4DED.e.48"
}, {
   "element-6066-11e4-a52e-4f735466cecf": "f.495C356B0656AF67333FEFF3EE6D4D65.d.F9059DA95EF9E2AB62B058F1065C4DED.e.49"
} ]
[1755163030.346][INFO]: [9525ab14013b9f10aa0f81426611405e] COMMAND GetElementText {
   "id": "f.495C356B0656AF67333FEFF3EE6D4D65.d.F9059DA95EF9E2AB62B058F1065C4DED.e.46"
}
[1755163030.346][INFO]: Waiting for pending navigations...
[1755163030.347][INFO]: Done waiting for pending navigations. Status: ok
[1755163030.357][INFO]: Waiting for pending navigations...
[1755163030.358][INFO]: Done waiting for pending navigations. Status: ok
[1755163030.358][INFO]: [9525ab14013b9f10aa0f81426611405e] RESPONSE GetElementText "【天津】\n中国电信天津分公司2025年国网CDN服务采购DICT项目直接采购公示"
[1755163030.359][INFO]: [9525ab14013b9f10aa0f81426611405e] COMMAND GetElementText {
   "id": "f.495C356B0656AF67333FEFF3EE6D4D65.d.F9059DA95EF9E2AB62B058F1065C4DED.e.46"
}
[1755163030.359][INFO]: Waiting for pending navigations...
[1755163030.360][INFO]: Done waiting for pending navigations. Status: ok
[1755163030.370][INFO]: Waiting for pending navigations...
[1755163030.371][INFO]: Done waiting for pending navigations. Status: ok
[1755163030.371][INFO]: [9525ab14013b9f10aa0f81426611405e] RESPONSE GetElementText "【天津】\n中国电信天津分公司2025年国网CDN服务采购DICT项目直接采购公示"
[1755163030.372][INFO]: [9525ab14013b9f10aa0f81426611405e] COMMAND GetElementText {
   "id": "f.495C356B0656AF67333FEFF3EE6D4D65.d.F9059DA95EF9E2AB62B058F1065C4DED.e.47"
}
[1755163030.372][INFO]: Waiting for pending navigations...
[1755163030.373][INFO]: Done waiting for pending navigations. Status: ok
[1755163030.382][INFO]: Waiting for pending navigations...
[1755163030.382][INFO]: Done waiting for pending navigations. Status: ok
[1755163030.382][INFO]: [9525ab14013b9f10aa0f81426611405e] RESPONSE GetElementText "2025-07-22"
[1755163030.384][INFO]: [9525ab14013b9f10aa0f81426611405e] COMMAND GetElementText {
   "id": "f.495C356B0656AF67333FEFF3EE6D4D65.d.F9059DA95EF9E2AB62B058F1065C4DED.e.48"
}
[1755163030.384][INFO]: Waiting for pending navigations...
[1755163030.384][INFO]: Done waiting for pending navigations. Status: ok
[1755163030.393][INFO]: Waiting for pending navigations...
[1755163030.394][INFO]: Done waiting for pending navigations. Status: ok
[1755163030.394][INFO]: [9525ab14013b9f10aa0f81426611405e] RESPONSE GetElementText "2025-07-24"
[1755163030.395][INFO]: [9525ab14013b9f10aa0f81426611405e] COMMAND GetElementText {
   "id": "f.495C356B0656AF67333FEFF3EE6D4D65.d.F9059DA95EF9E2AB62B058F1065C4DED.e.49"
}
[1755163030.395][INFO]: Waiting for pending navigations...
[1755163030.396][INFO]: Done waiting for pending navigations. Status: ok
[1755163030.405][INFO]: Waiting for pending navigations...
[1755163030.406][INFO]: Done waiting for pending navigations. Status: ok
[1755163030.406][INFO]: [9525ab14013b9f10aa0f81426611405e] RESPONSE GetElementText "2025-07-21"
[1755163030.407][INFO]: [9525ab14013b9f10aa0f81426611405e] COMMAND FindElement {
   "using": "xpath",
   "value": "//button[contains(@class, 'btn-next')]"
}
[1755163030.407][INFO]: Waiting for pending navigations...
[1755163030.408][INFO]: Done waiting for pending navigations. Status: ok
[1755163030.414][INFO]: Waiting for pending navigations...
[1755163030.415][INFO]: Done waiting for pending navigations. Status: ok
[1755163030.415][INFO]: [9525ab14013b9f10aa0f81426611405e] RESPONSE FindElement {
   "element-6066-11e4-a52e-4f735466cecf": "f.495C356B0656AF67333FEFF3EE6D4D65.d.F9059DA95EF9E2AB62B058F1065C4DED.e.50"
}
[1755163030.416][INFO]: [9525ab14013b9f10aa0f81426611405e] COMMAND IsElementEnabled {
   "id": "f.495C356B0656AF67333FEFF3EE6D4D65.d.F9059DA95EF9E2AB62B058F1065C4DED.e.50"
}
[1755163030.416][INFO]: Waiting for pending navigations...
[1755163030.417][INFO]: Done waiting for pending navigations. Status: ok
[1755163030.423][INFO]: Waiting for pending navigations...
[1755163030.424][INFO]: Done waiting for pending navigations. Status: ok
[1755163030.424][INFO]: [9525ab14013b9f10aa0f81426611405e] RESPONSE IsElementEnabled true
[1755163030.425][INFO]: [9525ab14013b9f10aa0f81426611405e] COMMAND FindElement {
   "using": "xpath",
   "value": "//div[contains(@class, 'el-table__body-wrapper')]//tr[@class='el-table__row'][1]/td[1]"
}
[1755163030.425][INFO]: Waiting for pending navigations...
[1755163030.426][INFO]: Done waiting for pending navigations. Status: ok
[1755163030.433][INFO]: Waiting for pending navigations...
[1755163030.434][INFO]: Done waiting for pending navigations. Status: ok
[1755163030.434][INFO]: [9525ab14013b9f10aa0f81426611405e] RESPONSE FindElement {
   "element-6066-11e4-a52e-4f735466cecf": "f.495C356B0656AF67333FEFF3EE6D4D65.d.F9059DA95EF9E2AB62B058F1065C4DED.e.30"
}
[1755163030.435][INFO]: [9525ab14013b9f10aa0f81426611405e] COMMAND GetElementText {
   "id": "f.495C356B0656AF67333FEFF3EE6D4D65.d.F9059DA95EF9E2AB62B058F1065C4DED.e.30"
}
[1755163030.435][INFO]: Waiting for pending navigations...
[1755163030.436][INFO]: Done waiting for pending navigations. Status: ok
[1755163030.445][INFO]: Waiting for pending navigations...
[1755163030.446][INFO]: Done waiting for pending navigations. Status: ok
[1755163030.446][INFO]: [9525ab14013b9f10aa0f81426611405e] RESPONSE GetElementText "【天津】\n北辰顺泽园用电协议项目直接采购公示"
[1755163030.447][INFO]: [9525ab14013b9f10aa0f81426611405e] COMMAND ExecuteScript {
   "args": [ {
      "element-6066-11e4-a52e-4f735466cecf": "f.495C356B0656AF67333FEFF3EE6D4D65.d.F9059DA95EF9E2AB62B058F1065C4DED.e.50"
   } ],
   "script": "arguments[0].click();"
}
[1755163030.447][INFO]: Waiting for pending navigations...
[1755163030.448][INFO]: Done waiting for pending navigations. Status: ok
[1755163030.469][INFO]: Waiting for pending navigations...
[1755163030.473][INFO]: Done waiting for pending navigations. Status: ok
[1755163030.473][INFO]: [9525ab14013b9f10aa0f81426611405e] RESPONSE ExecuteScript null
[1755163030.475][INFO]: [9525ab14013b9f10aa0f81426611405e] COMMAND FindElement {
   "using": "xpath",
   "value": "//div[contains(@class, 'el-table__body-wrapper')]//tr[@class='el-table__row'][1]/td[1]"
}
[1755163030.475][INFO]: Waiting for pending navigations...
[1755163030.478][INFO]: Done waiting for pending navigations. Status: ok
[1755163030.486][INFO]: Waiting for pending navigations...
[1755163030.487][INFO]: Done waiting for pending navigations. Status: ok
[1755163030.487][INFO]: [9525ab14013b9f10aa0f81426611405e] RESPONSE FindElement {
   "element-6066-11e4-a52e-4f735466cecf": "f.495C356B0656AF67333FEFF3EE6D4D65.d.F9059DA95EF9E2AB62B058F1065C4DED.e.30"
}
[1755163030.489][INFO]: [9525ab14013b9f10aa0f81426611405e] COMMAND GetElementText {
   "id": "f.495C356B0656AF67333FEFF3EE6D4D65.d.F9059DA95EF9E2AB62B058F1065C4DED.e.30"
}
[1755163030.489][INFO]: Waiting for pending navigations...
[1755163030.489][INFO]: Done waiting for pending navigations. Status: ok
[1755163030.500][INFO]: Waiting for pending navigations...
[1755163030.500][INFO]: Done waiting for pending navigations. Status: ok
[1755163030.500][INFO]: [9525ab14013b9f10aa0f81426611405e] RESPONSE GetElementText "【天津】\n北辰顺泽园用电协议项目直接采购公示"
[1755163031.002][INFO]: [9525ab14013b9f10aa0f81426611405e] COMMAND FindElement {
   "using": "xpath",
   "value": "//div[contains(@class, 'el-table__body-wrapper')]//tr[@class='el-table__row'][1]/td[1]"
}
[1755163031.002][INFO]: Waiting for pending navigations...
[1755163031.003][INFO]: Done waiting for pending navigations. Status: ok
[1755163031.011][INFO]: Waiting for pending navigations...
[1755163031.012][INFO]: Done waiting for pending navigations. Status: ok
[1755163031.012][INFO]: [9525ab14013b9f10aa0f81426611405e] RESPONSE FindElement {
   "element-6066-11e4-a52e-4f735466cecf": "f.495C356B0656AF67333FEFF3EE6D4D65.d.F9059DA95EF9E2AB62B058F1065C4DED.e.30"
}
[1755163031.013][INFO]: [9525ab14013b9f10aa0f81426611405e] COMMAND GetElementText {
   "id": "f.495C356B0656AF67333FEFF3EE6D4D65.d.F9059DA95EF9E2AB62B058F1065C4DED.e.30"
}
[1755163031.013][INFO]: Waiting for pending navigations...
[1755163031.014][INFO]: Done waiting for pending navigations. Status: ok
[1755163031.024][INFO]: Waiting for pending navigations...
[1755163031.025][INFO]: Done waiting for pending navigations. Status: ok
[1755163031.025][INFO]: [9525ab14013b9f10aa0f81426611405e] RESPONSE GetElementText "【天津】\n北辰顺泽园用电协议项目直接采购公示"
[1755163031.527][INFO]: [9525ab14013b9f10aa0f81426611405e] COMMAND FindElement {
   "using": "xpath",
   "value": "//div[contains(@class, 'el-table__body-wrapper')]//tr[@class='el-table__row'][1]/td[1]"
}
[1755163031.527][INFO]: Waiting for pending navigations...
[1755163031.528][INFO]: Done waiting for pending navigations. Status: ok
[1755163031.535][INFO]: Waiting for pending navigations...
[1755163031.536][INFO]: Done waiting for pending navigations. Status: ok
[1755163031.536][INFO]: [9525ab14013b9f10aa0f81426611405e] RESPONSE FindElement {
   "element-6066-11e4-a52e-4f735466cecf": "f.495C356B0656AF67333FEFF3EE6D4D65.d.F9059DA95EF9E2AB62B058F1065C4DED.e.30"
}
[1755163031.538][INFO]: [9525ab14013b9f10aa0f81426611405e] COMMAND GetElementText {
   "id": "f.495C356B0656AF67333FEFF3EE6D4D65.d.F9059DA95EF9E2AB62B058F1065C4DED.e.30"
}
[1755163031.538][INFO]: Waiting for pending navigations...
[1755163031.539][INFO]: Done waiting for pending navigations. Status: ok
[1755163031.550][INFO]: Waiting for pending navigations...
[1755163031.550][INFO]: Done waiting for pending navigations. Status: ok
[1755163031.550][INFO]: [9525ab14013b9f10aa0f81426611405e] RESPONSE GetElementText "【天津】\n中国电信天津分公司2025年武清数据中心BA系统维保服务项目询比公告"
[1755163031.552][INFO]: [9525ab14013b9f10aa0f81426611405e] COMMAND FindElement {
   "using": "css selector",
   "value": ".tableList"
}
[1755163031.552][INFO]: Waiting for pending navigations...
[1755163031.553][INFO]: Done waiting for pending navigations. Status: ok
[1755163031.560][INFO]: Waiting for pending navigations...
[1755163031.561][INFO]: Done waiting for pending navigations. Status: ok
[1755163031.561][INFO]: [9525ab14013b9f10aa0f81426611405e] RESPONSE FindElement {
   "element-6066-11e4-a52e-4f735466cecf": "f.495C356B0656AF67333FEFF3EE6D4D65.d.F9059DA95EF9E2AB62B058F1065C4DED.e.24"
}
[1755163031.562][INFO]: [9525ab14013b9f10aa0f81426611405e] COMMAND FindElements {
   "using": "xpath",
   "value": "//div[contains(@class, 'el-table__body-wrapper')]//tr[@class='el-table__row']"
}
[1755163031.562][INFO]: Waiting for pending navigations...
[1755163031.563][INFO]: Done waiting for pending navigations. Status: ok
[1755163031.571][INFO]: Waiting for pending navigations...
[1755163031.572][INFO]: Done waiting for pending navigations. Status: ok
[1755163031.572][INFO]: [9525ab14013b9f10aa0f81426611405e] RESPONSE FindElements [ {
   "element-6066-11e4-a52e-4f735466cecf": "f.495C356B0656AF67333FEFF3EE6D4D65.d.F9059DA95EF9E2AB62B058F1065C4DED.e.25"
}, {
   "element-6066-11e4-a52e-4f735466cecf": "f.495C356B0656AF67333FEFF3EE6D4D65.d.F9059DA95EF9E2AB62B058F1065C4DED.e.26"
}, {
   "element-6066-11e4-a52e-4f735466cecf": "f.495C356B0656AF67333FEFF3EE6D4D65.d.F9059DA95EF9E2AB62B058F1065C4DED.e.27"
}, {
   "element-6066-11e4-a52e-4f735466cecf": "f.495C356B0656AF67333FEFF3EE6D4D65.d.F9059DA95EF9E2AB62B058F1065C4DED.e.28"
}, {
   "element-6066-11e4-a52e-4f735466cecf": "f.495C356B0656AF67333FEFF3EE6D4D65.d.F9059DA95EF9E2AB62B058F1065C4DED.e.29"
} ]
[1755163031.574][INFO]: [9525ab14013b9f10aa0f81426611405e] COMMAND FindChildElements {
   "id": "f.495C356B0656AF67333FEFF3EE6D4D65.d.F9059DA95EF9E2AB62B058F1065C4DED.e.25",
   "using": "tag name",
   "value": "td"
}
[1755163031.574][INFO]: Waiting for pending navigations...
[1755163031.575][INFO]: Done waiting for pending navigations. Status: ok
[1755163031.583][INFO]: Waiting for pending navigations...
[1755163031.583][INFO]: Done waiting for pending navigations. Status: ok
[1755163031.583][INFO]: [9525ab14013b9f10aa0f81426611405e] RESPONSE FindChildElements [ {
   "element-6066-11e4-a52e-4f735466cecf": "f.495C356B0656AF67333FEFF3EE6D4D65.d.F9059DA95EF9E2AB62B058F1065C4DED.e.30"
}, {
   "element-6066-11e4-a52e-4f735466cecf": "f.495C356B0656AF67333FEFF3EE6D4D65.d.F9059DA95EF9E2AB62B058F1065C4DED.e.31"
}, {
   "element-6066-11e4-a52e-4f735466cecf": "f.495C356B0656AF67333FEFF3EE6D4D65.d.F9059DA95EF9E2AB62B058F1065C4DED.e.32"
}, {
   "element-6066-11e4-a52e-4f735466cecf": "f.495C356B0656AF67333FEFF3EE6D4D65.d.F9059DA95EF9E2AB62B058F1065C4DED.e.33"
} ]
[1755163031.585][INFO]: [9525ab14013b9f10aa0f81426611405e] COMMAND GetElementText {
   "id": "f.495C356B0656AF67333FEFF3EE6D4D65.d.F9059DA95EF9E2AB62B058F1065C4DED.e.30"
}
[1755163031.585][INFO]: Waiting for pending navigations...
[1755163031.586][INFO]: Done waiting for pending navigations. Status: ok
[1755163031.600][INFO]: Waiting for pending navigations...
[1755163031.601][INFO]: Done waiting for pending navigations. Status: ok
[1755163031.601][INFO]: [9525ab14013b9f10aa0f81426611405e] RESPONSE GetElementText "【天津】\n中国电信天津分公司2025年武清数据中心BA系统维保服务项目询比公告"
[1755163031.602][INFO]: [9525ab14013b9f10aa0f81426611405e] COMMAND GetElementText {
   "id": "f.495C356B0656AF67333FEFF3EE6D4D65.d.F9059DA95EF9E2AB62B058F1065C4DED.e.30"
}
[1755163031.602][INFO]: Waiting for pending navigations...
[1755163031.603][INFO]: Done waiting for pending navigations. Status: ok
[1755163031.615][INFO]: Waiting for pending navigations...
[1755163031.616][INFO]: Done waiting for pending navigations. Status: ok
[1755163031.616][INFO]: [9525ab14013b9f10aa0f81426611405e] RESPONSE GetElementText "【天津】\n中国电信天津分公司2025年武清数据中心BA系统维保服务项目询比公告"
[1755163031.618][INFO]: [9525ab14013b9f10aa0f81426611405e] COMMAND GetElementText {
   "id": "f.495C356B0656AF67333FEFF3EE6D4D65.d.F9059DA95EF9E2AB62B058F1065C4DED.e.31"
}
[1755163031.618][INFO]: Waiting for pending navigations...
[1755163031.619][INFO]: Done waiting for pending navigations. Status: ok
[1755163031.628][INFO]: Waiting for pending navigations...
[1755163031.629][INFO]: Done waiting for pending navigations. Status: ok
[1755163031.629][INFO]: [9525ab14013b9f10aa0f81426611405e] RESPONSE GetElementText "2025-07-21"
[1755163031.631][INFO]: [9525ab14013b9f10aa0f81426611405e] COMMAND GetElementText {
   "id": "f.495C356B0656AF67333FEFF3EE6D4D65.d.F9059DA95EF9E2AB62B058F1065C4DED.e.32"
}
[1755163031.631][INFO]: Waiting for pending navigations...
[1755163031.631][INFO]: Done waiting for pending navigations. Status: ok
[1755163031.642][INFO]: Waiting for pending navigations...
[1755163031.643][INFO]: Done waiting for pending navigations. Status: ok
[1755163031.643][INFO]: [9525ab14013b9f10aa0f81426611405e] RESPONSE GetElementText "2025-07-24"
[1755163031.645][INFO]: [9525ab14013b9f10aa0f81426611405e] COMMAND GetElementText {
   "id": "f.495C356B0656AF67333FEFF3EE6D4D65.d.F9059DA95EF9E2AB62B058F1065C4DED.e.33"
}
[1755163031.645][INFO]: Waiting for pending navigations...
[1755163031.646][INFO]: Done waiting for pending navigations. Status: ok
[1755163031.655][INFO]: Waiting for pending navigations...
[1755163031.656][INFO]: Done waiting for pending navigations. Status: ok
[1755163031.656][INFO]: [9525ab14013b9f10aa0f81426611405e] RESPONSE GetElementText "2025-07-21"
[1755163031.658][INFO]: [9525ab14013b9f10aa0f81426611405e] COMMAND FindChildElements {
   "id": "f.495C356B0656AF67333FEFF3EE6D4D65.d.F9059DA95EF9E2AB62B058F1065C4DED.e.26",
   "using": "tag name",
   "value": "td"
}
[1755163031.658][INFO]: Waiting for pending navigations...
[1755163031.659][INFO]: Done waiting for pending navigations. Status: ok
[1755163031.667][INFO]: Waiting for pending navigations...
[1755163031.668][INFO]: Done waiting for pending navigations. Status: ok
[1755163031.668][INFO]: [9525ab14013b9f10aa0f81426611405e] RESPONSE FindChildElements [ {
   "element-6066-11e4-a52e-4f735466cecf": "f.495C356B0656AF67333FEFF3EE6D4D65.d.F9059DA95EF9E2AB62B058F1065C4DED.e.34"
}, {
   "element-6066-11e4-a52e-4f735466cecf": "f.495C356B0656AF67333FEFF3EE6D4D65.d.F9059DA95EF9E2AB62B058F1065C4DED.e.35"
}, {
   "element-6066-11e4-a52e-4f735466cecf": "f.495C356B0656AF67333FEFF3EE6D4D65.d.F9059DA95EF9E2AB62B058F1065C4DED.e.36"
}, {
   "element-6066-11e4-a52e-4f735466cecf": "f.495C356B0656AF67333FEFF3EE6D4D65.d.F9059DA95EF9E2AB62B058F1065C4DED.e.37"
} ]
[1755163031.669][INFO]: [9525ab14013b9f10aa0f81426611405e] COMMAND GetElementText {
   "id": "f.495C356B0656AF67333FEFF3EE6D4D65.d.F9059DA95EF9E2AB62B058F1065C4DED.e.34"
}
[1755163031.669][INFO]: Waiting for pending navigations...
[1755163031.670][INFO]: Done waiting for pending navigations. Status: ok
[1755163031.681][INFO]: Waiting for pending navigations...
[1755163031.681][INFO]: Done waiting for pending navigations. Status: ok
[1755163031.681][INFO]: [9525ab14013b9f10aa0f81426611405e] RESPONSE GetElementText "【天津】\n天津电信静海分公司2025年-2027年安保服务采购项目询比结果公示"
[1755163031.683][INFO]: [9525ab14013b9f10aa0f81426611405e] COMMAND GetElementText {
   "id": "f.495C356B0656AF67333FEFF3EE6D4D65.d.F9059DA95EF9E2AB62B058F1065C4DED.e.34"
}
[1755163031.683][INFO]: Waiting for pending navigations...
[1755163031.683][INFO]: Done waiting for pending navigations. Status: ok
[1755163031.694][INFO]: Waiting for pending navigations...
[1755163031.694][INFO]: Done waiting for pending navigations. Status: ok
[1755163031.694][INFO]: [9525ab14013b9f10aa0f81426611405e] RESPONSE GetElementText "【天津】\n天津电信静海分公司2025年-2027年安保服务采购项目询比结果公示"
[1755163031.696][INFO]: [9525ab14013b9f10aa0f81426611405e] COMMAND GetElementText {
   "id": "f.495C356B0656AF67333FEFF3EE6D4D65.d.F9059DA95EF9E2AB62B058F1065C4DED.e.35"
}
[1755163031.696][INFO]: Waiting for pending navigations...
[1755163031.697][INFO]: Done waiting for pending navigations. Status: ok
[1755163031.706][INFO]: Waiting for pending navigations...
[1755163031.707][INFO]: Done waiting for pending navigations. Status: ok
[1755163031.707][INFO]: [9525ab14013b9f10aa0f81426611405e] RESPONSE GetElementText ""
[1755163031.708][INFO]: [9525ab14013b9f10aa0f81426611405e] COMMAND GetElementText {
   "id": "f.495C356B0656AF67333FEFF3EE6D4D65.d.F9059DA95EF9E2AB62B058F1065C4DED.e.36"
}
[1755163031.708][INFO]: Waiting for pending navigations...
[1755163031.709][INFO]: Done waiting for pending navigations. Status: ok
[1755163031.717][INFO]: Waiting for pending navigations...
[1755163031.718][INFO]: Done waiting for pending navigations. Status: ok
[1755163031.718][INFO]: [9525ab14013b9f10aa0f81426611405e] RESPONSE GetElementText ""
[1755163031.719][INFO]: [9525ab14013b9f10aa0f81426611405e] COMMAND GetElementText {
   "id": "f.495C356B0656AF67333FEFF3EE6D4D65.d.F9059DA95EF9E2AB62B058F1065C4DED.e.37"
}
[1755163031.719][INFO]: Waiting for pending navigations...
[1755163031.720][INFO]: Done waiting for pending navigations. Status: ok
[1755163031.729][INFO]: Waiting for pending navigations...
[1755163031.730][INFO]: Done waiting for pending navigations. Status: ok
[1755163031.730][INFO]: [9525ab14013b9f10aa0f81426611405e] RESPONSE GetElementText "2025-07-21"
[1755163031.731][INFO]: [9525ab14013b9f10aa0f81426611405e] COMMAND FindChildElements {
   "id": "f.495C356B0656AF67333FEFF3EE6D4D65.d.F9059DA95EF9E2AB62B058F1065C4DED.e.27",
   "using": "tag name",
   "value": "td"
}
[1755163031.731][INFO]: Waiting for pending navigations...
[1755163031.732][INFO]: Done waiting for pending navigations. Status: ok
[1755163031.740][INFO]: Waiting for pending navigations...
[1755163031.741][INFO]: Done waiting for pending navigations. Status: ok
[1755163031.741][INFO]: [9525ab14013b9f10aa0f81426611405e] RESPONSE FindChildElements [ {
   "element-6066-11e4-a52e-4f735466cecf": "f.495C356B0656AF67333FEFF3EE6D4D65.d.F9059DA95EF9E2AB62B058F1065C4DED.e.38"
}, {
   "element-6066-11e4-a52e-4f735466cecf": "f.495C356B0656AF67333FEFF3EE6D4D65.d.F9059DA95EF9E2AB62B058F1065C4DED.e.39"
}, {
   "element-6066-11e4-a52e-4f735466cecf": "f.495C356B0656AF67333FEFF3EE6D4D65.d.F9059DA95EF9E2AB62B058F1065C4DED.e.40"
}, {
   "element-6066-11e4-a52e-4f735466cecf": "f.495C356B0656AF67333FEFF3EE6D4D65.d.F9059DA95EF9E2AB62B058F1065C4DED.e.41"
} ]
[1755163031.742][INFO]: [9525ab14013b9f10aa0f81426611405e] COMMAND GetElementText {
   "id": "f.495C356B0656AF67333FEFF3EE6D4D65.d.F9059DA95EF9E2AB62B058F1065C4DED.e.38"
}
[1755163031.742][INFO]: Waiting for pending navigations...
[1755163031.743][INFO]: Done waiting for pending navigations. Status: ok
[1755163031.753][INFO]: Waiting for pending navigations...
[1755163031.754][INFO]: Done waiting for pending navigations. Status: ok
[1755163031.754][INFO]: [9525ab14013b9f10aa0f81426611405e] RESPONSE GetElementText "【天津】\n中国电信天津分公司2024年武清IDC机楼第一批UPS电容更换项目直接采购公示"
[1755163031.755][INFO]: [9525ab14013b9f10aa0f81426611405e] COMMAND GetElementText {
   "id": "f.495C356B0656AF67333FEFF3EE6D4D65.d.F9059DA95EF9E2AB62B058F1065C4DED.e.38"
}
[1755163031.755][INFO]: Waiting for pending navigations...
[1755163031.756][INFO]: Done waiting for pending navigations. Status: ok
[1755163031.766][INFO]: Waiting for pending navigations...
[1755163031.767][INFO]: Done waiting for pending navigations. Status: ok
[1755163031.767][INFO]: [9525ab14013b9f10aa0f81426611405e] RESPONSE GetElementText "【天津】\n中国电信天津分公司2024年武清IDC机楼第一批UPS电容更换项目直接采购公示"
[1755163031.768][INFO]: [9525ab14013b9f10aa0f81426611405e] COMMAND GetElementText {
   "id": "f.495C356B0656AF67333FEFF3EE6D4D65.d.F9059DA95EF9E2AB62B058F1065C4DED.e.39"
}
[1755163031.768][INFO]: Waiting for pending navigations...
[1755163031.769][INFO]: Done waiting for pending navigations. Status: ok
[1755163031.777][INFO]: Waiting for pending navigations...
[1755163031.778][INFO]: Done waiting for pending navigations. Status: ok
[1755163031.778][INFO]: [9525ab14013b9f10aa0f81426611405e] RESPONSE GetElementText "2025-07-21"
[1755163031.779][INFO]: [9525ab14013b9f10aa0f81426611405e] COMMAND GetElementText {
   "id": "f.495C356B0656AF67333FEFF3EE6D4D65.d.F9059DA95EF9E2AB62B058F1065C4DED.e.40"
}
[1755163031.779][INFO]: Waiting for pending navigations...
[1755163031.780][INFO]: Done waiting for pending navigations. Status: ok
[1755163031.788][INFO]: Waiting for pending navigations...
[1755163031.789][INFO]: Done waiting for pending navigations. Status: ok
[1755163031.789][INFO]: [9525ab14013b9f10aa0f81426611405e] RESPONSE GetElementText "2025-07-23"
[1755163031.790][INFO]: [9525ab14013b9f10aa0f81426611405e] COMMAND GetElementText {
   "id": "f.495C356B0656AF67333FEFF3EE6D4D65.d.F9059DA95EF9E2AB62B058F1065C4DED.e.41"
}
[1755163031.790][INFO]: Waiting for pending navigations...
[1755163031.791][INFO]: Done waiting for pending navigations. Status: ok
[1755163031.799][INFO]: Waiting for pending navigations...
[1755163031.800][INFO]: Done waiting for pending navigations. Status: ok
[1755163031.800][INFO]: [9525ab14013b9f10aa0f81426611405e] RESPONSE GetElementText "2025-07-18"
[1755163031.801][INFO]: [9525ab14013b9f10aa0f81426611405e] COMMAND FindChildElements {
   "id": "f.495C356B0656AF67333FEFF3EE6D4D65.d.F9059DA95EF9E2AB62B058F1065C4DED.e.28",
   "using": "tag name",
   "value": "td"
}
[1755163031.801][INFO]: Waiting for pending navigations...
[1755163031.802][INFO]: Done waiting for pending navigations. Status: ok
[1755163031.809][INFO]: Waiting for pending navigations...
[1755163031.809][INFO]: Done waiting for pending navigations. Status: ok
[1755163031.809][INFO]: [9525ab14013b9f10aa0f81426611405e] RESPONSE FindChildElements [ {
   "element-6066-11e4-a52e-4f735466cecf": "f.495C356B0656AF67333FEFF3EE6D4D65.d.F9059DA95EF9E2AB62B058F1065C4DED.e.42"
}, {
   "element-6066-11e4-a52e-4f735466cecf": "f.495C356B0656AF67333FEFF3EE6D4D65.d.F9059DA95EF9E2AB62B058F1065C4DED.e.43"
}, {
   "element-6066-11e4-a52e-4f735466cecf": "f.495C356B0656AF67333FEFF3EE6D4D65.d.F9059DA95EF9E2AB62B058F1065C4DED.e.44"
}, {
   "element-6066-11e4-a52e-4f735466cecf": "f.495C356B0656AF67333FEFF3EE6D4D65.d.F9059DA95EF9E2AB62B058F1065C4DED.e.45"
} ]
[1755163031.811][INFO]: [9525ab14013b9f10aa0f81426611405e] COMMAND GetElementText {
   "id": "f.495C356B0656AF67333FEFF3EE6D4D65.d.F9059DA95EF9E2AB62B058F1065C4DED.e.42"
}
[1755163031.811][INFO]: Waiting for pending navigations...
[1755163031.811][INFO]: Done waiting for pending navigations. Status: ok
[1755163031.821][INFO]: Waiting for pending navigations...
[1755163031.821][INFO]: Done waiting for pending navigations. Status: ok
[1755163031.822][INFO]: [9525ab14013b9f10aa0f81426611405e] RESPONSE GetElementText "【天津】\n[2025年度和平河北分公司河北区乾华园室分用电协议书]项目直接采购公示"
[1755163031.823][INFO]: [9525ab14013b9f10aa0f81426611405e] COMMAND GetElementText {
   "id": "f.495C356B0656AF67333FEFF3EE6D4D65.d.F9059DA95EF9E2AB62B058F1065C4DED.e.42"
}
[1755163031.823][INFO]: Waiting for pending navigations...
[1755163031.824][INFO]: Done waiting for pending navigations. Status: ok
[1755163031.834][INFO]: Waiting for pending navigations...
[1755163031.834][INFO]: Done waiting for pending navigations. Status: ok
[1755163031.834][INFO]: [9525ab14013b9f10aa0f81426611405e] RESPONSE GetElementText "【天津】\n[2025年度和平河北分公司河北区乾华园室分用电协议书]项目直接采购公示"
[1755163031.836][INFO]: [9525ab14013b9f10aa0f81426611405e] COMMAND GetElementText {
   "id": "f.495C356B0656AF67333FEFF3EE6D4D65.d.F9059DA95EF9E2AB62B058F1065C4DED.e.43"
}
[1755163031.836][INFO]: Waiting for pending navigations...
[1755163031.837][INFO]: Done waiting for pending navigations. Status: ok
[1755163031.845][INFO]: Waiting for pending navigations...
[1755163031.846][INFO]: Done waiting for pending navigations. Status: ok
[1755163031.846][INFO]: [9525ab14013b9f10aa0f81426611405e] RESPONSE GetElementText "2025-07-18"
[1755163031.847][INFO]: [9525ab14013b9f10aa0f81426611405e] COMMAND GetElementText {
   "id": "f.495C356B0656AF67333FEFF3EE6D4D65.d.F9059DA95EF9E2AB62B058F1065C4DED.e.44"
}
[1755163031.847][INFO]: Waiting for pending navigations...
[1755163031.848][INFO]: Done waiting for pending navigations. Status: ok
[1755163031.856][INFO]: Waiting for pending navigations...
[1755163031.856][INFO]: Done waiting for pending navigations. Status: ok
[1755163031.856][INFO]: [9525ab14013b9f10aa0f81426611405e] RESPONSE GetElementText "2025-07-22"
[1755163031.858][INFO]: [9525ab14013b9f10aa0f81426611405e] COMMAND GetElementText {
   "id": "f.495C356B0656AF67333FEFF3EE6D4D65.d.F9059DA95EF9E2AB62B058F1065C4DED.e.45"
}
[1755163031.858][INFO]: Waiting for pending navigations...
[1755163031.859][INFO]: Done waiting for pending navigations. Status: ok
[1755163031.867][INFO]: Waiting for pending navigations...
[1755163031.868][INFO]: Done waiting for pending navigations. Status: ok
[1755163031.868][INFO]: [9525ab14013b9f10aa0f81426611405e] RESPONSE GetElementText "2025-07-18"
[1755163031.870][INFO]: [9525ab14013b9f10aa0f81426611405e] COMMAND FindChildElements {
   "id": "f.495C356B0656AF67333FEFF3EE6D4D65.d.F9059DA95EF9E2AB62B058F1065C4DED.e.29",
   "using": "tag name",
   "value": "td"
}
[1755163031.870][INFO]: Waiting for pending navigations...
[1755163031.870][INFO]: Done waiting for pending navigations. Status: ok
[1755163031.878][INFO]: Waiting for pending navigations...
[1755163031.879][INFO]: Done waiting for pending navigations. Status: ok
[1755163031.879][INFO]: [9525ab14013b9f10aa0f81426611405e] RESPONSE FindChildElements [ {
   "element-6066-11e4-a52e-4f735466cecf": "f.495C356B0656AF67333FEFF3EE6D4D65.d.F9059DA95EF9E2AB62B058F1065C4DED.e.46"
}, {
   "element-6066-11e4-a52e-4f735466cecf": "f.495C356B0656AF67333FEFF3EE6D4D65.d.F9059DA95EF9E2AB62B058F1065C4DED.e.47"
}, {
   "element-6066-11e4-a52e-4f735466cecf": "f.495C356B0656AF67333FEFF3EE6D4D65.d.F9059DA95EF9E2AB62B058F1065C4DED.e.48"
}, {
   "element-6066-11e4-a52e-4f735466cecf": "f.495C356B0656AF67333FEFF3EE6D4D65.d.F9059DA95EF9E2AB62B058F1065C4DED.e.49"
} ]
[1755163031.880][INFO]: [9525ab14013b9f10aa0f81426611405e] COMMAND GetElementText {
   "id": "f.495C356B0656AF67333FEFF3EE6D4D65.d.F9059DA95EF9E2AB62B058F1065C4DED.e.46"
}
[1755163031.880][INFO]: Waiting for pending navigations...
[1755163031.881][INFO]: Done waiting for pending navigations. Status: ok
[1755163031.891][INFO]: Waiting for pending navigations...
[1755163031.892][INFO]: Done waiting for pending navigations. Status: ok
[1755163031.892][INFO]: [9525ab14013b9f10aa0f81426611405e] RESPONSE GetElementText "【天津】\n中国电信天津分公司2025年移动网铁塔配套集中采购项目询比公告"
[1755163031.893][INFO]: [9525ab14013b9f10aa0f81426611405e] COMMAND GetElementText {
   "id": "f.495C356B0656AF67333FEFF3EE6D4D65.d.F9059DA95EF9E2AB62B058F1065C4DED.e.46"
}
[1755163031.893][INFO]: Waiting for pending navigations...
[1755163031.894][INFO]: Done waiting for pending navigations. Status: ok
[1755163031.904][INFO]: Waiting for pending navigations...
[1755163031.905][INFO]: Done waiting for pending navigations. Status: ok
[1755163031.905][INFO]: [9525ab14013b9f10aa0f81426611405e] RESPONSE GetElementText "【天津】\n中国电信天津分公司2025年移动网铁塔配套集中采购项目询比公告"
[1755163031.906][INFO]: [9525ab14013b9f10aa0f81426611405e] COMMAND GetElementText {
   "id": "f.495C356B0656AF67333FEFF3EE6D4D65.d.F9059DA95EF9E2AB62B058F1065C4DED.e.47"
}
[1755163031.906][INFO]: Waiting for pending navigations...
[1755163031.907][INFO]: Done waiting for pending navigations. Status: ok
[1755163031.915][INFO]: Waiting for pending navigations...
[1755163031.916][INFO]: Done waiting for pending navigations. Status: ok
[1755163031.916][INFO]: [9525ab14013b9f10aa0f81426611405e] RESPONSE GetElementText "2025-07-17"
[1755163031.917][INFO]: [9525ab14013b9f10aa0f81426611405e] COMMAND GetElementText {
   "id": "f.495C356B0656AF67333FEFF3EE6D4D65.d.F9059DA95EF9E2AB62B058F1065C4DED.e.48"
}
[1755163031.917][INFO]: Waiting for pending navigations...
[1755163031.918][INFO]: Done waiting for pending navigations. Status: ok
[1755163031.927][INFO]: Waiting for pending navigations...
[1755163031.927][INFO]: Done waiting for pending navigations. Status: ok
[1755163031.927][INFO]: [9525ab14013b9f10aa0f81426611405e] RESPONSE GetElementText "2025-07-21"
[1755163031.929][INFO]: [9525ab14013b9f10aa0f81426611405e] COMMAND GetElementText {
   "id": "f.495C356B0656AF67333FEFF3EE6D4D65.d.F9059DA95EF9E2AB62B058F1065C4DED.e.49"
}
[1755163031.929][INFO]: Waiting for pending navigations...
[1755163031.930][INFO]: Done waiting for pending navigations. Status: ok
[1755163031.938][INFO]: Waiting for pending navigations...
[1755163031.938][INFO]: Done waiting for pending navigations. Status: ok
[1755163031.938][INFO]: [9525ab14013b9f10aa0f81426611405e] RESPONSE GetElementText "2025-07-17"
[1755163031.940][INFO]: [9525ab14013b9f10aa0f81426611405e] COMMAND FindElement {
   "using": "xpath",
   "value": "//button[contains(@class, 'btn-next')]"
}
[1755163031.940][INFO]: Waiting for pending navigations...
[1755163031.941][INFO]: Done waiting for pending navigations. Status: ok
[1755163031.948][INFO]: Waiting for pending navigations...
[1755163031.949][INFO]: Done waiting for pending navigations. Status: ok
[1755163031.949][INFO]: [9525ab14013b9f10aa0f81426611405e] RESPONSE FindElement {
   "element-6066-11e4-a52e-4f735466cecf": "f.495C356B0656AF67333FEFF3EE6D4D65.d.F9059DA95EF9E2AB62B058F1065C4DED.e.50"
}
[1755163031.950][INFO]: [9525ab14013b9f10aa0f81426611405e] COMMAND IsElementEnabled {
   "id": "f.495C356B0656AF67333FEFF3EE6D4D65.d.F9059DA95EF9E2AB62B058F1065C4DED.e.50"
}
[1755163031.950][INFO]: Waiting for pending navigations...
[1755163031.951][INFO]: Done waiting for pending navigations. Status: ok
[1755163031.958][INFO]: Waiting for pending navigations...
[1755163031.959][INFO]: Done waiting for pending navigations. Status: ok
[1755163031.959][INFO]: [9525ab14013b9f10aa0f81426611405e] RESPONSE IsElementEnabled true
[1755163031.960][INFO]: [9525ab14013b9f10aa0f81426611405e] COMMAND FindElement {
   "using": "xpath",
   "value": "//div[contains(@class, 'el-table__body-wrapper')]//tr[@class='el-table__row'][1]/td[1]"
}
[1755163031.960][INFO]: Waiting for pending navigations...
[1755163031.961][INFO]: Done waiting for pending navigations. Status: ok
[1755163031.968][INFO]: Waiting for pending navigations...
[1755163031.969][INFO]: Done waiting for pending navigations. Status: ok
[1755163031.969][INFO]: [9525ab14013b9f10aa0f81426611405e] RESPONSE FindElement {
   "element-6066-11e4-a52e-4f735466cecf": "f.495C356B0656AF67333FEFF3EE6D4D65.d.F9059DA95EF9E2AB62B058F1065C4DED.e.30"
}
[1755163031.971][INFO]: [9525ab14013b9f10aa0f81426611405e] COMMAND GetElementText {
   "id": "f.495C356B0656AF67333FEFF3EE6D4D65.d.F9059DA95EF9E2AB62B058F1065C4DED.e.30"
}
[1755163031.971][INFO]: Waiting for pending navigations...
[1755163031.971][INFO]: Done waiting for pending navigations. Status: ok
[1755163031.981][INFO]: Waiting for pending navigations...
[1755163031.982][INFO]: Done waiting for pending navigations. Status: ok
[1755163031.982][INFO]: [9525ab14013b9f10aa0f81426611405e] RESPONSE GetElementText "【天津】\n中国电信天津分公司2025年武清数据中心BA系统维保服务项目询比公告"
[1755163031.983][INFO]: [9525ab14013b9f10aa0f81426611405e] COMMAND ExecuteScript {
   "args": [ {
      "element-6066-11e4-a52e-4f735466cecf": "f.495C356B0656AF67333FEFF3EE6D4D65.d.F9059DA95EF9E2AB62B058F1065C4DED.e.50"
   } ],
   "script": "arguments[0].click();"
}
[1755163031.983][INFO]: Waiting for pending navigations...
[1755163031.984][INFO]: Done waiting for pending navigations. Status: ok
[1755163032.006][INFO]: Waiting for pending navigations...
[1755163032.013][INFO]: Done waiting for pending navigations. Status: ok
[1755163032.013][INFO]: [9525ab14013b9f10aa0f81426611405e] RESPONSE ExecuteScript null
[1755163032.015][INFO]: [9525ab14013b9f10aa0f81426611405e] COMMAND FindElement {
   "using": "xpath",
   "value": "//div[contains(@class, 'el-table__body-wrapper')]//tr[@class='el-table__row'][1]/td[1]"
}
[1755163032.015][INFO]: Waiting for pending navigations...
[1755163032.017][INFO]: Done waiting for pending navigations. Status: ok
[1755163032.044][INFO]: Waiting for pending navigations...
[1755163032.048][INFO]: Done waiting for pending navigations. Status: ok
[1755163032.048][INFO]: [9525ab14013b9f10aa0f81426611405e] RESPONSE FindElement {
   "element-6066-11e4-a52e-4f735466cecf": "f.495C356B0656AF67333FEFF3EE6D4D65.d.F9059DA95EF9E2AB62B058F1065C4DED.e.30"
}
[1755163032.050][INFO]: [9525ab14013b9f10aa0f81426611405e] COMMAND GetElementText {
   "id": "f.495C356B0656AF67333FEFF3EE6D4D65.d.F9059DA95EF9E2AB62B058F1065C4DED.e.30"
}
[1755163032.050][INFO]: Waiting for pending navigations...
[1755163032.050][INFO]: Done waiting for pending navigations. Status: ok
[1755163032.061][INFO]: Waiting for pending navigations...
[1755163032.062][INFO]: Done waiting for pending navigations. Status: ok
[1755163032.062][INFO]: [9525ab14013b9f10aa0f81426611405e] RESPONSE GetElementText "【天津】\n中国电信天津分公司2025年武清数据中心BA系统维保服务项目询比公告"
[1755163032.564][INFO]: [9525ab14013b9f10aa0f81426611405e] COMMAND FindElement {
   "using": "xpath",
   "value": "//div[contains(@class, 'el-table__body-wrapper')]//tr[@class='el-table__row'][1]/td[1]"
}
[1755163032.564][INFO]: Waiting for pending navigations...
[1755163032.566][INFO]: Done waiting for pending navigations. Status: ok
[1755163032.573][INFO]: Waiting for pending navigations...
[1755163032.574][INFO]: Done waiting for pending navigations. Status: ok
[1755163032.574][INFO]: [9525ab14013b9f10aa0f81426611405e] RESPONSE FindElement {
   "element-6066-11e4-a52e-4f735466cecf": "f.495C356B0656AF67333FEFF3EE6D4D65.d.F9059DA95EF9E2AB62B058F1065C4DED.e.30"
}
[1755163032.576][INFO]: [9525ab14013b9f10aa0f81426611405e] COMMAND GetElementText {
   "id": "f.495C356B0656AF67333FEFF3EE6D4D65.d.F9059DA95EF9E2AB62B058F1065C4DED.e.30"
}
[1755163032.576][INFO]: Waiting for pending navigations...
[1755163032.577][INFO]: Done waiting for pending navigations. Status: ok
[1755163032.587][INFO]: Waiting for pending navigations...
[1755163032.588][INFO]: Done waiting for pending navigations. Status: ok
[1755163032.588][INFO]: [9525ab14013b9f10aa0f81426611405e] RESPONSE GetElementText "【天津】\n中国电信天津分公司2025年武清数据中心BA系统维保服务项目询比公告"
[1755163033.104][INFO]: [9525ab14013b9f10aa0f81426611405e] COMMAND FindElement {
   "using": "xpath",
   "value": "//div[contains(@class, 'el-table__body-wrapper')]//tr[@class='el-table__row'][1]/td[1]"
}
[1755163033.104][INFO]: Waiting for pending navigations...
[1755163033.116][INFO]: Done waiting for pending navigations. Status: ok
[1755163033.175][INFO]: Waiting for pending navigations...
[1755163033.184][INFO]: Done waiting for pending navigations. Status: ok
[1755163033.184][INFO]: [9525ab14013b9f10aa0f81426611405e] RESPONSE FindElement {
   "element-6066-11e4-a52e-4f735466cecf": "f.495C356B0656AF67333FEFF3EE6D4D65.d.F9059DA95EF9E2AB62B058F1065C4DED.e.30"
}
[1755163033.188][INFO]: [9525ab14013b9f10aa0f81426611405e] COMMAND GetElementText {
   "id": "f.495C356B0656AF67333FEFF3EE6D4D65.d.F9059DA95EF9E2AB62B058F1065C4DED.e.30"
}
[1755163033.189][INFO]: Waiting for pending navigations...
[1755163033.197][INFO]: Done waiting for pending navigations. Status: ok
[1755163033.240][INFO]: Waiting for pending navigations...
[1755163033.241][INFO]: Done waiting for pending navigations. Status: ok
[1755163033.241][INFO]: [9525ab14013b9f10aa0f81426611405e] RESPONSE GetElementText "【天津】\n中国电信天津分公司2025年ISO体系认证及监督审核咨询服务采购项目成交候选人公示"
[1755163033.244][INFO]: [9525ab14013b9f10aa0f81426611405e] COMMAND FindElement {
   "using": "css selector",
   "value": ".tableList"
}
[1755163033.245][INFO]: Waiting for pending navigations...
[1755163033.255][INFO]: Done waiting for pending navigations. Status: ok
[1755163033.295][INFO]: Waiting for pending navigations...
[1755163033.297][INFO]: Done waiting for pending navigations. Status: ok
[1755163033.297][INFO]: [9525ab14013b9f10aa0f81426611405e] RESPONSE FindElement {
   "element-6066-11e4-a52e-4f735466cecf": "f.495C356B0656AF67333FEFF3EE6D4D65.d.F9059DA95EF9E2AB62B058F1065C4DED.e.24"
}
[1755163033.300][INFO]: [9525ab14013b9f10aa0f81426611405e] COMMAND FindElements {
   "using": "xpath",
   "value": "//div[contains(@class, 'el-table__body-wrapper')]//tr[@class='el-table__row']"
}
[1755163033.300][INFO]: Waiting for pending navigations...
[1755163033.311][INFO]: Done waiting for pending navigations. Status: ok
[1755163033.332][INFO]: Waiting for pending navigations...
[1755163033.333][INFO]: Done waiting for pending navigations. Status: ok
[1755163033.333][INFO]: [9525ab14013b9f10aa0f81426611405e] RESPONSE FindElements [ {
   "element-6066-11e4-a52e-4f735466cecf": "f.495C356B0656AF67333FEFF3EE6D4D65.d.F9059DA95EF9E2AB62B058F1065C4DED.e.25"
}, {
   "element-6066-11e4-a52e-4f735466cecf": "f.495C356B0656AF67333FEFF3EE6D4D65.d.F9059DA95EF9E2AB62B058F1065C4DED.e.26"
}, {
   "element-6066-11e4-a52e-4f735466cecf": "f.495C356B0656AF67333FEFF3EE6D4D65.d.F9059DA95EF9E2AB62B058F1065C4DED.e.27"
}, {
   "element-6066-11e4-a52e-4f735466cecf": "f.495C356B0656AF67333FEFF3EE6D4D65.d.F9059DA95EF9E2AB62B058F1065C4DED.e.28"
}, {
   "element-6066-11e4-a52e-4f735466cecf": "f.495C356B0656AF67333FEFF3EE6D4D65.d.F9059DA95EF9E2AB62B058F1065C4DED.e.29"
} ]
[1755163033.336][INFO]: [9525ab14013b9f10aa0f81426611405e] COMMAND FindChildElements {
   "id": "f.495C356B0656AF67333FEFF3EE6D4D65.d.F9059DA95EF9E2AB62B058F1065C4DED.e.25",
   "using": "tag name",
   "value": "td"
}
[1755163033.336][INFO]: Waiting for pending navigations...
[1755163033.359][INFO]: Done waiting for pending navigations. Status: ok
[1755163033.389][INFO]: Waiting for pending navigations...
[1755163033.406][INFO]: Done waiting for pending navigations. Status: ok
[1755163033.406][INFO]: [9525ab14013b9f10aa0f81426611405e] RESPONSE FindChildElements [ {
   "element-6066-11e4-a52e-4f735466cecf": "f.495C356B0656AF67333FEFF3EE6D4D65.d.F9059DA95EF9E2AB62B058F1065C4DED.e.30"
}, {
   "element-6066-11e4-a52e-4f735466cecf": "f.495C356B0656AF67333FEFF3EE6D4D65.d.F9059DA95EF9E2AB62B058F1065C4DED.e.31"
}, {
   "element-6066-11e4-a52e-4f735466cecf": "f.495C356B0656AF67333FEFF3EE6D4D65.d.F9059DA95EF9E2AB62B058F1065C4DED.e.32"
}, {
   "element-6066-11e4-a52e-4f735466cecf": "f.495C356B0656AF67333FEFF3EE6D4D65.d.F9059DA95EF9E2AB62B058F1065C4DED.e.33"
} ]
[1755163033.412][INFO]: [9525ab14013b9f10aa0f81426611405e] COMMAND GetElementText {
   "id": "f.495C356B0656AF67333FEFF3EE6D4D65.d.F9059DA95EF9E2AB62B058F1065C4DED.e.30"
}
[1755163033.412][INFO]: Waiting for pending navigations...
[1755163033.417][INFO]: Done waiting for pending navigations. Status: ok
[1755163033.448][INFO]: Waiting for pending navigations...
[1755163033.449][INFO]: Done waiting for pending navigations. Status: ok
[1755163033.449][INFO]: [9525ab14013b9f10aa0f81426611405e] RESPONSE GetElementText "【天津】\n中国电信天津分公司2025年ISO体系认证及监督审核咨询服务采购项目成交候选人公示"
[1755163033.452][INFO]: [9525ab14013b9f10aa0f81426611405e] COMMAND GetElementText {
   "id": "f.495C356B0656AF67333FEFF3EE6D4D65.d.F9059DA95EF9E2AB62B058F1065C4DED.e.30"
}
[1755163033.452][INFO]: Waiting for pending navigations...
[1755163033.466][INFO]: Done waiting for pending navigations. Status: ok
[1755163033.512][INFO]: Waiting for pending navigations...
[1755163033.515][INFO]: Done waiting for pending navigations. Status: ok
[1755163033.515][INFO]: [9525ab14013b9f10aa0f81426611405e] RESPONSE GetElementText "【天津】\n中国电信天津分公司2025年ISO体系认证及监督审核咨询服务采购项目成交候选人公示"
[1755163033.520][INFO]: [9525ab14013b9f10aa0f81426611405e] COMMAND GetElementText {
   "id": "f.495C356B0656AF67333FEFF3EE6D4D65.d.F9059DA95EF9E2AB62B058F1065C4DED.e.31"
}
[1755163033.520][INFO]: Waiting for pending navigations...
[1755163033.537][INFO]: Done waiting for pending navigations. Status: ok
[1755163033.587][INFO]: Waiting for pending navigations...
[1755163033.638][INFO]: Done waiting for pending navigations. Status: ok
[1755163033.638][INFO]: [9525ab14013b9f10aa0f81426611405e] RESPONSE GetElementText "2025-07-17"
[1755163033.643][INFO]: [9525ab14013b9f10aa0f81426611405e] COMMAND GetElementText {
   "id": "f.495C356B0656AF67333FEFF3EE6D4D65.d.F9059DA95EF9E2AB62B058F1065C4DED.e.32"
}
[1755163033.643][INFO]: Waiting for pending navigations...
[1755163033.650][INFO]: Done waiting for pending navigations. Status: ok
[1755163033.681][INFO]: Waiting for pending navigations...
[1755163033.694][INFO]: Done waiting for pending navigations. Status: ok
[1755163033.694][INFO]: [9525ab14013b9f10aa0f81426611405e] RESPONSE GetElementText "2025-07-21"
[1755163033.698][INFO]: [9525ab14013b9f10aa0f81426611405e] COMMAND GetElementText {
   "id": "f.495C356B0656AF67333FEFF3EE6D4D65.d.F9059DA95EF9E2AB62B058F1065C4DED.e.33"
}
[1755163033.698][INFO]: Waiting for pending navigations...
[1755163033.700][INFO]: Done waiting for pending navigations. Status: ok
[1755163033.734][INFO]: Waiting for pending navigations...
[1755163033.745][INFO]: Done waiting for pending navigations. Status: ok
[1755163033.745][INFO]: [9525ab14013b9f10aa0f81426611405e] RESPONSE GetElementText "2025-07-16"
[1755163033.748][INFO]: [9525ab14013b9f10aa0f81426611405e] COMMAND FindChildElements {
   "id": "f.495C356B0656AF67333FEFF3EE6D4D65.d.F9059DA95EF9E2AB62B058F1065C4DED.e.26",
   "using": "tag name",
   "value": "td"
}
[1755163033.748][INFO]: Waiting for pending navigations...
[1755163033.751][INFO]: Done waiting for pending navigations. Status: ok
[1755163033.795][INFO]: Waiting for pending navigations...
[1755163033.805][INFO]: Done waiting for pending navigations. Status: ok
[1755163033.805][INFO]: [9525ab14013b9f10aa0f81426611405e] RESPONSE FindChildElements [ {
   "element-6066-11e4-a52e-4f735466cecf": "f.495C356B0656AF67333FEFF3EE6D4D65.d.F9059DA95EF9E2AB62B058F1065C4DED.e.34"
}, {
   "element-6066-11e4-a52e-4f735466cecf": "f.495C356B0656AF67333FEFF3EE6D4D65.d.F9059DA95EF9E2AB62B058F1065C4DED.e.35"
}, {
   "element-6066-11e4-a52e-4f735466cecf": "f.495C356B0656AF67333FEFF3EE6D4D65.d.F9059DA95EF9E2AB62B058F1065C4DED.e.36"
}, {
   "element-6066-11e4-a52e-4f735466cecf": "f.495C356B0656AF67333FEFF3EE6D4D65.d.F9059DA95EF9E2AB62B058F1065C4DED.e.37"
} ]
[1755163033.807][INFO]: [9525ab14013b9f10aa0f81426611405e] COMMAND GetElementText {
   "id": "f.495C356B0656AF67333FEFF3EE6D4D65.d.F9059DA95EF9E2AB62B058F1065C4DED.e.34"
}
[1755163033.807][INFO]: Waiting for pending navigations...
[1755163033.811][INFO]: Done waiting for pending navigations. Status: ok
[1755163033.863][INFO]: Waiting for pending navigations...
[1755163033.868][INFO]: Done waiting for pending navigations. Status: ok
[1755163033.868][INFO]: [9525ab14013b9f10aa0f81426611405e] RESPONSE GetElementText "【天津】\n中国电信津南分公司天津海联力通汽车销售服务有限公司新建语音交换机工程询比公告"
[1755163033.880][INFO]: [9525ab14013b9f10aa0f81426611405e] COMMAND GetElementText {
   "id": "f.495C356B0656AF67333FEFF3EE6D4D65.d.F9059DA95EF9E2AB62B058F1065C4DED.e.34"
}
[1755163033.880][INFO]: Waiting for pending navigations...
[1755163033.888][INFO]: Done waiting for pending navigations. Status: ok
[1755163033.917][INFO]: Waiting for pending navigations...
[1755163033.918][INFO]: Done waiting for pending navigations. Status: ok
[1755163033.918][INFO]: [9525ab14013b9f10aa0f81426611405e] RESPONSE GetElementText "【天津】\n中国电信津南分公司天津海联力通汽车销售服务有限公司新建语音交换机工程询比公告"
[1755163033.921][INFO]: [9525ab14013b9f10aa0f81426611405e] COMMAND GetElementText {
   "id": "f.495C356B0656AF67333FEFF3EE6D4D65.d.F9059DA95EF9E2AB62B058F1065C4DED.e.35"
}
[1755163033.921][INFO]: Waiting for pending navigations...
[1755163033.937][INFO]: Done waiting for pending navigations. Status: ok
[1755163033.968][INFO]: Waiting for pending navigations...
[1755163033.971][INFO]: Done waiting for pending navigations. Status: ok
[1755163033.971][INFO]: [9525ab14013b9f10aa0f81426611405e] RESPONSE GetElementText "2025-07-17"
[1755163033.973][INFO]: [9525ab14013b9f10aa0f81426611405e] COMMAND GetElementText {
   "id": "f.495C356B0656AF67333FEFF3EE6D4D65.d.F9059DA95EF9E2AB62B058F1065C4DED.e.36"
}
[1755163033.973][INFO]: Waiting for pending navigations...
[1755163033.981][INFO]: Done waiting for pending navigations. Status: ok
[1755163034.017][INFO]: Waiting for pending navigations...
[1755163034.032][INFO]: Done waiting for pending navigations. Status: ok
[1755163034.032][INFO]: [9525ab14013b9f10aa0f81426611405e] RESPONSE GetElementText "2025-07-21"
[1755163034.035][INFO]: [9525ab14013b9f10aa0f81426611405e] COMMAND GetElementText {
   "id": "f.495C356B0656AF67333FEFF3EE6D4D65.d.F9059DA95EF9E2AB62B058F1065C4DED.e.37"
}
[1755163034.035][INFO]: Waiting for pending navigations...
[1755163034.047][INFO]: Done waiting for pending navigations. Status: ok
[1755163034.080][INFO]: Waiting for pending navigations...
[1755163034.087][INFO]: Done waiting for pending navigations. Status: ok
[1755163034.087][INFO]: [9525ab14013b9f10aa0f81426611405e] RESPONSE GetElementText "2025-07-16"
[1755163034.090][INFO]: [9525ab14013b9f10aa0f81426611405e] COMMAND FindChildElements {
   "id": "f.495C356B0656AF67333FEFF3EE6D4D65.d.F9059DA95EF9E2AB62B058F1065C4DED.e.27",
   "using": "tag name",
   "value": "td"
}
[1755163034.090][INFO]: Waiting for pending navigations...
[1755163034.105][INFO]: Done waiting for pending navigations. Status: ok
[1755163034.151][INFO]: Waiting for pending navigations...
[1755163034.152][INFO]: Done waiting for pending navigations. Status: ok
[1755163034.152][INFO]: [9525ab14013b9f10aa0f81426611405e] RESPONSE FindChildElements [ {
   "element-6066-11e4-a52e-4f735466cecf": "f.495C356B0656AF67333FEFF3EE6D4D65.d.F9059DA95EF9E2AB62B058F1065C4DED.e.38"
}, {
   "element-6066-11e4-a52e-4f735466cecf": "f.495C356B0656AF67333FEFF3EE6D4D65.d.F9059DA95EF9E2AB62B058F1065C4DED.e.39"
}, {
   "element-6066-11e4-a52e-4f735466cecf": "f.495C356B0656AF67333FEFF3EE6D4D65.d.F9059DA95EF9E2AB62B058F1065C4DED.e.40"
}, {
   "element-6066-11e4-a52e-4f735466cecf": "f.495C356B0656AF67333FEFF3EE6D4D65.d.F9059DA95EF9E2AB62B058F1065C4DED.e.41"
} ]
[1755163034.155][INFO]: [9525ab14013b9f10aa0f81426611405e] COMMAND GetElementText {
   "id": "f.495C356B0656AF67333FEFF3EE6D4D65.d.F9059DA95EF9E2AB62B058F1065C4DED.e.38"
}
[1755163034.155][INFO]: Waiting for pending navigations...
[1755163034.160][INFO]: Done waiting for pending navigations. Status: ok
[1755163034.194][INFO]: Waiting for pending navigations...
[1755163034.203][INFO]: Done waiting for pending navigations. Status: ok
[1755163034.203][INFO]: [9525ab14013b9f10aa0f81426611405e] RESPONSE GetElementText "【天津】\n中国电信津南分公司2025年天津某公司国际连接服务DICT项目直接采购公示"
[1755163034.208][INFO]: [9525ab14013b9f10aa0f81426611405e] COMMAND GetElementText {
   "id": "f.495C356B0656AF67333FEFF3EE6D4D65.d.F9059DA95EF9E2AB62B058F1065C4DED.e.38"
}
[1755163034.209][INFO]: Waiting for pending navigations...
[1755163034.214][INFO]: Done waiting for pending navigations. Status: ok
[1755163034.243][INFO]: Waiting for pending navigations...
[1755163034.256][INFO]: Done waiting for pending navigations. Status: ok
[1755163034.256][INFO]: [9525ab14013b9f10aa0f81426611405e] RESPONSE GetElementText "【天津】\n中国电信津南分公司2025年天津某公司国际连接服务DICT项目直接采购公示"
[1755163034.261][INFO]: [9525ab14013b9f10aa0f81426611405e] COMMAND GetElementText {
   "id": "f.495C356B0656AF67333FEFF3EE6D4D65.d.F9059DA95EF9E2AB62B058F1065C4DED.e.39"
}
[1755163034.261][INFO]: Waiting for pending navigations...
[1755163034.272][INFO]: Done waiting for pending navigations. Status: ok
[1755163034.313][INFO]: Waiting for pending navigations...
[1755163034.316][INFO]: Done waiting for pending navigations. Status: ok
[1755163034.316][INFO]: [9525ab14013b9f10aa0f81426611405e] RESPONSE GetElementText "2025-07-17"
[1755163034.318][INFO]: [9525ab14013b9f10aa0f81426611405e] COMMAND GetElementText {
   "id": "f.495C356B0656AF67333FEFF3EE6D4D65.d.F9059DA95EF9E2AB62B058F1065C4DED.e.40"
}
[1755163034.318][INFO]: Waiting for pending navigations...
[1755163034.321][INFO]: Done waiting for pending navigations. Status: ok
[1755163034.352][INFO]: Waiting for pending navigations...
[1755163034.360][INFO]: Done waiting for pending navigations. Status: ok
[1755163034.360][INFO]: [9525ab14013b9f10aa0f81426611405e] RESPONSE GetElementText "2025-07-21"
[1755163034.365][INFO]: [9525ab14013b9f10aa0f81426611405e] COMMAND GetElementText {
   "id": "f.495C356B0656AF67333FEFF3EE6D4D65.d.F9059DA95EF9E2AB62B058F1065C4DED.e.41"
}
[1755163034.365][INFO]: Waiting for pending navigations...
[1755163034.370][INFO]: Done waiting for pending navigations. Status: ok
[1755163034.399][INFO]: Waiting for pending navigations...
[1755163034.405][INFO]: Done waiting for pending navigations. Status: ok
[1755163034.405][INFO]: [9525ab14013b9f10aa0f81426611405e] RESPONSE GetElementText "2025-07-16"
[1755163034.407][INFO]: [9525ab14013b9f10aa0f81426611405e] COMMAND FindChildElements {
   "id": "f.495C356B0656AF67333FEFF3EE6D4D65.d.F9059DA95EF9E2AB62B058F1065C4DED.e.28",
   "using": "tag name",
   "value": "td"
}
[1755163034.407][INFO]: Waiting for pending navigations...
[1755163034.409][INFO]: Done waiting for pending navigations. Status: ok
[1755163034.446][INFO]: Waiting for pending navigations...
[1755163034.453][INFO]: Done waiting for pending navigations. Status: ok
[1755163034.453][INFO]: [9525ab14013b9f10aa0f81426611405e] RESPONSE FindChildElements [ {
   "element-6066-11e4-a52e-4f735466cecf": "f.495C356B0656AF67333FEFF3EE6D4D65.d.F9059DA95EF9E2AB62B058F1065C4DED.e.42"
}, {
   "element-6066-11e4-a52e-4f735466cecf": "f.495C356B0656AF67333FEFF3EE6D4D65.d.F9059DA95EF9E2AB62B058F1065C4DED.e.43"
}, {
   "element-6066-11e4-a52e-4f735466cecf": "f.495C356B0656AF67333FEFF3EE6D4D65.d.F9059DA95EF9E2AB62B058F1065C4DED.e.44"
}, {
   "element-6066-11e4-a52e-4f735466cecf": "f.495C356B0656AF67333FEFF3EE6D4D65.d.F9059DA95EF9E2AB62B058F1065C4DED.e.45"
} ]
[1755163034.456][INFO]: [9525ab14013b9f10aa0f81426611405e] COMMAND GetElementText {
   "id": "f.495C356B0656AF67333FEFF3EE6D4D65.d.F9059DA95EF9E2AB62B058F1065C4DED.e.42"
}
[1755163034.456][INFO]: Waiting for pending navigations...
[1755163034.461][INFO]: Done waiting for pending navigations. Status: ok
[1755163034.522][INFO]: Waiting for pending navigations...
[1755163034.526][INFO]: Done waiting for pending navigations. Status: ok
[1755163034.526][INFO]: [9525ab14013b9f10aa0f81426611405e] RESPONSE GetElementText "【天津】\n中国电信天津西青分公司天津理工中环信息学院网络安全服务采购"
[1755163034.530][INFO]: [9525ab14013b9f10aa0f81426611405e] COMMAND GetElementText {
   "id": "f.495C356B0656AF67333FEFF3EE6D4D65.d.F9059DA95EF9E2AB62B058F1065C4DED.e.42"
}
[1755163034.530][INFO]: Waiting for pending navigations...
[1755163034.532][INFO]: Done waiting for pending navigations. Status: ok
[1755163034.568][INFO]: Waiting for pending navigations...
[1755163034.572][INFO]: Done waiting for pending navigations. Status: ok
[1755163034.572][INFO]: [9525ab14013b9f10aa0f81426611405e] RESPONSE GetElementText "【天津】\n中国电信天津西青分公司天津理工中环信息学院网络安全服务采购"
[1755163034.574][INFO]: [9525ab14013b9f10aa0f81426611405e] COMMAND GetElementText {
   "id": "f.495C356B0656AF67333FEFF3EE6D4D65.d.F9059DA95EF9E2AB62B058F1065C4DED.e.43"
}
[1755163034.574][INFO]: Waiting for pending navigations...
[1755163034.592][INFO]: Done waiting for pending navigations. Status: ok
[1755163034.622][INFO]: Waiting for pending navigations...
[1755163034.623][INFO]: Done waiting for pending navigations. Status: ok
[1755163034.623][INFO]: [9525ab14013b9f10aa0f81426611405e] RESPONSE GetElementText "2025-07-16"
[1755163034.626][INFO]: [9525ab14013b9f10aa0f81426611405e] COMMAND GetElementText {
   "id": "f.495C356B0656AF67333FEFF3EE6D4D65.d.F9059DA95EF9E2AB62B058F1065C4DED.e.44"
}
[1755163034.626][INFO]: Waiting for pending navigations...
[1755163034.636][INFO]: Done waiting for pending navigations. Status: ok
[1755163034.669][INFO]: Waiting for pending navigations...
[1755163034.670][INFO]: Done waiting for pending navigations. Status: ok
[1755163034.670][INFO]: [9525ab14013b9f10aa0f81426611405e] RESPONSE GetElementText "2025-07-21"
[1755163034.672][INFO]: [9525ab14013b9f10aa0f81426611405e] COMMAND GetElementText {
   "id": "f.495C356B0656AF67333FEFF3EE6D4D65.d.F9059DA95EF9E2AB62B058F1065C4DED.e.45"
}
[1755163034.672][INFO]: Waiting for pending navigations...
[1755163034.675][INFO]: Done waiting for pending navigations. Status: ok
[1755163034.711][INFO]: Waiting for pending navigations...
[1755163034.715][INFO]: Done waiting for pending navigations. Status: ok
[1755163034.715][INFO]: [9525ab14013b9f10aa0f81426611405e] RESPONSE GetElementText "2025-07-16"
[1755163034.718][INFO]: [9525ab14013b9f10aa0f81426611405e] COMMAND FindChildElements {
   "id": "f.495C356B0656AF67333FEFF3EE6D4D65.d.F9059DA95EF9E2AB62B058F1065C4DED.e.29",
   "using": "tag name",
   "value": "td"
}
[1755163034.718][INFO]: Waiting for pending navigations...
[1755163034.731][INFO]: Done waiting for pending navigations. Status: ok
[1755163034.778][INFO]: Waiting for pending navigations...
[1755163034.779][INFO]: Done waiting for pending navigations. Status: ok
[1755163034.779][INFO]: [9525ab14013b9f10aa0f81426611405e] RESPONSE FindChildElements [ {
   "element-6066-11e4-a52e-4f735466cecf": "f.495C356B0656AF67333FEFF3EE6D4D65.d.F9059DA95EF9E2AB62B058F1065C4DED.e.46"
}, {
   "element-6066-11e4-a52e-4f735466cecf": "f.495C356B0656AF67333FEFF3EE6D4D65.d.F9059DA95EF9E2AB62B058F1065C4DED.e.47"
}, {
   "element-6066-11e4-a52e-4f735466cecf": "f.495C356B0656AF67333FEFF3EE6D4D65.d.F9059DA95EF9E2AB62B058F1065C4DED.e.48"
}, {
   "element-6066-11e4-a52e-4f735466cecf": "f.495C356B0656AF67333FEFF3EE6D4D65.d.F9059DA95EF9E2AB62B058F1065C4DED.e.49"
} ]
[1755163034.782][INFO]: [9525ab14013b9f10aa0f81426611405e] COMMAND GetElementText {
   "id": "f.495C356B0656AF67333FEFF3EE6D4D65.d.F9059DA95EF9E2AB62B058F1065C4DED.e.46"
}
[1755163034.782][INFO]: Waiting for pending navigations...
[1755163034.793][INFO]: Done waiting for pending navigations. Status: ok
[1755163034.824][INFO]: Waiting for pending navigations...
[1755163034.828][INFO]: Done waiting for pending navigations. Status: ok
[1755163034.828][INFO]: [9525ab14013b9f10aa0f81426611405e] RESPONSE GetElementText "【天津】\n和平河北分公司2025年8-12月份和信顺雅合作方装维服务外包项目直接采购公示"
[1755163034.830][INFO]: [9525ab14013b9f10aa0f81426611405e] COMMAND GetElementText {
   "id": "f.495C356B0656AF67333FEFF3EE6D4D65.d.F9059DA95EF9E2AB62B058F1065C4DED.e.46"
}
[1755163034.830][INFO]: Waiting for pending navigations...
[1755163034.841][INFO]: Done waiting for pending navigations. Status: ok
[1755163034.872][INFO]: Waiting for pending navigations...
[1755163034.873][INFO]: Done waiting for pending navigations. Status: ok
[1755163034.873][INFO]: [9525ab14013b9f10aa0f81426611405e] RESPONSE GetElementText "【天津】\n和平河北分公司2025年8-12月份和信顺雅合作方装维服务外包项目直接采购公示"
[1755163034.876][INFO]: [9525ab14013b9f10aa0f81426611405e] COMMAND GetElementText {
   "id": "f.495C356B0656AF67333FEFF3EE6D4D65.d.F9059DA95EF9E2AB62B058F1065C4DED.e.47"
}
[1755163034.876][INFO]: Waiting for pending navigations...
[1755163034.885][INFO]: Done waiting for pending navigations. Status: ok
[1755163034.913][INFO]: Waiting for pending navigations...
[1755163034.915][INFO]: Done waiting for pending navigations. Status: ok
[1755163034.915][INFO]: [9525ab14013b9f10aa0f81426611405e] RESPONSE GetElementText "2025-07-17"
[1755163034.919][INFO]: [9525ab14013b9f10aa0f81426611405e] COMMAND GetElementText {
   "id": "f.495C356B0656AF67333FEFF3EE6D4D65.d.F9059DA95EF9E2AB62B058F1065C4DED.e.48"
}
[1755163034.919][INFO]: Waiting for pending navigations...
[1755163034.922][INFO]: Done waiting for pending navigations. Status: ok
[1755163034.962][INFO]: Waiting for pending navigations...
[1755163034.963][INFO]: Done waiting for pending navigations. Status: ok
[1755163034.963][INFO]: [9525ab14013b9f10aa0f81426611405e] RESPONSE GetElementText "2025-07-21"
[1755163034.967][INFO]: [9525ab14013b9f10aa0f81426611405e] COMMAND GetElementText {
   "id": "f.495C356B0656AF67333FEFF3EE6D4D65.d.F9059DA95EF9E2AB62B058F1065C4DED.e.49"
}
[1755163034.967][INFO]: Waiting for pending navigations...
[1755163034.969][INFO]: Done waiting for pending navigations. Status: ok
[1755163035.021][INFO]: Waiting for pending navigations...
[1755163035.026][INFO]: Done waiting for pending navigations. Status: ok
[1755163035.026][INFO]: [9525ab14013b9f10aa0f81426611405e] RESPONSE GetElementText "2025-07-16"
[1755163035.028][INFO]: [9525ab14013b9f10aa0f81426611405e] COMMAND FindElement {
   "using": "xpath",
   "value": "//button[contains(@class, 'btn-next')]"
}
[1755163035.028][INFO]: Waiting for pending navigations...
[1755163035.037][INFO]: Done waiting for pending navigations. Status: ok
[1755163035.060][INFO]: Waiting for pending navigations...
[1755163035.070][INFO]: Done waiting for pending navigations. Status: ok
[1755163035.070][INFO]: [9525ab14013b9f10aa0f81426611405e] RESPONSE FindElement {
   "element-6066-11e4-a52e-4f735466cecf": "f.495C356B0656AF67333FEFF3EE6D4D65.d.F9059DA95EF9E2AB62B058F1065C4DED.e.50"
}
[1755163035.072][INFO]: [9525ab14013b9f10aa0f81426611405e] COMMAND IsElementEnabled {
   "id": "f.495C356B0656AF67333FEFF3EE6D4D65.d.F9059DA95EF9E2AB62B058F1065C4DED.e.50"
}
[1755163035.072][INFO]: Waiting for pending navigations...
[1755163035.074][INFO]: Done waiting for pending navigations. Status: ok
[1755163035.100][INFO]: Waiting for pending navigations...
[1755163035.110][INFO]: Done waiting for pending navigations. Status: ok
[1755163035.111][INFO]: [9525ab14013b9f10aa0f81426611405e] RESPONSE IsElementEnabled true
[1755163035.114][INFO]: [9525ab14013b9f10aa0f81426611405e] COMMAND FindElement {
   "using": "xpath",
   "value": "//div[contains(@class, 'el-table__body-wrapper')]//tr[@class='el-table__row'][1]/td[1]"
}
[1755163035.114][INFO]: Waiting for pending navigations...
[1755163035.117][INFO]: Done waiting for pending navigations. Status: ok
[1755163035.149][INFO]: Waiting for pending navigations...
[1755163035.154][INFO]: Done waiting for pending navigations. Status: ok
[1755163035.154][INFO]: [9525ab14013b9f10aa0f81426611405e] RESPONSE FindElement {
   "element-6066-11e4-a52e-4f735466cecf": "f.495C356B0656AF67333FEFF3EE6D4D65.d.F9059DA95EF9E2AB62B058F1065C4DED.e.30"
}
[1755163035.158][INFO]: [9525ab14013b9f10aa0f81426611405e] COMMAND GetElementText {
   "id": "f.495C356B0656AF67333FEFF3EE6D4D65.d.F9059DA95EF9E2AB62B058F1065C4DED.e.30"
}
[1755163035.158][INFO]: Waiting for pending navigations...
[1755163035.165][INFO]: Done waiting for pending navigations. Status: ok
[1755163035.197][INFO]: Waiting for pending navigations...
[1755163035.200][INFO]: Done waiting for pending navigations. Status: ok
[1755163035.200][INFO]: [9525ab14013b9f10aa0f81426611405e] RESPONSE GetElementText "【天津】\n中国电信天津分公司2025年ISO体系认证及监督审核咨询服务采购项目成交候选人公示"
[1755163035.202][INFO]: [9525ab14013b9f10aa0f81426611405e] COMMAND ExecuteScript {
   "args": [ {
      "element-6066-11e4-a52e-4f735466cecf": "f.495C356B0656AF67333FEFF3EE6D4D65.d.F9059DA95EF9E2AB62B058F1065C4DED.e.50"
   } ],
   "script": "arguments[0].click();"
}
[1755163035.202][INFO]: Waiting for pending navigations...
[1755163035.209][INFO]: Done waiting for pending navigations. Status: ok
[1755163035.263][INFO]: Waiting for pending navigations...
[1755163035.284][INFO]: Done waiting for pending navigations. Status: ok
[1755163035.284][INFO]: [9525ab14013b9f10aa0f81426611405e] RESPONSE ExecuteScript null
[1755163035.293][INFO]: [9525ab14013b9f10aa0f81426611405e] COMMAND FindElement {
   "using": "xpath",
   "value": "//div[contains(@class, 'el-table__body-wrapper')]//tr[@class='el-table__row'][1]/td[1]"
}
[1755163035.294][INFO]: Waiting for pending navigations...
[1755163035.317][INFO]: Done waiting for pending navigations. Status: ok
[1755163035.365][INFO]: Waiting for pending navigations...
[1755163035.371][INFO]: Done waiting for pending navigations. Status: ok
[1755163035.371][INFO]: [9525ab14013b9f10aa0f81426611405e] RESPONSE FindElement {
   "element-6066-11e4-a52e-4f735466cecf": "f.495C356B0656AF67333FEFF3EE6D4D65.d.F9059DA95EF9E2AB62B058F1065C4DED.e.30"
}
[1755163035.381][INFO]: [9525ab14013b9f10aa0f81426611405e] COMMAND GetElementText {
   "id": "f.495C356B0656AF67333FEFF3EE6D4D65.d.F9059DA95EF9E2AB62B058F1065C4DED.e.30"
}
[1755163035.381][INFO]: Waiting for pending navigations...
[1755163035.387][INFO]: Done waiting for pending navigations. Status: ok
[1755163035.415][INFO]: Waiting for pending navigations...
[1755163035.421][INFO]: Done waiting for pending navigations. Status: ok
[1755163035.421][INFO]: [9525ab14013b9f10aa0f81426611405e] RESPONSE GetElementText "【天津】\n中国电信天津分公司2025年ISO体系认证及监督审核咨询服务采购项目成交候选人公示"
[1755163035.930][INFO]: [9525ab14013b9f10aa0f81426611405e] COMMAND FindElement {
   "using": "xpath",
   "value": "//div[contains(@class, 'el-table__body-wrapper')]//tr[@class='el-table__row'][1]/td[1]"
}
[1755163035.931][INFO]: Waiting for pending navigations...
[1755163035.988][INFO]: Done waiting for pending navigations. Status: ok
[1755163036.000][INFO]: Waiting for pending navigations...
[1755163036.002][INFO]: Done waiting for pending navigations. Status: ok
[1755163036.002][INFO]: [9525ab14013b9f10aa0f81426611405e] RESPONSE FindElement {
   "element-6066-11e4-a52e-4f735466cecf": "f.495C356B0656AF67333FEFF3EE6D4D65.d.F9059DA95EF9E2AB62B058F1065C4DED.e.30"
}
[1755163036.004][INFO]: [9525ab14013b9f10aa0f81426611405e] COMMAND GetElementText {
   "id": "f.495C356B0656AF67333FEFF3EE6D4D65.d.F9059DA95EF9E2AB62B058F1065C4DED.e.30"
}
[1755163036.004][INFO]: Waiting for pending navigations...
[1755163036.005][INFO]: Done waiting for pending navigations. Status: ok
[1755163036.024][INFO]: Waiting for pending navigations...
[1755163036.025][INFO]: Done waiting for pending navigations. Status: ok
[1755163036.025][INFO]: [9525ab14013b9f10aa0f81426611405e] RESPONSE GetElementText "【天津】\n2025-2030年武清分公司保利香颂湖室分用电协议单一来源采购公示"
[1755163036.027][INFO]: [9525ab14013b9f10aa0f81426611405e] COMMAND FindElement {
   "using": "css selector",
   "value": ".tableList"
}
[1755163036.027][INFO]: Waiting for pending navigations...
[1755163036.032][INFO]: Done waiting for pending navigations. Status: ok
[1755163036.047][INFO]: Waiting for pending navigations...
[1755163036.048][INFO]: Done waiting for pending navigations. Status: ok
[1755163036.048][INFO]: [9525ab14013b9f10aa0f81426611405e] RESPONSE FindElement {
   "element-6066-11e4-a52e-4f735466cecf": "f.495C356B0656AF67333FEFF3EE6D4D65.d.F9059DA95EF9E2AB62B058F1065C4DED.e.24"
}
[1755163036.050][INFO]: [9525ab14013b9f10aa0f81426611405e] COMMAND FindElements {
   "using": "xpath",
   "value": "//div[contains(@class, 'el-table__body-wrapper')]//tr[@class='el-table__row']"
}
[1755163036.050][INFO]: Waiting for pending navigations...
[1755163036.052][INFO]: Done waiting for pending navigations. Status: ok
[1755163036.076][INFO]: Waiting for pending navigations...
[1755163036.077][INFO]: Done waiting for pending navigations. Status: ok
[1755163036.077][INFO]: [9525ab14013b9f10aa0f81426611405e] RESPONSE FindElements [ {
   "element-6066-11e4-a52e-4f735466cecf": "f.495C356B0656AF67333FEFF3EE6D4D65.d.F9059DA95EF9E2AB62B058F1065C4DED.e.25"
}, {
   "element-6066-11e4-a52e-4f735466cecf": "f.495C356B0656AF67333FEFF3EE6D4D65.d.F9059DA95EF9E2AB62B058F1065C4DED.e.26"
}, {
   "element-6066-11e4-a52e-4f735466cecf": "f.495C356B0656AF67333FEFF3EE6D4D65.d.F9059DA95EF9E2AB62B058F1065C4DED.e.27"
}, {
   "element-6066-11e4-a52e-4f735466cecf": "f.495C356B0656AF67333FEFF3EE6D4D65.d.F9059DA95EF9E2AB62B058F1065C4DED.e.28"
}, {
   "element-6066-11e4-a52e-4f735466cecf": "f.495C356B0656AF67333FEFF3EE6D4D65.d.F9059DA95EF9E2AB62B058F1065C4DED.e.29"
} ]
[1755163036.088][INFO]: [9525ab14013b9f10aa0f81426611405e] COMMAND FindChildElements {
   "id": "f.495C356B0656AF67333FEFF3EE6D4D65.d.F9059DA95EF9E2AB62B058F1065C4DED.e.25",
   "using": "tag name",
   "value": "td"
}
[1755163036.088][INFO]: Waiting for pending navigations...
[1755163036.097][INFO]: Done waiting for pending navigations. Status: ok
[1755163036.116][INFO]: Waiting for pending navigations...
[1755163036.117][INFO]: Done waiting for pending navigations. Status: ok
[1755163036.117][INFO]: [9525ab14013b9f10aa0f81426611405e] RESPONSE FindChildElements [ {
   "element-6066-11e4-a52e-4f735466cecf": "f.495C356B0656AF67333FEFF3EE6D4D65.d.F9059DA95EF9E2AB62B058F1065C4DED.e.30"
}, {
   "element-6066-11e4-a52e-4f735466cecf": "f.495C356B0656AF67333FEFF3EE6D4D65.d.F9059DA95EF9E2AB62B058F1065C4DED.e.31"
}, {
   "element-6066-11e4-a52e-4f735466cecf": "f.495C356B0656AF67333FEFF3EE6D4D65.d.F9059DA95EF9E2AB62B058F1065C4DED.e.32"
}, {
   "element-6066-11e4-a52e-4f735466cecf": "f.495C356B0656AF67333FEFF3EE6D4D65.d.F9059DA95EF9E2AB62B058F1065C4DED.e.33"
} ]
[1755163036.119][INFO]: [9525ab14013b9f10aa0f81426611405e] COMMAND GetElementText {
   "id": "f.495C356B0656AF67333FEFF3EE6D4D65.d.F9059DA95EF9E2AB62B058F1065C4DED.e.30"
}
[1755163036.119][INFO]: Waiting for pending navigations...
[1755163036.120][INFO]: Done waiting for pending navigations. Status: ok
[1755163036.143][INFO]: Waiting for pending navigations...
[1755163036.146][INFO]: Done waiting for pending navigations. Status: ok
[1755163036.146][INFO]: [9525ab14013b9f10aa0f81426611405e] RESPONSE GetElementText "【天津】\n2025-2030年武清分公司保利香颂湖室分用电协议单一来源采购公示"
[1755163036.148][INFO]: [9525ab14013b9f10aa0f81426611405e] COMMAND GetElementText {
   "id": "f.495C356B0656AF67333FEFF3EE6D4D65.d.F9059DA95EF9E2AB62B058F1065C4DED.e.30"
}
[1755163036.148][INFO]: Waiting for pending navigations...
[1755163036.149][INFO]: Done waiting for pending navigations. Status: ok
[1755163036.181][INFO]: Waiting for pending navigations...
[1755163036.183][INFO]: Done waiting for pending navigations. Status: ok
[1755163036.183][INFO]: [9525ab14013b9f10aa0f81426611405e] RESPONSE GetElementText "【天津】\n2025-2030年武清分公司保利香颂湖室分用电协议单一来源采购公示"
[1755163036.185][INFO]: [9525ab14013b9f10aa0f81426611405e] COMMAND GetElementText {
   "id": "f.495C356B0656AF67333FEFF3EE6D4D65.d.F9059DA95EF9E2AB62B058F1065C4DED.e.31"
}
[1755163036.185][INFO]: Waiting for pending navigations...
[1755163036.188][INFO]: Done waiting for pending navigations. Status: ok
[1755163036.225][INFO]: Waiting for pending navigations...
[1755163036.226][INFO]: Done waiting for pending navigations. Status: ok
[1755163036.227][INFO]: [9525ab14013b9f10aa0f81426611405e] RESPONSE GetElementText "2025-07-16"
[1755163036.228][INFO]: [9525ab14013b9f10aa0f81426611405e] COMMAND GetElementText {
   "id": "f.495C356B0656AF67333FEFF3EE6D4D65.d.F9059DA95EF9E2AB62B058F1065C4DED.e.32"
}
[1755163036.228][INFO]: Waiting for pending navigations...
[1755163036.229][INFO]: Done waiting for pending navigations. Status: ok
[1755163036.249][INFO]: Waiting for pending navigations...
[1755163036.253][INFO]: Done waiting for pending navigations. Status: ok
[1755163036.253][INFO]: [9525ab14013b9f10aa0f81426611405e] RESPONSE GetElementText "2025-07-21"
[1755163036.258][INFO]: [9525ab14013b9f10aa0f81426611405e] COMMAND GetElementText {
   "id": "f.495C356B0656AF67333FEFF3EE6D4D65.d.F9059DA95EF9E2AB62B058F1065C4DED.e.33"
}
[1755163036.258][INFO]: Waiting for pending navigations...
[1755163036.260][INFO]: Done waiting for pending navigations. Status: ok
[1755163036.298][INFO]: Waiting for pending navigations...
[1755163036.301][INFO]: Done waiting for pending navigations. Status: ok
[1755163036.301][INFO]: [9525ab14013b9f10aa0f81426611405e] RESPONSE GetElementText "2025-07-15"
[1755163036.304][INFO]: [9525ab14013b9f10aa0f81426611405e] COMMAND FindChildElements {
   "id": "f.495C356B0656AF67333FEFF3EE6D4D65.d.F9059DA95EF9E2AB62B058F1065C4DED.e.26",
   "using": "tag name",
   "value": "td"
}
[1755163036.304][INFO]: Waiting for pending navigations...
[1755163036.305][INFO]: Done waiting for pending navigations. Status: ok
[1755163036.317][INFO]: Waiting for pending navigations...
[1755163036.318][INFO]: Done waiting for pending navigations. Status: ok
[1755163036.318][INFO]: [9525ab14013b9f10aa0f81426611405e] RESPONSE FindChildElements [ {
   "element-6066-11e4-a52e-4f735466cecf": "f.495C356B0656AF67333FEFF3EE6D4D65.d.F9059DA95EF9E2AB62B058F1065C4DED.e.34"
}, {
   "element-6066-11e4-a52e-4f735466cecf": "f.495C356B0656AF67333FEFF3EE6D4D65.d.F9059DA95EF9E2AB62B058F1065C4DED.e.35"
}, {
   "element-6066-11e4-a52e-4f735466cecf": "f.495C356B0656AF67333FEFF3EE6D4D65.d.F9059DA95EF9E2AB62B058F1065C4DED.e.36"
}, {
   "element-6066-11e4-a52e-4f735466cecf": "f.495C356B0656AF67333FEFF3EE6D4D65.d.F9059DA95EF9E2AB62B058F1065C4DED.e.37"
} ]
[1755163036.320][INFO]: [9525ab14013b9f10aa0f81426611405e] COMMAND GetElementText {
   "id": "f.495C356B0656AF67333FEFF3EE6D4D65.d.F9059DA95EF9E2AB62B058F1065C4DED.e.34"
}
[1755163036.320][INFO]: Waiting for pending navigations...
[1755163036.321][INFO]: Done waiting for pending navigations. Status: ok
[1755163036.341][INFO]: Waiting for pending navigations...
[1755163036.342][INFO]: Done waiting for pending navigations. Status: ok
[1755163036.342][INFO]: [9525ab14013b9f10aa0f81426611405e] RESPONSE GetElementText "【天津】\n[2025年-2028年河东河西分公司河东万达综合商业广场室分用电协议（续签）]项目单一来源采购公示"
[1755163036.344][INFO]: [9525ab14013b9f10aa0f81426611405e] COMMAND GetElementText {
   "id": "f.495C356B0656AF67333FEFF3EE6D4D65.d.F9059DA95EF9E2AB62B058F1065C4DED.e.34"
}
[1755163036.344][INFO]: Waiting for pending navigations...
[1755163036.348][INFO]: Done waiting for pending navigations. Status: ok
[1755163036.369][INFO]: Waiting for pending navigations...
[1755163036.371][INFO]: Done waiting for pending navigations. Status: ok
[1755163036.371][INFO]: [9525ab14013b9f10aa0f81426611405e] RESPONSE GetElementText "【天津】\n[2025年-2028年河东河西分公司河东万达综合商业广场室分用电协议（续签）]项目单一来源采购公示"
[1755163036.373][INFO]: [9525ab14013b9f10aa0f81426611405e] COMMAND GetElementText {
   "id": "f.495C356B0656AF67333FEFF3EE6D4D65.d.F9059DA95EF9E2AB62B058F1065C4DED.e.35"
}
[1755163036.373][INFO]: Waiting for pending navigations...
[1755163036.374][INFO]: Done waiting for pending navigations. Status: ok
[1755163036.390][INFO]: Waiting for pending navigations...
[1755163036.393][INFO]: Done waiting for pending navigations. Status: ok
[1755163036.393][INFO]: [9525ab14013b9f10aa0f81426611405e] RESPONSE GetElementText "2025-07-16"
[1755163036.396][INFO]: [9525ab14013b9f10aa0f81426611405e] COMMAND GetElementText {
   "id": "f.495C356B0656AF67333FEFF3EE6D4D65.d.F9059DA95EF9E2AB62B058F1065C4DED.e.36"
}
[1755163036.396][INFO]: Waiting for pending navigations...
[1755163036.400][INFO]: Done waiting for pending navigations. Status: ok
[1755163036.414][INFO]: Waiting for pending navigations...
[1755163036.415][INFO]: Done waiting for pending navigations. Status: ok
[1755163036.415][INFO]: [9525ab14013b9f10aa0f81426611405e] RESPONSE GetElementText "2025-07-17"
[1755163036.417][INFO]: [9525ab14013b9f10aa0f81426611405e] COMMAND GetElementText {
   "id": "f.495C356B0656AF67333FEFF3EE6D4D65.d.F9059DA95EF9E2AB62B058F1065C4DED.e.37"
}
[1755163036.417][INFO]: Waiting for pending navigations...
[1755163036.418][INFO]: Done waiting for pending navigations. Status: ok
[1755163036.449][INFO]: Waiting for pending navigations...
[1755163036.451][INFO]: Done waiting for pending navigations. Status: ok
[1755163036.451][INFO]: [9525ab14013b9f10aa0f81426611405e] RESPONSE GetElementText "2025-07-15"
[1755163036.453][INFO]: [9525ab14013b9f10aa0f81426611405e] COMMAND FindChildElements {
   "id": "f.495C356B0656AF67333FEFF3EE6D4D65.d.F9059DA95EF9E2AB62B058F1065C4DED.e.27",
   "using": "tag name",
   "value": "td"
}
[1755163036.453][INFO]: Waiting for pending navigations...
[1755163036.458][INFO]: Done waiting for pending navigations. Status: ok
[1755163036.514][INFO]: Waiting for pending navigations...
[1755163036.515][INFO]: Done waiting for pending navigations. Status: ok
[1755163036.515][INFO]: [9525ab14013b9f10aa0f81426611405e] RESPONSE FindChildElements [ {
   "element-6066-11e4-a52e-4f735466cecf": "f.495C356B0656AF67333FEFF3EE6D4D65.d.F9059DA95EF9E2AB62B058F1065C4DED.e.38"
}, {
   "element-6066-11e4-a52e-4f735466cecf": "f.495C356B0656AF67333FEFF3EE6D4D65.d.F9059DA95EF9E2AB62B058F1065C4DED.e.39"
}, {
   "element-6066-11e4-a52e-4f735466cecf": "f.495C356B0656AF67333FEFF3EE6D4D65.d.F9059DA95EF9E2AB62B058F1065C4DED.e.40"
}, {
   "element-6066-11e4-a52e-4f735466cecf": "f.495C356B0656AF67333FEFF3EE6D4D65.d.F9059DA95EF9E2AB62B058F1065C4DED.e.41"
} ]
[1755163036.517][INFO]: [9525ab14013b9f10aa0f81426611405e] COMMAND GetElementText {
   "id": "f.495C356B0656AF67333FEFF3EE6D4D65.d.F9059DA95EF9E2AB62B058F1065C4DED.e.38"
}
[1755163036.517][INFO]: Waiting for pending navigations...
[1755163036.518][INFO]: Done waiting for pending navigations. Status: ok
[1755163036.545][INFO]: Waiting for pending navigations...
[1755163036.547][INFO]: Done waiting for pending navigations. Status: ok
[1755163036.547][INFO]: [9525ab14013b9f10aa0f81426611405e] RESPONSE GetElementText "【天津】\n天津电信静海分公司2025年-2027年安保服务采购项目成交候选人公示"
[1755163036.549][INFO]: [9525ab14013b9f10aa0f81426611405e] COMMAND GetElementText {
   "id": "f.495C356B0656AF67333FEFF3EE6D4D65.d.F9059DA95EF9E2AB62B058F1065C4DED.e.38"
}
[1755163036.549][INFO]: Waiting for pending navigations...
[1755163036.551][INFO]: Done waiting for pending navigations. Status: ok
[1755163036.579][INFO]: Waiting for pending navigations...
[1755163036.582][INFO]: Done waiting for pending navigations. Status: ok
[1755163036.582][INFO]: [9525ab14013b9f10aa0f81426611405e] RESPONSE GetElementText "【天津】\n天津电信静海分公司2025年-2027年安保服务采购项目成交候选人公示"
[1755163036.584][INFO]: [9525ab14013b9f10aa0f81426611405e] COMMAND GetElementText {
   "id": "f.495C356B0656AF67333FEFF3EE6D4D65.d.F9059DA95EF9E2AB62B058F1065C4DED.e.39"
}
[1755163036.585][INFO]: Waiting for pending navigations...
[1755163036.591][INFO]: Done waiting for pending navigations. Status: ok
[1755163036.631][INFO]: Waiting for pending navigations...
[1755163036.632][INFO]: Done waiting for pending navigations. Status: ok
[1755163036.632][INFO]: [9525ab14013b9f10aa0f81426611405e] RESPONSE GetElementText "2025-07-15"
[1755163036.635][INFO]: [9525ab14013b9f10aa0f81426611405e] COMMAND GetElementText {
   "id": "f.495C356B0656AF67333FEFF3EE6D4D65.d.F9059DA95EF9E2AB62B058F1065C4DED.e.40"
}
[1755163036.635][INFO]: Waiting for pending navigations...
[1755163036.636][INFO]: Done waiting for pending navigations. Status: ok
[1755163036.649][INFO]: Waiting for pending navigations...
[1755163036.650][INFO]: Done waiting for pending navigations. Status: ok
[1755163036.650][INFO]: [9525ab14013b9f10aa0f81426611405e] RESPONSE GetElementText "2025-07-17"
[1755163036.651][INFO]: [9525ab14013b9f10aa0f81426611405e] COMMAND GetElementText {
   "id": "f.495C356B0656AF67333FEFF3EE6D4D65.d.F9059DA95EF9E2AB62B058F1065C4DED.e.41"
}
[1755163036.651][INFO]: Waiting for pending navigations...
[1755163036.652][INFO]: Done waiting for pending navigations. Status: ok
[1755163036.662][INFO]: Waiting for pending navigations...
[1755163036.663][INFO]: Done waiting for pending navigations. Status: ok
[1755163036.663][INFO]: [9525ab14013b9f10aa0f81426611405e] RESPONSE GetElementText "2025-07-14"
[1755163036.665][INFO]: [9525ab14013b9f10aa0f81426611405e] COMMAND FindChildElements {
   "id": "f.495C356B0656AF67333FEFF3EE6D4D65.d.F9059DA95EF9E2AB62B058F1065C4DED.e.28",
   "using": "tag name",
   "value": "td"
}
[1755163036.665][INFO]: Waiting for pending navigations...
[1755163036.665][INFO]: Done waiting for pending navigations. Status: ok
[1755163036.673][INFO]: Waiting for pending navigations...
[1755163036.674][INFO]: Done waiting for pending navigations. Status: ok
[1755163036.674][INFO]: [9525ab14013b9f10aa0f81426611405e] RESPONSE FindChildElements [ {
   "element-6066-11e4-a52e-4f735466cecf": "f.495C356B0656AF67333FEFF3EE6D4D65.d.F9059DA95EF9E2AB62B058F1065C4DED.e.42"
}, {
   "element-6066-11e4-a52e-4f735466cecf": "f.495C356B0656AF67333FEFF3EE6D4D65.d.F9059DA95EF9E2AB62B058F1065C4DED.e.43"
}, {
   "element-6066-11e4-a52e-4f735466cecf": "f.495C356B0656AF67333FEFF3EE6D4D65.d.F9059DA95EF9E2AB62B058F1065C4DED.e.44"
}, {
   "element-6066-11e4-a52e-4f735466cecf": "f.495C356B0656AF67333FEFF3EE6D4D65.d.F9059DA95EF9E2AB62B058F1065C4DED.e.45"
} ]
[1755163036.675][INFO]: [9525ab14013b9f10aa0f81426611405e] COMMAND GetElementText {
   "id": "f.495C356B0656AF67333FEFF3EE6D4D65.d.F9059DA95EF9E2AB62B058F1065C4DED.e.42"
}
[1755163036.675][INFO]: Waiting for pending navigations...
[1755163036.676][INFO]: Done waiting for pending navigations. Status: ok
[1755163036.686][INFO]: Waiting for pending navigations...
[1755163036.686][INFO]: Done waiting for pending navigations. Status: ok
[1755163036.686][INFO]: [9525ab14013b9f10aa0f81426611405e] RESPONSE GetElementText "【天津】\n2025-2028年宁河分公司汉沽丽景名苑小区室内分布系统覆盖用电协议直接采购公示"
[1755163036.688][INFO]: [9525ab14013b9f10aa0f81426611405e] COMMAND GetElementText {
   "id": "f.495C356B0656AF67333FEFF3EE6D4D65.d.F9059DA95EF9E2AB62B058F1065C4DED.e.42"
}
[1755163036.688][INFO]: Waiting for pending navigations...
[1755163036.688][INFO]: Done waiting for pending navigations. Status: ok
[1755163036.698][INFO]: Waiting for pending navigations...
[1755163036.698][INFO]: Done waiting for pending navigations. Status: ok
[1755163036.698][INFO]: [9525ab14013b9f10aa0f81426611405e] RESPONSE GetElementText "【天津】\n2025-2028年宁河分公司汉沽丽景名苑小区室内分布系统覆盖用电协议直接采购公示"
[1755163036.700][INFO]: [9525ab14013b9f10aa0f81426611405e] COMMAND GetElementText {
   "id": "f.495C356B0656AF67333FEFF3EE6D4D65.d.F9059DA95EF9E2AB62B058F1065C4DED.e.43"
}
[1755163036.700][INFO]: Waiting for pending navigations...
[1755163036.701][INFO]: Done waiting for pending navigations. Status: ok
[1755163036.711][INFO]: Waiting for pending navigations...
[1755163036.712][INFO]: Done waiting for pending navigations. Status: ok
[1755163036.712][INFO]: [9525ab14013b9f10aa0f81426611405e] RESPONSE GetElementText "2025-07-14"
[1755163036.713][INFO]: [9525ab14013b9f10aa0f81426611405e] COMMAND GetElementText {
   "id": "f.495C356B0656AF67333FEFF3EE6D4D65.d.F9059DA95EF9E2AB62B058F1065C4DED.e.44"
}
[1755163036.713][INFO]: Waiting for pending navigations...
[1755163036.714][INFO]: Done waiting for pending navigations. Status: ok
[1755163036.723][INFO]: Waiting for pending navigations...
[1755163036.724][INFO]: Done waiting for pending navigations. Status: ok
[1755163036.724][INFO]: [9525ab14013b9f10aa0f81426611405e] RESPONSE GetElementText "2025-07-16"
[1755163036.725][INFO]: [9525ab14013b9f10aa0f81426611405e] COMMAND GetElementText {
   "id": "f.495C356B0656AF67333FEFF3EE6D4D65.d.F9059DA95EF9E2AB62B058F1065C4DED.e.45"
}
[1755163036.725][INFO]: Waiting for pending navigations...
[1755163036.726][INFO]: Done waiting for pending navigations. Status: ok
[1755163036.735][INFO]: Waiting for pending navigations...
[1755163036.736][INFO]: Done waiting for pending navigations. Status: ok
[1755163036.736][INFO]: [9525ab14013b9f10aa0f81426611405e] RESPONSE GetElementText "2025-07-11"
[1755163036.738][INFO]: [9525ab14013b9f10aa0f81426611405e] COMMAND FindChildElements {
   "id": "f.495C356B0656AF67333FEFF3EE6D4D65.d.F9059DA95EF9E2AB62B058F1065C4DED.e.29",
   "using": "tag name",
   "value": "td"
}
[1755163036.738][INFO]: Waiting for pending navigations...
[1755163036.739][INFO]: Done waiting for pending navigations. Status: ok
[1755163036.748][INFO]: Waiting for pending navigations...
[1755163036.748][INFO]: Done waiting for pending navigations. Status: ok
[1755163036.748][INFO]: [9525ab14013b9f10aa0f81426611405e] RESPONSE FindChildElements [ {
   "element-6066-11e4-a52e-4f735466cecf": "f.495C356B0656AF67333FEFF3EE6D4D65.d.F9059DA95EF9E2AB62B058F1065C4DED.e.46"
}, {
   "element-6066-11e4-a52e-4f735466cecf": "f.495C356B0656AF67333FEFF3EE6D4D65.d.F9059DA95EF9E2AB62B058F1065C4DED.e.47"
}, {
   "element-6066-11e4-a52e-4f735466cecf": "f.495C356B0656AF67333FEFF3EE6D4D65.d.F9059DA95EF9E2AB62B058F1065C4DED.e.48"
}, {
   "element-6066-11e4-a52e-4f735466cecf": "f.495C356B0656AF67333FEFF3EE6D4D65.d.F9059DA95EF9E2AB62B058F1065C4DED.e.49"
} ]
[1755163036.750][INFO]: [9525ab14013b9f10aa0f81426611405e] COMMAND GetElementText {
   "id": "f.495C356B0656AF67333FEFF3EE6D4D65.d.F9059DA95EF9E2AB62B058F1065C4DED.e.46"
}
[1755163036.750][INFO]: Waiting for pending navigations...
[1755163036.750][INFO]: Done waiting for pending navigations. Status: ok
[1755163036.760][INFO]: Waiting for pending navigations...
[1755163036.761][INFO]: Done waiting for pending navigations. Status: ok
[1755163036.761][INFO]: [9525ab14013b9f10aa0f81426611405e] RESPONSE GetElementText "【天津】\n中国电信天津分公司2025年X私有云建设工程云资源设施DICT采购项目成交候选人公示"
[1755163036.762][INFO]: [9525ab14013b9f10aa0f81426611405e] COMMAND GetElementText {
   "id": "f.495C356B0656AF67333FEFF3EE6D4D65.d.F9059DA95EF9E2AB62B058F1065C4DED.e.46"
}
[1755163036.762][INFO]: Waiting for pending navigations...
[1755163036.763][INFO]: Done waiting for pending navigations. Status: ok
[1755163036.772][INFO]: Waiting for pending navigations...
[1755163036.773][INFO]: Done waiting for pending navigations. Status: ok
[1755163036.773][INFO]: [9525ab14013b9f10aa0f81426611405e] RESPONSE GetElementText "【天津】\n中国电信天津分公司2025年X私有云建设工程云资源设施DICT采购项目成交候选人公示"
[1755163036.774][INFO]: [9525ab14013b9f10aa0f81426611405e] COMMAND GetElementText {
   "id": "f.495C356B0656AF67333FEFF3EE6D4D65.d.F9059DA95EF9E2AB62B058F1065C4DED.e.47"
}
[1755163036.774][INFO]: Waiting for pending navigations...
[1755163036.775][INFO]: Done waiting for pending navigations. Status: ok
[1755163036.784][INFO]: Waiting for pending navigations...
[1755163036.784][INFO]: Done waiting for pending navigations. Status: ok
[1755163036.784][INFO]: [9525ab14013b9f10aa0f81426611405e] RESPONSE GetElementText "2025-07-14"
[1755163036.785][INFO]: [9525ab14013b9f10aa0f81426611405e] COMMAND GetElementText {
   "id": "f.495C356B0656AF67333FEFF3EE6D4D65.d.F9059DA95EF9E2AB62B058F1065C4DED.e.48"
}
[1755163036.785][INFO]: Waiting for pending navigations...
[1755163036.786][INFO]: Done waiting for pending navigations. Status: ok
[1755163036.794][INFO]: Waiting for pending navigations...
[1755163036.795][INFO]: Done waiting for pending navigations. Status: ok
[1755163036.795][INFO]: [9525ab14013b9f10aa0f81426611405e] RESPONSE GetElementText "2025-07-16"
[1755163036.796][INFO]: [9525ab14013b9f10aa0f81426611405e] COMMAND GetElementText {
   "id": "f.495C356B0656AF67333FEFF3EE6D4D65.d.F9059DA95EF9E2AB62B058F1065C4DED.e.49"
}
[1755163036.796][INFO]: Waiting for pending navigations...
[1755163036.797][INFO]: Done waiting for pending navigations. Status: ok
[1755163036.806][INFO]: Waiting for pending navigations...
[1755163036.806][INFO]: Done waiting for pending navigations. Status: ok
[1755163036.806][INFO]: [9525ab14013b9f10aa0f81426611405e] RESPONSE GetElementText "2025-07-11"
[1755163036.808][INFO]: [9525ab14013b9f10aa0f81426611405e] COMMAND FindElement {
   "using": "xpath",
   "value": "//button[contains(@class, 'btn-next')]"
}
[1755163036.808][INFO]: Waiting for pending navigations...
[1755163036.809][INFO]: Done waiting for pending navigations. Status: ok
[1755163036.815][INFO]: Waiting for pending navigations...
[1755163036.816][INFO]: Done waiting for pending navigations. Status: ok
[1755163036.816][INFO]: [9525ab14013b9f10aa0f81426611405e] RESPONSE FindElement {
   "element-6066-11e4-a52e-4f735466cecf": "f.495C356B0656AF67333FEFF3EE6D4D65.d.F9059DA95EF9E2AB62B058F1065C4DED.e.50"
}
[1755163036.818][INFO]: [9525ab14013b9f10aa0f81426611405e] COMMAND IsElementEnabled {
   "id": "f.495C356B0656AF67333FEFF3EE6D4D65.d.F9059DA95EF9E2AB62B058F1065C4DED.e.50"
}
[1755163036.818][INFO]: Waiting for pending navigations...
[1755163036.819][INFO]: Done waiting for pending navigations. Status: ok
[1755163036.826][INFO]: Waiting for pending navigations...
[1755163036.826][INFO]: Done waiting for pending navigations. Status: ok
[1755163036.826][INFO]: [9525ab14013b9f10aa0f81426611405e] RESPONSE IsElementEnabled true
[1755163036.828][INFO]: [9525ab14013b9f10aa0f81426611405e] COMMAND FindElement {
   "using": "xpath",
   "value": "//div[contains(@class, 'el-table__body-wrapper')]//tr[@class='el-table__row'][1]/td[1]"
}
[1755163036.828][INFO]: Waiting for pending navigations...
[1755163036.829][INFO]: Done waiting for pending navigations. Status: ok
[1755163036.836][INFO]: Waiting for pending navigations...
[1755163036.837][INFO]: Done waiting for pending navigations. Status: ok
[1755163036.837][INFO]: [9525ab14013b9f10aa0f81426611405e] RESPONSE FindElement {
   "element-6066-11e4-a52e-4f735466cecf": "f.495C356B0656AF67333FEFF3EE6D4D65.d.F9059DA95EF9E2AB62B058F1065C4DED.e.30"
}
[1755163036.838][INFO]: [9525ab14013b9f10aa0f81426611405e] COMMAND GetElementText {
   "id": "f.495C356B0656AF67333FEFF3EE6D4D65.d.F9059DA95EF9E2AB62B058F1065C4DED.e.30"
}
[1755163036.838][INFO]: Waiting for pending navigations...
[1755163036.839][INFO]: Done waiting for pending navigations. Status: ok
[1755163036.850][INFO]: Waiting for pending navigations...
[1755163036.850][INFO]: Done waiting for pending navigations. Status: ok
[1755163036.850][INFO]: [9525ab14013b9f10aa0f81426611405e] RESPONSE GetElementText "【天津】\n2025-2030年武清分公司保利香颂湖室分用电协议单一来源采购公示"
[1755163036.852][INFO]: [9525ab14013b9f10aa0f81426611405e] COMMAND ExecuteScript {
   "args": [ {
      "element-6066-11e4-a52e-4f735466cecf": "f.495C356B0656AF67333FEFF3EE6D4D65.d.F9059DA95EF9E2AB62B058F1065C4DED.e.50"
   } ],
   "script": "arguments[0].click();"
}
[1755163036.852][INFO]: Waiting for pending navigations...
[1755163036.852][INFO]: Done waiting for pending navigations. Status: ok
[1755163036.874][INFO]: Waiting for pending navigations...
[1755163036.879][INFO]: Done waiting for pending navigations. Status: ok
[1755163036.879][INFO]: [9525ab14013b9f10aa0f81426611405e] RESPONSE ExecuteScript null
[1755163036.881][INFO]: [9525ab14013b9f10aa0f81426611405e] COMMAND FindElement {
   "using": "xpath",
   "value": "//div[contains(@class, 'el-table__body-wrapper')]//tr[@class='el-table__row'][1]/td[1]"
}
[1755163036.881][INFO]: Waiting for pending navigations...
[1755163036.882][INFO]: Done waiting for pending navigations. Status: ok
[1755163036.889][INFO]: Waiting for pending navigations...
[1755163036.890][INFO]: Done waiting for pending navigations. Status: ok
[1755163036.890][INFO]: [9525ab14013b9f10aa0f81426611405e] RESPONSE FindElement {
   "element-6066-11e4-a52e-4f735466cecf": "f.495C356B0656AF67333FEFF3EE6D4D65.d.F9059DA95EF9E2AB62B058F1065C4DED.e.30"
}
[1755163036.891][INFO]: [9525ab14013b9f10aa0f81426611405e] COMMAND GetElementText {
   "id": "f.495C356B0656AF67333FEFF3EE6D4D65.d.F9059DA95EF9E2AB62B058F1065C4DED.e.30"
}
[1755163036.891][INFO]: Waiting for pending navigations...
[1755163036.892][INFO]: Done waiting for pending navigations. Status: ok
[1755163036.902][INFO]: Waiting for pending navigations...
[1755163036.903][INFO]: Done waiting for pending navigations. Status: ok
[1755163036.903][INFO]: [9525ab14013b9f10aa0f81426611405e] RESPONSE GetElementText "【天津】\n2025-2030年武清分公司保利香颂湖室分用电协议单一来源采购公示"
[1755163037.404][INFO]: [9525ab14013b9f10aa0f81426611405e] COMMAND FindElement {
   "using": "xpath",
   "value": "//div[contains(@class, 'el-table__body-wrapper')]//tr[@class='el-table__row'][1]/td[1]"
}
[1755163037.405][INFO]: Waiting for pending navigations...
[1755163037.406][INFO]: Done waiting for pending navigations. Status: ok
[1755163037.414][INFO]: Waiting for pending navigations...
[1755163037.415][INFO]: Done waiting for pending navigations. Status: ok
[1755163037.415][INFO]: [9525ab14013b9f10aa0f81426611405e] RESPONSE FindElement {
   "element-6066-11e4-a52e-4f735466cecf": "f.495C356B0656AF67333FEFF3EE6D4D65.d.F9059DA95EF9E2AB62B058F1065C4DED.e.30"
}
[1755163037.416][INFO]: [9525ab14013b9f10aa0f81426611405e] COMMAND GetElementText {
   "id": "f.495C356B0656AF67333FEFF3EE6D4D65.d.F9059DA95EF9E2AB62B058F1065C4DED.e.30"
}
[1755163037.417][INFO]: Waiting for pending navigations...
[1755163037.417][INFO]: Done waiting for pending navigations. Status: ok
[1755163037.428][INFO]: Waiting for pending navigations...
[1755163037.429][INFO]: Done waiting for pending navigations. Status: ok
[1755163037.429][INFO]: [9525ab14013b9f10aa0f81426611405e] RESPONSE GetElementText "【天津】\n2025-2030年武清分公司保利香颂湖室分用电协议单一来源采购公示"
[1755163037.931][INFO]: [9525ab14013b9f10aa0f81426611405e] COMMAND FindElement {
   "using": "xpath",
   "value": "//div[contains(@class, 'el-table__body-wrapper')]//tr[@class='el-table__row'][1]/td[1]"
}
[1755163037.931][INFO]: Waiting for pending navigations...
[1755163037.932][INFO]: Done waiting for pending navigations. Status: ok
[1755163037.940][INFO]: Waiting for pending navigations...
[1755163037.941][INFO]: Done waiting for pending navigations. Status: ok
[1755163037.941][INFO]: [9525ab14013b9f10aa0f81426611405e] RESPONSE FindElement {
   "element-6066-11e4-a52e-4f735466cecf": "f.495C356B0656AF67333FEFF3EE6D4D65.d.F9059DA95EF9E2AB62B058F1065C4DED.e.30"
}
[1755163037.942][INFO]: [9525ab14013b9f10aa0f81426611405e] COMMAND GetElementText {
   "id": "f.495C356B0656AF67333FEFF3EE6D4D65.d.F9059DA95EF9E2AB62B058F1065C4DED.e.30"
}
[1755163037.942][INFO]: Waiting for pending navigations...
[1755163037.943][INFO]: Done waiting for pending navigations. Status: ok
[1755163037.954][INFO]: Waiting for pending navigations...
[1755163037.954][INFO]: Done waiting for pending navigations. Status: ok
[1755163037.955][INFO]: [9525ab14013b9f10aa0f81426611405e] RESPONSE GetElementText "【天津】\n[2025年-2028年河东河西分公司河西万顺温泉花园室分用电协议]项目单一来源采购公示"
[1755163037.956][INFO]: [9525ab14013b9f10aa0f81426611405e] COMMAND FindElement {
   "using": "css selector",
   "value": ".tableList"
}
[1755163037.956][INFO]: Waiting for pending navigations...
[1755163037.957][INFO]: Done waiting for pending navigations. Status: ok
[1755163037.964][INFO]: Waiting for pending navigations...
[1755163037.965][INFO]: Done waiting for pending navigations. Status: ok
[1755163037.965][INFO]: [9525ab14013b9f10aa0f81426611405e] RESPONSE FindElement {
   "element-6066-11e4-a52e-4f735466cecf": "f.495C356B0656AF67333FEFF3EE6D4D65.d.F9059DA95EF9E2AB62B058F1065C4DED.e.24"
}
[1755163037.966][INFO]: [9525ab14013b9f10aa0f81426611405e] COMMAND FindElements {
   "using": "xpath",
   "value": "//div[contains(@class, 'el-table__body-wrapper')]//tr[@class='el-table__row']"
}
[1755163037.966][INFO]: Waiting for pending navigations...
[1755163037.967][INFO]: Done waiting for pending navigations. Status: ok
[1755163037.975][INFO]: Waiting for pending navigations...
[1755163037.975][INFO]: Done waiting for pending navigations. Status: ok
[1755163037.975][INFO]: [9525ab14013b9f10aa0f81426611405e] RESPONSE FindElements [ {
   "element-6066-11e4-a52e-4f735466cecf": "f.495C356B0656AF67333FEFF3EE6D4D65.d.F9059DA95EF9E2AB62B058F1065C4DED.e.25"
}, {
   "element-6066-11e4-a52e-4f735466cecf": "f.495C356B0656AF67333FEFF3EE6D4D65.d.F9059DA95EF9E2AB62B058F1065C4DED.e.26"
}, {
   "element-6066-11e4-a52e-4f735466cecf": "f.495C356B0656AF67333FEFF3EE6D4D65.d.F9059DA95EF9E2AB62B058F1065C4DED.e.27"
}, {
   "element-6066-11e4-a52e-4f735466cecf": "f.495C356B0656AF67333FEFF3EE6D4D65.d.F9059DA95EF9E2AB62B058F1065C4DED.e.28"
}, {
   "element-6066-11e4-a52e-4f735466cecf": "f.495C356B0656AF67333FEFF3EE6D4D65.d.F9059DA95EF9E2AB62B058F1065C4DED.e.29"
} ]
[1755163037.977][INFO]: [9525ab14013b9f10aa0f81426611405e] COMMAND FindChildElements {
   "id": "f.495C356B0656AF67333FEFF3EE6D4D65.d.F9059DA95EF9E2AB62B058F1065C4DED.e.25",
   "using": "tag name",
   "value": "td"
}
[1755163037.977][INFO]: Waiting for pending navigations...
[1755163037.978][INFO]: Done waiting for pending navigations. Status: ok
[1755163037.985][INFO]: Waiting for pending navigations...
[1755163037.986][INFO]: Done waiting for pending navigations. Status: ok
[1755163037.986][INFO]: [9525ab14013b9f10aa0f81426611405e] RESPONSE FindChildElements [ {
   "element-6066-11e4-a52e-4f735466cecf": "f.495C356B0656AF67333FEFF3EE6D4D65.d.F9059DA95EF9E2AB62B058F1065C4DED.e.30"
}, {
   "element-6066-11e4-a52e-4f735466cecf": "f.495C356B0656AF67333FEFF3EE6D4D65.d.F9059DA95EF9E2AB62B058F1065C4DED.e.31"
}, {
   "element-6066-11e4-a52e-4f735466cecf": "f.495C356B0656AF67333FEFF3EE6D4D65.d.F9059DA95EF9E2AB62B058F1065C4DED.e.32"
}, {
   "element-6066-11e4-a52e-4f735466cecf": "f.495C356B0656AF67333FEFF3EE6D4D65.d.F9059DA95EF9E2AB62B058F1065C4DED.e.33"
} ]
[1755163037.987][INFO]: [9525ab14013b9f10aa0f81426611405e] COMMAND GetElementText {
   "id": "f.495C356B0656AF67333FEFF3EE6D4D65.d.F9059DA95EF9E2AB62B058F1065C4DED.e.30"
}
[1755163037.987][INFO]: Waiting for pending navigations...
[1755163037.988][INFO]: Done waiting for pending navigations. Status: ok
[1755163037.998][INFO]: Waiting for pending navigations...
[1755163037.999][INFO]: Done waiting for pending navigations. Status: ok
[1755163037.999][INFO]: [9525ab14013b9f10aa0f81426611405e] RESPONSE GetElementText "【天津】\n[2025年-2028年河东河西分公司河西万顺温泉花园室分用电协议]项目单一来源采购公示"
[1755163038.001][INFO]: [9525ab14013b9f10aa0f81426611405e] COMMAND GetElementText {
   "id": "f.495C356B0656AF67333FEFF3EE6D4D65.d.F9059DA95EF9E2AB62B058F1065C4DED.e.30"
}
[1755163038.001][INFO]: Waiting for pending navigations...
[1755163038.002][INFO]: Done waiting for pending navigations. Status: ok
[1755163038.012][INFO]: Waiting for pending navigations...
[1755163038.013][INFO]: Done waiting for pending navigations. Status: ok
[1755163038.013][INFO]: [9525ab14013b9f10aa0f81426611405e] RESPONSE GetElementText "【天津】\n[2025年-2028年河东河西分公司河西万顺温泉花园室分用电协议]项目单一来源采购公示"
[1755163038.014][INFO]: [9525ab14013b9f10aa0f81426611405e] COMMAND GetElementText {
   "id": "f.495C356B0656AF67333FEFF3EE6D4D65.d.F9059DA95EF9E2AB62B058F1065C4DED.e.31"
}
[1755163038.014][INFO]: Waiting for pending navigations...
[1755163038.015][INFO]: Done waiting for pending navigations. Status: ok
[1755163038.024][INFO]: Waiting for pending navigations...
[1755163038.025][INFO]: Done waiting for pending navigations. Status: ok
[1755163038.025][INFO]: [9525ab14013b9f10aa0f81426611405e] RESPONSE GetElementText "2025-07-14"
[1755163038.026][INFO]: [9525ab14013b9f10aa0f81426611405e] COMMAND GetElementText {
   "id": "f.495C356B0656AF67333FEFF3EE6D4D65.d.F9059DA95EF9E2AB62B058F1065C4DED.e.32"
}
[1755163038.026][INFO]: Waiting for pending navigations...
[1755163038.027][INFO]: Done waiting for pending navigations. Status: ok
[1755163038.035][INFO]: Waiting for pending navigations...
[1755163038.036][INFO]: Done waiting for pending navigations. Status: ok
[1755163038.036][INFO]: [9525ab14013b9f10aa0f81426611405e] RESPONSE GetElementText "2025-07-16"
[1755163038.037][INFO]: [9525ab14013b9f10aa0f81426611405e] COMMAND GetElementText {
   "id": "f.495C356B0656AF67333FEFF3EE6D4D65.d.F9059DA95EF9E2AB62B058F1065C4DED.e.33"
}
[1755163038.037][INFO]: Waiting for pending navigations...
[1755163038.038][INFO]: Done waiting for pending navigations. Status: ok
[1755163038.046][INFO]: Waiting for pending navigations...
[1755163038.047][INFO]: Done waiting for pending navigations. Status: ok
[1755163038.047][INFO]: [9525ab14013b9f10aa0f81426611405e] RESPONSE GetElementText "2025-07-11"
[1755163038.049][INFO]: [9525ab14013b9f10aa0f81426611405e] COMMAND FindChildElements {
   "id": "f.495C356B0656AF67333FEFF3EE6D4D65.d.F9059DA95EF9E2AB62B058F1065C4DED.e.26",
   "using": "tag name",
   "value": "td"
}
[1755163038.049][INFO]: Waiting for pending navigations...
[1755163038.050][INFO]: Done waiting for pending navigations. Status: ok
[1755163038.059][INFO]: Waiting for pending navigations...
[1755163038.060][INFO]: Done waiting for pending navigations. Status: ok
[1755163038.060][INFO]: [9525ab14013b9f10aa0f81426611405e] RESPONSE FindChildElements [ {
   "element-6066-11e4-a52e-4f735466cecf": "f.495C356B0656AF67333FEFF3EE6D4D65.d.F9059DA95EF9E2AB62B058F1065C4DED.e.34"
}, {
   "element-6066-11e4-a52e-4f735466cecf": "f.495C356B0656AF67333FEFF3EE6D4D65.d.F9059DA95EF9E2AB62B058F1065C4DED.e.35"
}, {
   "element-6066-11e4-a52e-4f735466cecf": "f.495C356B0656AF67333FEFF3EE6D4D65.d.F9059DA95EF9E2AB62B058F1065C4DED.e.36"
}, {
   "element-6066-11e4-a52e-4f735466cecf": "f.495C356B0656AF67333FEFF3EE6D4D65.d.F9059DA95EF9E2AB62B058F1065C4DED.e.37"
} ]
[1755163038.062][INFO]: [9525ab14013b9f10aa0f81426611405e] COMMAND GetElementText {
   "id": "f.495C356B0656AF67333FEFF3EE6D4D65.d.F9059DA95EF9E2AB62B058F1065C4DED.e.34"
}
[1755163038.062][INFO]: Waiting for pending navigations...
[1755163038.062][INFO]: Done waiting for pending navigations. Status: ok
[1755163038.075][INFO]: Waiting for pending navigations...
[1755163038.076][INFO]: Done waiting for pending navigations. Status: ok
[1755163038.076][INFO]: [9525ab14013b9f10aa0f81426611405e] RESPONSE GetElementText "【天津】\n中国电信宝坻分公司2025年九园公路(宝新路-黄庄)管道购置工程采购公告"
[1755163038.078][INFO]: [9525ab14013b9f10aa0f81426611405e] COMMAND GetElementText {
   "id": "f.495C356B0656AF67333FEFF3EE6D4D65.d.F9059DA95EF9E2AB62B058F1065C4DED.e.34"
}
[1755163038.078][INFO]: Waiting for pending navigations...
[1755163038.079][INFO]: Done waiting for pending navigations. Status: ok
[1755163038.089][INFO]: Waiting for pending navigations...
[1755163038.091][INFO]: Done waiting for pending navigations. Status: ok
[1755163038.091][INFO]: [9525ab14013b9f10aa0f81426611405e] RESPONSE GetElementText "【天津】\n中国电信宝坻分公司2025年九园公路(宝新路-黄庄)管道购置工程采购公告"
[1755163038.093][INFO]: [9525ab14013b9f10aa0f81426611405e] COMMAND GetElementText {
   "id": "f.495C356B0656AF67333FEFF3EE6D4D65.d.F9059DA95EF9E2AB62B058F1065C4DED.e.35"
}
[1755163038.093][INFO]: Waiting for pending navigations...
[1755163038.093][INFO]: Done waiting for pending navigations. Status: ok
[1755163038.102][INFO]: Waiting for pending navigations...
[1755163038.102][INFO]: Done waiting for pending navigations. Status: ok
[1755163038.102][INFO]: [9525ab14013b9f10aa0f81426611405e] RESPONSE GetElementText "2025-07-14"
[1755163038.104][INFO]: [9525ab14013b9f10aa0f81426611405e] COMMAND GetElementText {
   "id": "f.495C356B0656AF67333FEFF3EE6D4D65.d.F9059DA95EF9E2AB62B058F1065C4DED.e.36"
}
[1755163038.104][INFO]: Waiting for pending navigations...
[1755163038.105][INFO]: Done waiting for pending navigations. Status: ok
[1755163038.113][INFO]: Waiting for pending navigations...
[1755163038.113][INFO]: Done waiting for pending navigations. Status: ok
[1755163038.113][INFO]: [9525ab14013b9f10aa0f81426611405e] RESPONSE GetElementText "2025-07-16"
[1755163038.115][INFO]: [9525ab14013b9f10aa0f81426611405e] COMMAND GetElementText {
   "id": "f.495C356B0656AF67333FEFF3EE6D4D65.d.F9059DA95EF9E2AB62B058F1065C4DED.e.37"
}
[1755163038.115][INFO]: Waiting for pending navigations...
[1755163038.115][INFO]: Done waiting for pending navigations. Status: ok
[1755163038.123][INFO]: Waiting for pending navigations...
[1755163038.124][INFO]: Done waiting for pending navigations. Status: ok
[1755163038.124][INFO]: [9525ab14013b9f10aa0f81426611405e] RESPONSE GetElementText "2025-07-11"
[1755163038.125][INFO]: [9525ab14013b9f10aa0f81426611405e] COMMAND FindChildElements {
   "id": "f.495C356B0656AF67333FEFF3EE6D4D65.d.F9059DA95EF9E2AB62B058F1065C4DED.e.27",
   "using": "tag name",
   "value": "td"
}
[1755163038.125][INFO]: Waiting for pending navigations...
[1755163038.126][INFO]: Done waiting for pending navigations. Status: ok
[1755163038.134][INFO]: Waiting for pending navigations...
[1755163038.134][INFO]: Done waiting for pending navigations. Status: ok
[1755163038.134][INFO]: [9525ab14013b9f10aa0f81426611405e] RESPONSE FindChildElements [ {
   "element-6066-11e4-a52e-4f735466cecf": "f.495C356B0656AF67333FEFF3EE6D4D65.d.F9059DA95EF9E2AB62B058F1065C4DED.e.38"
}, {
   "element-6066-11e4-a52e-4f735466cecf": "f.495C356B0656AF67333FEFF3EE6D4D65.d.F9059DA95EF9E2AB62B058F1065C4DED.e.39"
}, {
   "element-6066-11e4-a52e-4f735466cecf": "f.495C356B0656AF67333FEFF3EE6D4D65.d.F9059DA95EF9E2AB62B058F1065C4DED.e.40"
}, {
   "element-6066-11e4-a52e-4f735466cecf": "f.495C356B0656AF67333FEFF3EE6D4D65.d.F9059DA95EF9E2AB62B058F1065C4DED.e.41"
} ]
[1755163038.136][INFO]: [9525ab14013b9f10aa0f81426611405e] COMMAND GetElementText {
   "id": "f.495C356B0656AF67333FEFF3EE6D4D65.d.F9059DA95EF9E2AB62B058F1065C4DED.e.38"
}
[1755163038.136][INFO]: Waiting for pending navigations...
[1755163038.136][INFO]: Done waiting for pending navigations. Status: ok
[1755163038.146][INFO]: Waiting for pending navigations...
[1755163038.147][INFO]: Done waiting for pending navigations. Status: ok
[1755163038.147][INFO]: [9525ab14013b9f10aa0f81426611405e] RESPONSE GetElementText "【天津】\n关于2025SH组织数字经济论坛电信展位及配套服务采购"
[1755163038.148][INFO]: [9525ab14013b9f10aa0f81426611405e] COMMAND GetElementText {
   "id": "f.495C356B0656AF67333FEFF3EE6D4D65.d.F9059DA95EF9E2AB62B058F1065C4DED.e.38"
}
[1755163038.148][INFO]: Waiting for pending navigations...
[1755163038.149][INFO]: Done waiting for pending navigations. Status: ok
[1755163038.158][INFO]: Waiting for pending navigations...
[1755163038.159][INFO]: Done waiting for pending navigations. Status: ok
[1755163038.159][INFO]: [9525ab14013b9f10aa0f81426611405e] RESPONSE GetElementText "【天津】\n关于2025SH组织数字经济论坛电信展位及配套服务采购"
[1755163038.160][INFO]: [9525ab14013b9f10aa0f81426611405e] COMMAND GetElementText {
   "id": "f.495C356B0656AF67333FEFF3EE6D4D65.d.F9059DA95EF9E2AB62B058F1065C4DED.e.39"
}
[1755163038.160][INFO]: Waiting for pending navigations...
[1755163038.161][INFO]: Done waiting for pending navigations. Status: ok
[1755163038.169][INFO]: Waiting for pending navigations...
[1755163038.170][INFO]: Done waiting for pending navigations. Status: ok
[1755163038.170][INFO]: [9525ab14013b9f10aa0f81426611405e] RESPONSE GetElementText "2025-07-11"
[1755163038.171][INFO]: [9525ab14013b9f10aa0f81426611405e] COMMAND GetElementText {
   "id": "f.495C356B0656AF67333FEFF3EE6D4D65.d.F9059DA95EF9E2AB62B058F1065C4DED.e.40"
}
[1755163038.171][INFO]: Waiting for pending navigations...
[1755163038.171][INFO]: Done waiting for pending navigations. Status: ok
[1755163038.179][INFO]: Waiting for pending navigations...
[1755163038.180][INFO]: Done waiting for pending navigations. Status: ok
[1755163038.180][INFO]: [9525ab14013b9f10aa0f81426611405e] RESPONSE GetElementText "2025-07-14"
[1755163038.181][INFO]: [9525ab14013b9f10aa0f81426611405e] COMMAND GetElementText {
   "id": "f.495C356B0656AF67333FEFF3EE6D4D65.d.F9059DA95EF9E2AB62B058F1065C4DED.e.41"
}
[1755163038.181][INFO]: Waiting for pending navigations...
[1755163038.182][INFO]: Done waiting for pending navigations. Status: ok
[1755163038.190][INFO]: Waiting for pending navigations...
[1755163038.191][INFO]: Done waiting for pending navigations. Status: ok
[1755163038.191][INFO]: [9525ab14013b9f10aa0f81426611405e] RESPONSE GetElementText "2025-07-10"
[1755163038.192][INFO]: [9525ab14013b9f10aa0f81426611405e] COMMAND FindChildElements {
   "id": "f.495C356B0656AF67333FEFF3EE6D4D65.d.F9059DA95EF9E2AB62B058F1065C4DED.e.28",
   "using": "tag name",
   "value": "td"
}
[1755163038.192][INFO]: Waiting for pending navigations...
[1755163038.193][INFO]: Done waiting for pending navigations. Status: ok
[1755163038.200][INFO]: Waiting for pending navigations...
[1755163038.201][INFO]: Done waiting for pending navigations. Status: ok
[1755163038.201][INFO]: [9525ab14013b9f10aa0f81426611405e] RESPONSE FindChildElements [ {
   "element-6066-11e4-a52e-4f735466cecf": "f.495C356B0656AF67333FEFF3EE6D4D65.d.F9059DA95EF9E2AB62B058F1065C4DED.e.42"
}, {
   "element-6066-11e4-a52e-4f735466cecf": "f.495C356B0656AF67333FEFF3EE6D4D65.d.F9059DA95EF9E2AB62B058F1065C4DED.e.43"
}, {
   "element-6066-11e4-a52e-4f735466cecf": "f.495C356B0656AF67333FEFF3EE6D4D65.d.F9059DA95EF9E2AB62B058F1065C4DED.e.44"
}, {
   "element-6066-11e4-a52e-4f735466cecf": "f.495C356B0656AF67333FEFF3EE6D4D65.d.F9059DA95EF9E2AB62B058F1065C4DED.e.45"
} ]
[1755163038.202][INFO]: [9525ab14013b9f10aa0f81426611405e] COMMAND GetElementText {
   "id": "f.495C356B0656AF67333FEFF3EE6D4D65.d.F9059DA95EF9E2AB62B058F1065C4DED.e.42"
}
[1755163038.202][INFO]: Waiting for pending navigations...
[1755163038.203][INFO]: Done waiting for pending navigations. Status: ok
[1755163038.213][INFO]: Waiting for pending navigations...
[1755163038.213][INFO]: Done waiting for pending navigations. Status: ok
[1755163038.213][INFO]: [9525ab14013b9f10aa0f81426611405e] RESPONSE GetElementText "【天津】\n[天津生态城传输租纤需求的采购（11.38芯公里）]项目单一来源采购公示"
[1755163038.215][INFO]: [9525ab14013b9f10aa0f81426611405e] COMMAND GetElementText {
   "id": "f.495C356B0656AF67333FEFF3EE6D4D65.d.F9059DA95EF9E2AB62B058F1065C4DED.e.42"
}
[1755163038.215][INFO]: Waiting for pending navigations...
[1755163038.216][INFO]: Done waiting for pending navigations. Status: ok
[1755163038.225][INFO]: Waiting for pending navigations...
[1755163038.226][INFO]: Done waiting for pending navigations. Status: ok
[1755163038.226][INFO]: [9525ab14013b9f10aa0f81426611405e] RESPONSE GetElementText "【天津】\n[天津生态城传输租纤需求的采购（11.38芯公里）]项目单一来源采购公示"
[1755163038.227][INFO]: [9525ab14013b9f10aa0f81426611405e] COMMAND GetElementText {
   "id": "f.495C356B0656AF67333FEFF3EE6D4D65.d.F9059DA95EF9E2AB62B058F1065C4DED.e.43"
}
[1755163038.227][INFO]: Waiting for pending navigations...
[1755163038.228][INFO]: Done waiting for pending navigations. Status: ok
[1755163038.239][INFO]: Waiting for pending navigations...
[1755163038.240][INFO]: Done waiting for pending navigations. Status: ok
[1755163038.240][INFO]: [9525ab14013b9f10aa0f81426611405e] RESPONSE GetElementText "2025-07-09"
[1755163038.242][INFO]: [9525ab14013b9f10aa0f81426611405e] COMMAND GetElementText {
   "id": "f.495C356B0656AF67333FEFF3EE6D4D65.d.F9059DA95EF9E2AB62B058F1065C4DED.e.44"
}
[1755163038.242][INFO]: Waiting for pending navigations...
[1755163038.243][INFO]: Done waiting for pending navigations. Status: ok
[1755163038.256][INFO]: Waiting for pending navigations...
[1755163038.256][INFO]: Done waiting for pending navigations. Status: ok
[1755163038.256][INFO]: [9525ab14013b9f10aa0f81426611405e] RESPONSE GetElementText "2025-07-14"
[1755163038.258][INFO]: [9525ab14013b9f10aa0f81426611405e] COMMAND GetElementText {
   "id": "f.495C356B0656AF67333FEFF3EE6D4D65.d.F9059DA95EF9E2AB62B058F1065C4DED.e.45"
}
[1755163038.258][INFO]: Waiting for pending navigations...
[1755163038.259][INFO]: Done waiting for pending navigations. Status: ok
[1755163038.270][INFO]: Waiting for pending navigations...
[1755163038.270][INFO]: Done waiting for pending navigations. Status: ok
[1755163038.270][INFO]: [9525ab14013b9f10aa0f81426611405e] RESPONSE GetElementText "2025-07-09"
[1755163038.272][INFO]: [9525ab14013b9f10aa0f81426611405e] COMMAND FindChildElements {
   "id": "f.495C356B0656AF67333FEFF3EE6D4D65.d.F9059DA95EF9E2AB62B058F1065C4DED.e.29",
   "using": "tag name",
   "value": "td"
}
[1755163038.272][INFO]: Waiting for pending navigations...
[1755163038.273][INFO]: Done waiting for pending navigations. Status: ok
[1755163038.282][INFO]: Waiting for pending navigations...
[1755163038.282][INFO]: Done waiting for pending navigations. Status: ok
[1755163038.282][INFO]: [9525ab14013b9f10aa0f81426611405e] RESPONSE FindChildElements [ {
   "element-6066-11e4-a52e-4f735466cecf": "f.495C356B0656AF67333FEFF3EE6D4D65.d.F9059DA95EF9E2AB62B058F1065C4DED.e.46"
}, {
   "element-6066-11e4-a52e-4f735466cecf": "f.495C356B0656AF67333FEFF3EE6D4D65.d.F9059DA95EF9E2AB62B058F1065C4DED.e.47"
}, {
   "element-6066-11e4-a52e-4f735466cecf": "f.495C356B0656AF67333FEFF3EE6D4D65.d.F9059DA95EF9E2AB62B058F1065C4DED.e.48"
}, {
   "element-6066-11e4-a52e-4f735466cecf": "f.495C356B0656AF67333FEFF3EE6D4D65.d.F9059DA95EF9E2AB62B058F1065C4DED.e.49"
} ]
[1755163038.284][INFO]: [9525ab14013b9f10aa0f81426611405e] COMMAND GetElementText {
   "id": "f.495C356B0656AF67333FEFF3EE6D4D65.d.F9059DA95EF9E2AB62B058F1065C4DED.e.46"
}
[1755163038.284][INFO]: Waiting for pending navigations...
[1755163038.284][INFO]: Done waiting for pending navigations. Status: ok
[1755163038.296][INFO]: Waiting for pending navigations...
[1755163038.297][INFO]: Done waiting for pending navigations. Status: ok
[1755163038.297][INFO]: [9525ab14013b9f10aa0f81426611405e] RESPONSE GetElementText "【天津】\n中国电信天津分公司2025年SAOP灰度能力扩容工程成交候选人公示"
[1755163038.298][INFO]: [9525ab14013b9f10aa0f81426611405e] COMMAND GetElementText {
   "id": "f.495C356B0656AF67333FEFF3EE6D4D65.d.F9059DA95EF9E2AB62B058F1065C4DED.e.46"
}
[1755163038.298][INFO]: Waiting for pending navigations...
[1755163038.299][INFO]: Done waiting for pending navigations. Status: ok
[1755163038.312][INFO]: Waiting for pending navigations...
[1755163038.313][INFO]: Done waiting for pending navigations. Status: ok
[1755163038.313][INFO]: [9525ab14013b9f10aa0f81426611405e] RESPONSE GetElementText "【天津】\n中国电信天津分公司2025年SAOP灰度能力扩容工程成交候选人公示"
[1755163038.315][INFO]: [9525ab14013b9f10aa0f81426611405e] COMMAND GetElementText {
   "id": "f.495C356B0656AF67333FEFF3EE6D4D65.d.F9059DA95EF9E2AB62B058F1065C4DED.e.47"
}
[1755163038.315][INFO]: Waiting for pending navigations...
[1755163038.316][INFO]: Done waiting for pending navigations. Status: ok
[1755163038.325][INFO]: Waiting for pending navigations...
[1755163038.326][INFO]: Done waiting for pending navigations. Status: ok
[1755163038.326][INFO]: [9525ab14013b9f10aa0f81426611405e] RESPONSE GetElementText "2025-07-10"
[1755163038.327][INFO]: [9525ab14013b9f10aa0f81426611405e] COMMAND GetElementText {
   "id": "f.495C356B0656AF67333FEFF3EE6D4D65.d.F9059DA95EF9E2AB62B058F1065C4DED.e.48"
}
[1755163038.327][INFO]: Waiting for pending navigations...
[1755163038.328][INFO]: Done waiting for pending navigations. Status: ok
[1755163038.337][INFO]: Waiting for pending navigations...
[1755163038.338][INFO]: Done waiting for pending navigations. Status: ok
[1755163038.338][INFO]: [9525ab14013b9f10aa0f81426611405e] RESPONSE GetElementText "2025-07-14"
[1755163038.340][INFO]: [9525ab14013b9f10aa0f81426611405e] COMMAND GetElementText {
   "id": "f.495C356B0656AF67333FEFF3EE6D4D65.d.F9059DA95EF9E2AB62B058F1065C4DED.e.49"
}
[1755163038.340][INFO]: Waiting for pending navigations...
[1755163038.341][INFO]: Done waiting for pending navigations. Status: ok
[1755163038.350][INFO]: Waiting for pending navigations...
[1755163038.351][INFO]: Done waiting for pending navigations. Status: ok
[1755163038.351][INFO]: [9525ab14013b9f10aa0f81426611405e] RESPONSE GetElementText "2025-07-09"
[1755163038.352][INFO]: [9525ab14013b9f10aa0f81426611405e] COMMAND FindElement {
   "using": "xpath",
   "value": "//button[contains(@class, 'btn-next')]"
}
[1755163038.352][INFO]: Waiting for pending navigations...
[1755163038.353][INFO]: Done waiting for pending navigations. Status: ok
[1755163038.360][INFO]: Waiting for pending navigations...
[1755163038.362][INFO]: Done waiting for pending navigations. Status: ok
[1755163038.362][INFO]: [9525ab14013b9f10aa0f81426611405e] RESPONSE FindElement {
   "element-6066-11e4-a52e-4f735466cecf": "f.495C356B0656AF67333FEFF3EE6D4D65.d.F9059DA95EF9E2AB62B058F1065C4DED.e.50"
}
[1755163038.363][INFO]: [9525ab14013b9f10aa0f81426611405e] COMMAND IsElementEnabled {
   "id": "f.495C356B0656AF67333FEFF3EE6D4D65.d.F9059DA95EF9E2AB62B058F1065C4DED.e.50"
}
[1755163038.363][INFO]: Waiting for pending navigations...
[1755163038.364][INFO]: Done waiting for pending navigations. Status: ok
[1755163038.372][INFO]: Waiting for pending navigations...
[1755163038.373][INFO]: Done waiting for pending navigations. Status: ok
[1755163038.373][INFO]: [9525ab14013b9f10aa0f81426611405e] RESPONSE IsElementEnabled true
[1755163038.375][INFO]: [9525ab14013b9f10aa0f81426611405e] COMMAND FindElement {
   "using": "xpath",
   "value": "//div[contains(@class, 'el-table__body-wrapper')]//tr[@class='el-table__row'][1]/td[1]"
}
[1755163038.375][INFO]: Waiting for pending navigations...
[1755163038.375][INFO]: Done waiting for pending navigations. Status: ok
[1755163038.384][INFO]: Waiting for pending navigations...
[1755163038.385][INFO]: Done waiting for pending navigations. Status: ok
[1755163038.385][INFO]: [9525ab14013b9f10aa0f81426611405e] RESPONSE FindElement {
   "element-6066-11e4-a52e-4f735466cecf": "f.495C356B0656AF67333FEFF3EE6D4D65.d.F9059DA95EF9E2AB62B058F1065C4DED.e.30"
}
[1755163038.386][INFO]: [9525ab14013b9f10aa0f81426611405e] COMMAND GetElementText {
   "id": "f.495C356B0656AF67333FEFF3EE6D4D65.d.F9059DA95EF9E2AB62B058F1065C4DED.e.30"
}
[1755163038.386][INFO]: Waiting for pending navigations...
[1755163038.387][INFO]: Done waiting for pending navigations. Status: ok
[1755163038.400][INFO]: Waiting for pending navigations...
[1755163038.400][INFO]: Done waiting for pending navigations. Status: ok
[1755163038.400][INFO]: [9525ab14013b9f10aa0f81426611405e] RESPONSE GetElementText "【天津】\n[2025年-2028年河东河西分公司河西万顺温泉花园室分用电协议]项目单一来源采购公示"
[1755163038.402][INFO]: [9525ab14013b9f10aa0f81426611405e] COMMAND ExecuteScript {
   "args": [ {
      "element-6066-11e4-a52e-4f735466cecf": "f.495C356B0656AF67333FEFF3EE6D4D65.d.F9059DA95EF9E2AB62B058F1065C4DED.e.50"
   } ],
   "script": "arguments[0].click();"
}
[1755163038.402][INFO]: Waiting for pending navigations...
[1755163038.403][INFO]: Done waiting for pending navigations. Status: ok
[1755163038.427][INFO]: Waiting for pending navigations...
[1755163038.431][INFO]: Done waiting for pending navigations. Status: ok
[1755163038.431][INFO]: [9525ab14013b9f10aa0f81426611405e] RESPONSE ExecuteScript null
[1755163038.434][INFO]: [9525ab14013b9f10aa0f81426611405e] COMMAND FindElement {
   "using": "xpath",
   "value": "//div[contains(@class, 'el-table__body-wrapper')]//tr[@class='el-table__row'][1]/td[1]"
}
[1755163038.434][INFO]: Waiting for pending navigations...
[1755163038.438][INFO]: Done waiting for pending navigations. Status: ok
[1755163038.448][INFO]: Waiting for pending navigations...
[1755163038.449][INFO]: Done waiting for pending navigations. Status: ok
[1755163038.449][INFO]: [9525ab14013b9f10aa0f81426611405e] RESPONSE FindElement {
   "element-6066-11e4-a52e-4f735466cecf": "f.495C356B0656AF67333FEFF3EE6D4D65.d.F9059DA95EF9E2AB62B058F1065C4DED.e.30"
}
[1755163038.451][INFO]: [9525ab14013b9f10aa0f81426611405e] COMMAND GetElementText {
   "id": "f.495C356B0656AF67333FEFF3EE6D4D65.d.F9059DA95EF9E2AB62B058F1065C4DED.e.30"
}
[1755163038.451][INFO]: Waiting for pending navigations...
[1755163038.452][INFO]: Done waiting for pending navigations. Status: ok
[1755163038.465][INFO]: Waiting for pending navigations...
[1755163038.466][INFO]: Done waiting for pending navigations. Status: ok
[1755163038.467][INFO]: [9525ab14013b9f10aa0f81426611405e] RESPONSE GetElementText "【天津】\n[2025年-2028年河东河西分公司河西万顺温泉花园室分用电协议]项目单一来源采购公示"
[1755163038.969][INFO]: [9525ab14013b9f10aa0f81426611405e] COMMAND FindElement {
   "using": "xpath",
   "value": "//div[contains(@class, 'el-table__body-wrapper')]//tr[@class='el-table__row'][1]/td[1]"
}
[1755163038.969][INFO]: Waiting for pending navigations...
[1755163038.970][INFO]: Done waiting for pending navigations. Status: ok
[1755163038.978][INFO]: Waiting for pending navigations...
[1755163038.979][INFO]: Done waiting for pending navigations. Status: ok
[1755163038.979][INFO]: [9525ab14013b9f10aa0f81426611405e] RESPONSE FindElement {
   "element-6066-11e4-a52e-4f735466cecf": "f.495C356B0656AF67333FEFF3EE6D4D65.d.F9059DA95EF9E2AB62B058F1065C4DED.e.30"
}
[1755163038.980][INFO]: [9525ab14013b9f10aa0f81426611405e] COMMAND GetElementText {
   "id": "f.495C356B0656AF67333FEFF3EE6D4D65.d.F9059DA95EF9E2AB62B058F1065C4DED.e.30"
}
[1755163038.980][INFO]: Waiting for pending navigations...
[1755163038.981][INFO]: Done waiting for pending navigations. Status: ok
[1755163038.991][INFO]: Waiting for pending navigations...
[1755163038.992][INFO]: Done waiting for pending navigations. Status: ok
[1755163038.992][INFO]: [9525ab14013b9f10aa0f81426611405e] RESPONSE GetElementText "【天津】\n关于[2025年北辰分公司天和雅园室分用电协议（续签）]单一来源采购公示"
[1755163038.993][INFO]: [9525ab14013b9f10aa0f81426611405e] COMMAND FindElement {
   "using": "css selector",
   "value": ".tableList"
}
[1755163038.993][INFO]: Waiting for pending navigations...
[1755163038.995][INFO]: Done waiting for pending navigations. Status: ok
[1755163039.002][INFO]: Waiting for pending navigations...
[1755163039.003][INFO]: Done waiting for pending navigations. Status: ok
[1755163039.003][INFO]: [9525ab14013b9f10aa0f81426611405e] RESPONSE FindElement {
   "element-6066-11e4-a52e-4f735466cecf": "f.495C356B0656AF67333FEFF3EE6D4D65.d.F9059DA95EF9E2AB62B058F1065C4DED.e.24"
}
[1755163039.004][INFO]: [9525ab14013b9f10aa0f81426611405e] COMMAND FindElements {
   "using": "xpath",
   "value": "//div[contains(@class, 'el-table__body-wrapper')]//tr[@class='el-table__row']"
}
[1755163039.004][INFO]: Waiting for pending navigations...
[1755163039.005][INFO]: Done waiting for pending navigations. Status: ok
[1755163039.012][INFO]: Waiting for pending navigations...
[1755163039.013][INFO]: Done waiting for pending navigations. Status: ok
[1755163039.013][INFO]: [9525ab14013b9f10aa0f81426611405e] RESPONSE FindElements [ {
   "element-6066-11e4-a52e-4f735466cecf": "f.495C356B0656AF67333FEFF3EE6D4D65.d.F9059DA95EF9E2AB62B058F1065C4DED.e.25"
} ]
[1755163039.014][INFO]: [9525ab14013b9f10aa0f81426611405e] COMMAND FindChildElements {
   "id": "f.495C356B0656AF67333FEFF3EE6D4D65.d.F9059DA95EF9E2AB62B058F1065C4DED.e.25",
   "using": "tag name",
   "value": "td"
}
[1755163039.014][INFO]: Waiting for pending navigations...
[1755163039.015][INFO]: Done waiting for pending navigations. Status: ok
[1755163039.023][INFO]: Waiting for pending navigations...
[1755163039.024][INFO]: Done waiting for pending navigations. Status: ok
[1755163039.024][INFO]: [9525ab14013b9f10aa0f81426611405e] RESPONSE FindChildElements [ {
   "element-6066-11e4-a52e-4f735466cecf": "f.495C356B0656AF67333FEFF3EE6D4D65.d.F9059DA95EF9E2AB62B058F1065C4DED.e.30"
}, {
   "element-6066-11e4-a52e-4f735466cecf": "f.495C356B0656AF67333FEFF3EE6D4D65.d.F9059DA95EF9E2AB62B058F1065C4DED.e.31"
}, {
   "element-6066-11e4-a52e-4f735466cecf": "f.495C356B0656AF67333FEFF3EE6D4D65.d.F9059DA95EF9E2AB62B058F1065C4DED.e.32"
}, {
   "element-6066-11e4-a52e-4f735466cecf": "f.495C356B0656AF67333FEFF3EE6D4D65.d.F9059DA95EF9E2AB62B058F1065C4DED.e.33"
} ]
[1755163039.025][INFO]: [9525ab14013b9f10aa0f81426611405e] COMMAND GetElementText {
   "id": "f.495C356B0656AF67333FEFF3EE6D4D65.d.F9059DA95EF9E2AB62B058F1065C4DED.e.30"
}
[1755163039.025][INFO]: Waiting for pending navigations...
[1755163039.026][INFO]: Done waiting for pending navigations. Status: ok
[1755163039.037][INFO]: Waiting for pending navigations...
[1755163039.037][INFO]: Done waiting for pending navigations. Status: ok
[1755163039.037][INFO]: [9525ab14013b9f10aa0f81426611405e] RESPONSE GetElementText "【天津】\n关于[2025年北辰分公司天和雅园室分用电协议（续签）]单一来源采购公示"
[1755163039.039][INFO]: [9525ab14013b9f10aa0f81426611405e] COMMAND GetElementText {
   "id": "f.495C356B0656AF67333FEFF3EE6D4D65.d.F9059DA95EF9E2AB62B058F1065C4DED.e.30"
}
[1755163039.039][INFO]: Waiting for pending navigations...
[1755163039.040][INFO]: Done waiting for pending navigations. Status: ok
[1755163039.049][INFO]: Waiting for pending navigations...
[1755163039.050][INFO]: Done waiting for pending navigations. Status: ok
[1755163039.050][INFO]: [9525ab14013b9f10aa0f81426611405e] RESPONSE GetElementText "【天津】\n关于[2025年北辰分公司天和雅园室分用电协议（续签）]单一来源采购公示"
[1755163039.051][INFO]: [9525ab14013b9f10aa0f81426611405e] COMMAND GetElementText {
   "id": "f.495C356B0656AF67333FEFF3EE6D4D65.d.F9059DA95EF9E2AB62B058F1065C4DED.e.31"
}
[1755163039.052][INFO]: Waiting for pending navigations...
[1755163039.052][INFO]: Done waiting for pending navigations. Status: ok
[1755163039.061][INFO]: Waiting for pending navigations...
[1755163039.062][INFO]: Done waiting for pending navigations. Status: ok
[1755163039.062][INFO]: [9525ab14013b9f10aa0f81426611405e] RESPONSE GetElementText "2025-07-08"
[1755163039.064][INFO]: [9525ab14013b9f10aa0f81426611405e] COMMAND GetElementText {
   "id": "f.495C356B0656AF67333FEFF3EE6D4D65.d.F9059DA95EF9E2AB62B058F1065C4DED.e.32"
}
[1755163039.064][INFO]: Waiting for pending navigations...
[1755163039.065][INFO]: Done waiting for pending navigations. Status: ok
[1755163039.073][INFO]: Waiting for pending navigations...
[1755163039.074][INFO]: Done waiting for pending navigations. Status: ok
[1755163039.074][INFO]: [9525ab14013b9f10aa0f81426611405e] RESPONSE GetElementText "2025-07-14"
[1755163039.075][INFO]: [9525ab14013b9f10aa0f81426611405e] COMMAND GetElementText {
   "id": "f.495C356B0656AF67333FEFF3EE6D4D65.d.F9059DA95EF9E2AB62B058F1065C4DED.e.33"
}
[1755163039.075][INFO]: Waiting for pending navigations...
[1755163039.076][INFO]: Done waiting for pending navigations. Status: ok
[1755163039.085][INFO]: Waiting for pending navigations...
[1755163039.086][INFO]: Done waiting for pending navigations. Status: ok
[1755163039.086][INFO]: [9525ab14013b9f10aa0f81426611405e] RESPONSE GetElementText "2025-07-09"
[1755163039.087][INFO]: [9525ab14013b9f10aa0f81426611405e] COMMAND FindElement {
   "using": "xpath",
   "value": "//button[contains(@class, 'btn-next')]"
}
[1755163039.087][INFO]: Waiting for pending navigations...
[1755163039.088][INFO]: Done waiting for pending navigations. Status: ok
[1755163039.096][INFO]: Waiting for pending navigations...
[1755163039.096][INFO]: Done waiting for pending navigations. Status: ok
[1755163039.096][INFO]: [9525ab14013b9f10aa0f81426611405e] RESPONSE FindElement {
   "element-6066-11e4-a52e-4f735466cecf": "f.495C356B0656AF67333FEFF3EE6D4D65.d.F9059DA95EF9E2AB62B058F1065C4DED.e.50"
}
[1755163039.098][INFO]: [9525ab14013b9f10aa0f81426611405e] COMMAND IsElementEnabled {
   "id": "f.495C356B0656AF67333FEFF3EE6D4D65.d.F9059DA95EF9E2AB62B058F1065C4DED.e.50"
}
[1755163039.098][INFO]: Waiting for pending navigations...
[1755163039.099][INFO]: Done waiting for pending navigations. Status: ok
[1755163039.105][INFO]: Waiting for pending navigations...
[1755163039.106][INFO]: Done waiting for pending navigations. Status: ok
[1755163039.106][INFO]: [9525ab14013b9f10aa0f81426611405e] RESPONSE IsElementEnabled false
[1755163039.127][INFO]: [9525ab14013b9f10aa0f81426611405e] COMMAND Quit {
}
[1755163039.220][INFO]: [9525ab14013b9f10aa0f81426611405e] RESPONSE Quit
